time,member,sales,delta
2026-08-08T02:00:28+08:00,VideoCall·COMPACT Ver.,22,
2026-08-08T02:00:39+08:00,VideoCall·COMPACT Ver.,22,0
2026-08-08T02:00:50+08:00,VideoCall·COMPACT Ver.,22,0
2026-08-08T02:01:01+08:00,VideoCall·COMPACT Ver.,22,0
2026-08-08T02:01:11+08:00,VideoCall·COMPACT Ver.,22,0
2026-08-08T02:01:22+08:00,VideoCall·COMPACT Ver.,22,0
2026-08-08T02:01:45+08:00,VideoCall·COMPACT Ver.,22,0
2026-08-08T02:01:55+08:00,VideoCall·COMPACT Ver.,22,0
2026-08-08T02:02:06+08:00,VideoCall·COMPACT Ver.,22,0
2026-08-08T02:02:17+08:00,VideoCall·COMPACT Ver.,22,0
2026-08-08T02:02:28+08:00,VideoCall·COMPACT Ver.,22,0
2026-08-08T02:02:39+08:00,VideoCall·COMPACT Ver.,22,0
2026-08-08T02:03:02+08:00,VideoCall·COMPACT Ver.,22,0
2026-08-08T02:03:12+08:00,VideoCall·COMPACT Ver.,22,0
2026-08-08T02:03:23+08:00,VideoCall·COMPACT Ver.,22,0
2026-08-08T02:03:34+08:00,VideoCall·COMPACT Ver.,22,0
2026-08-08T02:03:44+08:00,VideoCall·COMPACT Ver.,22,0
2026-08-08T02:03:55+08:00,VideoCall·COMPACT Ver.,22,0
2026-08-08T02:04:18+08:00,VideoCall·COMPACT Ver.,22,0
2026-08-08T02:04:28+08:00,VideoCall·COMPACT Ver.,22,0
2026-08-08T02:04:39+08:00,VideoCall·COMPACT Ver.,22,0
2026-08-08T02:04:50+08:00,VideoCall·COMPACT Ver.,22,0
2026-08-08T02:05:01+08:00,VideoCall·COMPACT Ver.,22,0
2026-08-08T02:05:12+08:00,VideoCall·COMPACT Ver.,22,0
2026-08-08T02:05:33+08:00,VideoCall·COMPACT Ver.,22,0
2026-08-08T02:05:44+08:00,VideoCall·COMPACT Ver.,22,0
2026-08-08T02:05:54+08:00,VideoCall·COMPACT Ver.,22,0
2026-08-08T02:06:05+08:00,VideoCall·COMPACT Ver.,22,0
2026-08-08T02:06:16+08:00,VideoCall·COMPACT Ver.,22,0
2026-08-08T02:06:27+08:00,VideoCall·COMPACT Ver.,22,0
2026-08-08T02:06:53+08:00,VideoCall·COMPACT Ver.,22,0
2026-08-08T02:07:03+08:00,VideoCall·COMPACT Ver.,22,0
2026-08-08T02:07:14+08:00,VideoCall·COMPACT Ver.,22,0
2026-08-08T02:07:25+08:00,VideoCall·COMPACT Ver.,22,0
2026-08-08T02:07:36+08:00,VideoCall·COMPACT Ver.,22,0
2026-08-08T02:07:47+08:00,VideoCall·COMPACT Ver.,22,0
2026-08-08T02:08:09+08:00,VideoCall·COMPACT Ver.,22,0
2026-08-08T02:08:20+08:00,VideoCall·COMPACT Ver.,22,0
2026-08-08T02:08:30+08:00,VideoCall·COMPACT Ver.,22,0
2026-08-08T02:08:41+08:00,VideoCall·COMPACT Ver.,22,0
2026-08-08T02:08:51+08:00,VideoCall·COMPACT Ver.,22,0
2026-08-08T02:09:02+08:00,VideoCall·COMPACT Ver.,22,0
2026-08-08T02:09:23+08:00,VideoCall·COMPACT Ver.,22,0
2026-08-08T02:09:34+08:00,VideoCall·COMPACT Ver.,22,0
2026-08-08T02:09:45+08:00,VideoCall·COMPACT Ver.,22,0
2026-08-08T02:09:56+08:00,VideoCall·COMPACT Ver.,22,0
2026-08-08T02:10:07+08:00,VideoCall·COMPACT Ver.,22,0
2026-08-08T02:10:18+08:00,VideoCall·COMPACT Ver.,22,0
2026-08-08T02:10:41+08:00,VideoCall·COMPACT Ver.,22,0
2026-08-08T02:10:52+08:00,VideoCall·COMPACT Ver.,22,0
2026-08-08T02:11:02+08:00,VideoCall·COMPACT Ver.,22,0
2026-08-08T02:11:13+08:00,VideoCall·COMPACT Ver.,22,0
2026-08-08T02:11:24+08:00,VideoCall·COMPACT Ver.,22,0
2026-08-08T02:11:35+08:00,VideoCall·COMPACT Ver.,22,0
2026-08-08T02:11:57+08:00,VideoCall·COMPACT Ver.,22,0
2026-08-08T02:12:08+08:00,VideoCall·COMPACT Ver.,22,0
2026-08-08T02:12:19+08:00,VideoCall·COMPACT Ver.,22,0
2026-08-08T02:12:30+08:00,VideoCall·COMPACT Ver.,22,0
2026-08-08T02:12:41+08:00,VideoCall·COMPACT Ver.,22,0
2026-08-08T02:12:52+08:00,VideoCall·COMPACT Ver.,22,0
2026-08-08T02:13:14+08:00,VideoCall·COMPACT Ver.,22,0
2026-08-08T02:13:25+08:00,VideoCall·COMPACT Ver.,22,0
2026-08-08T02:13:36+08:00,VideoCall·COMPACT Ver.,22,0
2026-08-08T02:13:47+08:00,VideoCall·COMPACT Ver.,22,0
2026-08-08T02:13:58+08:00,VideoCall·COMPACT Ver.,22,0
2026-08-08T02:14:09+08:00,VideoCall·COMPACT Ver.,22,0
2026-08-08T02:14:32+08:00,VideoCall·COMPACT Ver.,22,0
2026-08-08T02:14:42+08:00,VideoCall·COMPACT Ver.,22,0
2026-08-08T02:14:53+08:00,VideoCall·COMPACT Ver.,22,0
2026-08-08T02:15:04+08:00,VideoCall·COMPACT Ver.,22,0
2026-08-08T02:15:15+08:00,VideoCall·COMPACT Ver.,22,0
2026-08-08T02:15:26+08:00,VideoCall·COMPACT Ver.,22,0
2026-08-08T02:15:48+08:00,VideoCall·COMPACT Ver.,22,0
2026-08-08T02:15:59+08:00,VideoCall·COMPACT Ver.,22,0
2026-08-08T02:16:10+08:00,VideoCall·COMPACT Ver.,22,0
2026-08-08T02:16:20+08:00,VideoCall·COMPACT Ver.,22,0
2026-08-08T02:16:31+08:00,VideoCall·COMPACT Ver.,22,0
2026-08-08T02:16:42+08:00,VideoCall·COMPACT Ver.,22,0
2026-08-08T02:17:04+08:00,VideoCall·COMPACT Ver.,22,0
2026-08-08T02:17:15+08:00,VideoCall·COMPACT Ver.,22,0
2026-08-08T02:17:26+08:00,VideoCall·COMPACT Ver.,22,0
2026-08-08T02:17:37+08:00,VideoCall·COMPACT Ver.,22,0
2026-08-08T02:17:48+08:00,VideoCall·COMPACT Ver.,22,0
2026-08-08T02:17:58+08:00,VideoCall·COMPACT Ver.,22,0
2026-08-08T02:18:21+08:00,VideoCall·COMPACT Ver.,22,0
2026-08-08T02:18:32+08:00,VideoCall·COMPACT Ver.,22,0
2026-08-08T02:18:43+08:00,VideoCall·COMPACT Ver.,22,0
2026-08-08T02:18:53+08:00,VideoCall·COMPACT Ver.,22,0
2026-08-08T02:19:04+08:00,VideoCall·COMPACT Ver.,22,0
2026-08-08T02:19:15+08:00,VideoCall·COMPACT Ver.,22,0
2026-08-08T02:19:37+08:00,VideoCall·COMPACT Ver.,22,0
2026-08-08T02:19:48+08:00,VideoCall·COMPACT Ver.,22,0
2026-08-08T02:19:58+08:00,VideoCall·COMPACT Ver.,22,0
2026-08-08T02:20:09+08:00,VideoCall·COMPACT Ver.,22,0
2026-08-08T02:20:19+08:00,VideoCall·COMPACT Ver.,22,0
2026-08-08T02:20:30+08:00,VideoCall·COMPACT Ver.,22,0
2026-08-08T02:20:52+08:00,VideoCall·COMPACT Ver.,22,0
2026-08-08T02:21:03+08:00,VideoCall·COMPACT Ver.,22,0
2026-08-08T02:21:14+08:00,VideoCall·COMPACT Ver.,22,0
2026-08-08T02:21:25+08:00,VideoCall·COMPACT Ver.,22,0
2026-08-08T02:21:36+08:00,VideoCall·COMPACT Ver.,22,0
2026-08-08T02:21:47+08:00,VideoCall·COMPACT Ver.,22,0
2026-08-08T02:22:09+08:00,VideoCall·COMPACT Ver.,22,0
2026-08-08T02:22:19+08:00,VideoCall·COMPACT Ver.,22,0
2026-08-08T02:22:30+08:00,VideoCall·COMPACT Ver.,22,0
2026-08-08T02:22:41+08:00,VideoCall·COMPACT Ver.,22,0
2026-08-08T02:22:52+08:00,VideoCall·COMPACT Ver.,22,0
2026-08-08T02:23:03+08:00,VideoCall·COMPACT Ver.,22,0
2026-08-08T02:23:26+08:00,VideoCall·COMPACT Ver.,22,0
2026-08-08T02:23:36+08:00,VideoCall·COMPACT Ver.,22,0
2026-08-08T02:23:47+08:00,VideoCall·COMPACT Ver.,22,0
2026-08-08T02:23:58+08:00,VideoCall·COMPACT Ver.,22,0
2026-08-08T02:24:09+08:00,VideoCall·COMPACT Ver.,22,0
2026-08-08T02:24:20+08:00,VideoCall·COMPACT Ver.,22,0
2026-08-08T02:24:42+08:00,VideoCall·COMPACT Ver.,22,0
2026-08-08T02:24:53+08:00,VideoCall·COMPACT Ver.,22,0
2026-08-08T02:25:04+08:00,VideoCall·COMPACT Ver.,22,0
2026-08-08T02:25:32+08:00,VideoCall·COMPACT Ver.,22,0
2026-08-08T02:25:43+08:00,VideoCall·COMPACT Ver.,22,0
2026-08-08T02:25:53+08:00,VideoCall·COMPACT Ver.,22,0
2026-08-08T02:26:04+08:00,VideoCall·COMPACT Ver.,22,0
2026-08-08T02:26:14+08:00,VideoCall·COMPACT Ver.,22,0
2026-08-08T02:26:25+08:00,VideoCall·COMPACT Ver.,22,0
2026-08-08T02:26:35+08:00,VideoCall·COMPACT Ver.,22,0
2026-08-08T02:26:57+08:00,VideoCall·COMPACT Ver.,22,0
2026-08-08T02:27:07+08:00,VideoCall·COMPACT Ver.,22,0
2026-08-08T02:27:18+08:00,VideoCall·COMPACT Ver.,22,0
2026-08-08T02:27:28+08:00,VideoCall·COMPACT Ver.,22,0
2026-08-08T02:27:38+08:00,VideoCall·COMPACT Ver.,22,0
2026-08-08T02:27:49+08:00,VideoCall·COMPACT Ver.,22,0
2026-08-08T02:28:12+08:00,VideoCall·COMPACT Ver.,22,0
2026-08-08T02:28:22+08:00,VideoCall·COMPACT Ver.,22,0
2026-08-08T02:28:33+08:00,VideoCall·COMPACT Ver.,22,0
2026-08-08T02:28:43+08:00,VideoCall·COMPACT Ver.,22,0
2026-08-08T02:28:53+08:00,VideoCall·COMPACT Ver.,22,0
2026-08-08T02:29:04+08:00,VideoCall·COMPACT Ver.,22,0
2026-08-08T02:29:26+08:00,VideoCall·COMPACT Ver.,22,0
2026-08-08T02:29:36+08:00,VideoCall·COMPACT Ver.,22,0
2026-08-08T02:29:46+08:00,VideoCall·COMPACT Ver.,22,0
2026-08-08T02:29:57+08:00,VideoCall·COMPACT Ver.,22,0
2026-08-08T02:30:08+08:00,VideoCall·COMPACT Ver.,22,0
2026-08-08T02:30:18+08:00,VideoCall·COMPACT Ver.,22,0
2026-08-08T02:31:29+08:00,VideoCall·COMPACT Ver.,22,0
2026-08-08T02:31:41+08:00,VideoCall·COMPACT Ver.,22,0
2026-08-08T02:31:51+08:00,VideoCall·COMPACT Ver.,22,0
2026-08-08T02:32:03+08:00,VideoCall·COMPACT Ver.,22,0
2026-08-08T02:32:14+08:00,VideoCall·COMPACT Ver.,22,0
2026-08-08T02:32:24+08:00,VideoCall·COMPACT Ver.,22,0
2026-08-08T02:32:35+08:00,VideoCall·COMPACT Ver.,22,0
2026-08-08T02:32:59+08:00,VideoCall·COMPACT Ver.,22,0
2026-08-08T02:33:10+08:00,VideoCall·COMPACT Ver.,22,0
2026-08-08T02:33:21+08:00,VideoCall·COMPACT Ver.,22,0
2026-08-08T02:33:32+08:00,VideoCall·COMPACT Ver.,22,0
2026-08-08T02:33:42+08:00,VideoCall·COMPACT Ver.,22,0
2026-08-08T02:33:53+08:00,VideoCall·COMPACT Ver.,22,0
2026-08-08T02:34:17+08:00,VideoCall·COMPACT Ver.,22,0
2026-08-08T02:34:28+08:00,VideoCall·COMPACT Ver.,22,0
2026-08-08T02:34:38+08:00,VideoCall·COMPACT Ver.,22,0
2026-08-08T02:34:49+08:00,VideoCall·COMPACT Ver.,22,0
2026-08-08T02:35:00+08:00,VideoCall·COMPACT Ver.,22,0
2026-08-08T02:35:11+08:00,VideoCall·COMPACT Ver.,22,0
2026-08-08T02:35:35+08:00,VideoCall·COMPACT Ver.,22,0
2026-08-08T02:35:46+08:00,VideoCall·COMPACT Ver.,22,0
2026-08-08T02:35:57+08:00,VideoCall·COMPACT Ver.,22,0
2026-08-08T02:36:08+08:00,VideoCall·COMPACT Ver.,22,0
2026-08-08T02:36:19+08:00,VideoCall·COMPACT Ver.,22,0
2026-08-08T02:36:30+08:00,VideoCall·COMPACT Ver.,22,0
2026-08-08T02:36:56+08:00,VideoCall·COMPACT Ver.,22,0
2026-08-08T02:37:07+08:00,VideoCall·COMPACT Ver.,22,0
2026-08-08T02:37:17+08:00,VideoCall·COMPACT Ver.,22,0
2026-08-08T02:37:29+08:00,VideoCall·COMPACT Ver.,22,0
2026-08-08T02:37:40+08:00,VideoCall·COMPACT Ver.,22,0
2026-08-08T02:37:50+08:00,VideoCall·COMPACT Ver.,22,0
2026-08-08T02:38:15+08:00,VideoCall·COMPACT Ver.,22,0
2026-08-08T02:38:26+08:00,VideoCall·COMPACT Ver.,22,0
2026-08-08T02:38:38+08:00,VideoCall·COMPACT Ver.,22,0
2026-08-08T02:38:49+08:00,VideoCall·COMPACT Ver.,22,0
2026-08-08T02:39:00+08:00,VideoCall·COMPACT Ver.,22,0
2026-08-08T02:39:11+08:00,VideoCall·COMPACT Ver.,22,0
2026-08-08T02:39:34+08:00,VideoCall·COMPACT Ver.,22,0
2026-08-08T02:39:46+08:00,VideoCall·COMPACT Ver.,22,0
2026-08-08T02:39:57+08:00,VideoCall·COMPACT Ver.,22,0
2026-08-08T02:40:08+08:00,VideoCall·COMPACT Ver.,22,0
2026-08-08T02:40:19+08:00,VideoCall·COMPACT Ver.,22,0
2026-08-08T02:40:48+08:00,VideoCall·COMPACT Ver.,22,0
2026-08-08T02:40:59+08:00,VideoCall·COMPACT Ver.,22,0
2026-08-08T02:41:10+08:00,VideoCall·COMPACT Ver.,22,0
2026-08-08T02:41:21+08:00,VideoCall·COMPACT Ver.,22,0
2026-08-08T02:41:32+08:00,VideoCall·COMPACT Ver.,22,0
2026-08-08T02:41:43+08:00,VideoCall·COMPACT Ver.,22,0
2026-08-08T02:42:09+08:00,VideoCall·COMPACT Ver.,22,0
2026-08-08T02:42:20+08:00,VideoCall·COMPACT Ver.,22,0
2026-08-08T02:42:31+08:00,VideoCall·COMPACT Ver.,22,0
2026-08-08T02:42:42+08:00,VideoCall·COMPACT Ver.,22,0
2026-08-08T02:42:53+08:00,VideoCall·COMPACT Ver.,22,0
2026-08-08T02:43:04+08:00,VideoCall·COMPACT Ver.,22,0
2026-08-08T02:43:28+08:00,VideoCall·COMPACT Ver.,22,0
2026-08-08T02:43:38+08:00,VideoCall·COMPACT Ver.,22,0
2026-08-08T02:43:49+08:00,VideoCall·COMPACT Ver.,22,0
2026-08-08T02:44:01+08:00,VideoCall·COMPACT Ver.,22,0
2026-08-08T02:44:12+08:00,VideoCall·COMPACT Ver.,22,0
2026-08-08T02:44:23+08:00,VideoCall·COMPACT Ver.,22,0
2026-08-08T02:44:47+08:00,VideoCall·COMPACT Ver.,22,0
2026-08-08T02:44:58+08:00,VideoCall·COMPACT Ver.,22,0
2026-08-08T02:45:08+08:00,VideoCall·COMPACT Ver.,22,0
2026-08-08T02:45:19+08:00,VideoCall·COMPACT Ver.,22,0
2026-08-08T02:45:30+08:00,VideoCall·COMPACT Ver.,22,0
2026-08-08T02:45:41+08:00,VideoCall·COMPACT Ver.,22,0
2026-08-08T02:46:05+08:00,VideoCall·COMPACT Ver.,22,0
2026-08-08T02:46:16+08:00,VideoCall·COMPACT Ver.,22,0
2026-08-08T02:46:27+08:00,VideoCall·COMPACT Ver.,22,0
2026-08-08T02:46:38+08:00,VideoCall·COMPACT Ver.,22,0
2026-08-08T02:46:50+08:00,VideoCall·COMPACT Ver.,22,0
2026-08-08T02:47:01+08:00,VideoCall·COMPACT Ver.,22,0
2026-08-08T02:47:25+08:00,VideoCall·COMPACT Ver.,22,0
2026-08-08T02:47:36+08:00,VideoCall·COMPACT Ver.,22,0
2026-08-08T02:47:47+08:00,VideoCall·COMPACT Ver.,22,0
2026-08-08T02:47:58+08:00,VideoCall·COMPACT Ver.,22,0
2026-08-08T02:48:09+08:00,VideoCall·COMPACT Ver.,22,0
2026-08-08T02:48:20+08:00,VideoCall·COMPACT Ver.,22,0
2026-08-08T02:48:45+08:00,VideoCall·COMPACT Ver.,22,0
2026-08-08T02:48:56+08:00,VideoCall·COMPACT Ver.,22,0
2026-08-08T02:49:07+08:00,VideoCall·COMPACT Ver.,22,0
2026-08-08T02:49:18+08:00,VideoCall·COMPACT Ver.,22,0
2026-08-08T02:49:29+08:00,VideoCall·COMPACT Ver.,22,0
2026-08-08T02:49:40+08:00,VideoCall·COMPACT Ver.,22,0
2026-08-08T02:50:05+08:00,VideoCall·COMPACT Ver.,22,0
2026-08-08T02:50:16+08:00,VideoCall·COMPACT Ver.,22,0
2026-08-08T02:50:27+08:00,VideoCall·COMPACT Ver.,22,0
2026-08-08T02:50:38+08:00,VideoCall·COMPACT Ver.,22,0
2026-08-08T02:50:49+08:00,VideoCall·COMPACT Ver.,22,0
2026-08-08T02:51:00+08:00,VideoCall·COMPACT Ver.,22,0
2026-08-08T02:51:24+08:00,VideoCall·COMPACT Ver.,22,0
2026-08-08T02:51:35+08:00,VideoCall·COMPACT Ver.,22,0
2026-08-08T02:51:46+08:00,VideoCall·COMPACT Ver.,22,0
2026-08-08T02:51:57+08:00,VideoCall·COMPACT Ver.,22,0
2026-08-08T02:52:08+08:00,VideoCall·COMPACT Ver.,22,0
2026-08-08T02:52:19+08:00,VideoCall·COMPACT Ver.,22,0
2026-08-08T02:52:43+08:00,VideoCall·COMPACT Ver.,22,0
2026-08-08T02:52:55+08:00,VideoCall·COMPACT Ver.,22,0
2026-08-08T02:53:05+08:00,VideoCall·COMPACT Ver.,22,0
2026-08-08T02:53:16+08:00,VideoCall·COMPACT Ver.,22,0
2026-08-08T02:53:26+08:00,VideoCall·COMPACT Ver.,22,0
2026-08-08T02:53:37+08:00,VideoCall·COMPACT Ver.,22,0
2026-08-08T02:54:03+08:00,VideoCall·COMPACT Ver.,22,0
2026-08-08T02:54:14+08:00,VideoCall·COMPACT Ver.,22,0
2026-08-08T02:54:25+08:00,VideoCall·COMPACT Ver.,22,0
2026-08-08T02:54:36+08:00,VideoCall·COMPACT Ver.,22,0
2026-08-08T02:54:46+08:00,VideoCall·COMPACT Ver.,22,0
2026-08-08T02:54:57+08:00,VideoCall·COMPACT Ver.,22,0
2026-08-08T02:55:21+08:00,VideoCall·COMPACT Ver.,22,0
2026-08-08T02:55:32+08:00,VideoCall·COMPACT Ver.,22,0
2026-08-08T02:55:43+08:00,VideoCall·COMPACT Ver.,22,0
2026-08-08T02:55:55+08:00,VideoCall·COMPACT Ver.,22,0
2026-08-08T02:56:05+08:00,VideoCall·COMPACT Ver.,22,0
2026-08-08T02:56:16+08:00,VideoCall·COMPACT Ver.,22,0
2026-08-08T02:56:40+08:00,VideoCall·COMPACT Ver.,22,0
2026-08-08T02:56:51+08:00,VideoCall·COMPACT Ver.,22,0
2026-08-08T02:57:02+08:00,VideoCall·COMPACT Ver.,22,0
2026-08-08T02:57:12+08:00,VideoCall·COMPACT Ver.,22,0
2026-08-08T02:57:23+08:00,VideoCall·COMPACT Ver.,22,0
2026-08-08T02:57:34+08:00,VideoCall·COMPACT Ver.,22,0
2026-08-08T02:57:58+08:00,VideoCall·COMPACT Ver.,22,0
2026-08-08T02:58:09+08:00,VideoCall·COMPACT Ver.,22,0
2026-08-08T02:58:20+08:00,VideoCall·COMPACT Ver.,22,0
2026-08-08T02:58:31+08:00,VideoCall·COMPACT Ver.,22,0
2026-08-08T02:58:42+08:00,VideoCall·COMPACT Ver.,22,0
2026-08-08T02:58:53+08:00,VideoCall·COMPACT Ver.,22,0
2026-08-08T02:59:16+08:00,VideoCall·COMPACT Ver.,22,0
2026-08-08T02:59:27+08:00,VideoCall·COMPACT Ver.,22,0
2026-08-08T02:59:38+08:00,VideoCall·COMPACT Ver.,22,0
2026-08-08T02:59:48+08:00,VideoCall·COMPACT Ver.,22,0
2026-08-08T02:59:59+08:00,VideoCall·COMPACT Ver.,22,0
2026-08-08T03:00:10+08:00,VideoCall·COMPACT Ver.,22,0
2026-08-08T03:00:34+08:00,VideoCall·COMPACT Ver.,22,0
2026-08-08T03:00:45+08:00,VideoCall·COMPACT Ver.,22,0
2026-08-08T03:00:56+08:00,VideoCall·COMPACT Ver.,22,0
2026-08-08T03:01:07+08:00,VideoCall·COMPACT Ver.,22,0
2026-08-08T03:01:18+08:00,VideoCall·COMPACT Ver.,22,0
2026-08-08T03:01:29+08:00,VideoCall·COMPACT Ver.,22,0
2026-08-08T03:01:54+08:00,VideoCall·COMPACT Ver.,22,0
2026-08-08T03:02:05+08:00,VideoCall·COMPACT Ver.,22,0
2026-08-08T03:02:16+08:00,VideoCall·COMPACT Ver.,22,0
2026-08-08T03:02:27+08:00,VideoCall·COMPACT Ver.,22,0
2026-08-08T03:02:38+08:00,VideoCall·COMPACT Ver.,22,0
2026-08-08T03:02:48+08:00,VideoCall·COMPACT Ver.,22,0
2026-08-08T03:03:14+08:00,VideoCall·COMPACT Ver.,22,0
2026-08-08T03:03:25+08:00,VideoCall·COMPACT Ver.,22,0
2026-08-08T03:03:36+08:00,VideoCall·COMPACT Ver.,22,0
2026-08-08T03:03:47+08:00,VideoCall·COMPACT Ver.,22,0
2026-08-08T03:03:58+08:00,VideoCall·COMPACT Ver.,22,0
2026-08-08T03:04:09+08:00,VideoCall·COMPACT Ver.,22,0
2026-08-08T03:04:34+08:00,VideoCall·COMPACT Ver.,22,0
2026-08-08T03:04:45+08:00,VideoCall·COMPACT Ver.,22,0
2026-08-08T03:04:56+08:00,VideoCall·COMPACT Ver.,22,0
2026-08-08T03:05:07+08:00,VideoCall·COMPACT Ver.,22,0
2026-08-08T03:05:18+08:00,VideoCall·COMPACT Ver.,22,0
2026-08-08T03:05:29+08:00,VideoCall·COMPACT Ver.,22,0
2026-08-08T03:05:54+08:00,VideoCall·COMPACT Ver.,22,0
2026-08-08T03:06:05+08:00,VideoCall·COMPACT Ver.,22,0
2026-08-08T03:06:16+08:00,VideoCall·COMPACT Ver.,22,0
2026-08-08T03:06:27+08:00,VideoCall·COMPACT Ver.,22,0
2026-08-08T03:06:37+08:00,VideoCall·COMPACT Ver.,22,0
2026-08-08T03:06:48+08:00,VideoCall·COMPACT Ver.,22,0
2026-08-08T03:07:13+08:00,VideoCall·COMPACT Ver.,22,0
2026-08-08T03:07:25+08:00,VideoCall·COMPACT Ver.,22,0
2026-08-08T03:07:36+08:00,VideoCall·COMPACT Ver.,22,0
2026-08-08T03:07:46+08:00,VideoCall·COMPACT Ver.,22,0
2026-08-08T03:07:57+08:00,VideoCall·COMPACT Ver.,22,0
2026-08-08T03:08:08+08:00,VideoCall·COMPACT Ver.,22,0
2026-08-08T03:08:32+08:00,VideoCall·COMPACT Ver.,22,0
2026-08-08T03:08:43+08:00,VideoCall·COMPACT Ver.,22,0
2026-08-08T03:08:54+08:00,VideoCall·COMPACT Ver.,22,0
2026-08-08T03:09:05+08:00,VideoCall·COMPACT Ver.,22,0
2026-08-08T03:09:16+08:00,VideoCall·COMPACT Ver.,22,0
2026-08-08T03:09:27+08:00,VideoCall·COMPACT Ver.,22,0
2026-08-08T03:09:51+08:00,VideoCall·COMPACT Ver.,22,0
2026-08-08T03:10:02+08:00,VideoCall·COMPACT Ver.,22,0
2026-08-08T03:10:13+08:00,VideoCall·COMPACT Ver.,22,0
2026-08-08T03:10:24+08:00,VideoCall·COMPACT Ver.,22,0
2026-08-08T03:10:35+08:00,VideoCall·COMPACT Ver.,22,0
2026-08-08T03:10:46+08:00,VideoCall·COMPACT Ver.,22,0
2026-08-08T03:11:10+08:00,VideoCall·COMPACT Ver.,22,0
2026-08-08T03:11:22+08:00,VideoCall·COMPACT Ver.,22,0
2026-08-08T03:11:33+08:00,VideoCall·COMPACT Ver.,22,0
2026-08-08T03:11:44+08:00,VideoCall·COMPACT Ver.,22,0
2026-08-08T03:11:54+08:00,VideoCall·COMPACT Ver.,22,0
2026-08-08T03:12:05+08:00,VideoCall·COMPACT Ver.,22,0
2026-08-08T03:12:28+08:00,VideoCall·COMPACT Ver.,22,0
2026-08-08T03:12:40+08:00,VideoCall·COMPACT Ver.,22,0
2026-08-08T03:12:50+08:00,VideoCall·COMPACT Ver.,22,0
2026-08-08T03:13:01+08:00,VideoCall·COMPACT Ver.,22,0
2026-08-08T03:13:11+08:00,VideoCall·COMPACT Ver.,22,0
2026-08-08T03:13:22+08:00,VideoCall·COMPACT Ver.,22,0
2026-08-08T03:13:46+08:00,VideoCall·COMPACT Ver.,22,0
2026-08-08T03:13:57+08:00,VideoCall·COMPACT Ver.,22,0
2026-08-08T03:14:08+08:00,VideoCall·COMPACT Ver.,22,0
2026-08-08T03:14:19+08:00,VideoCall·COMPACT Ver.,22,0
2026-08-08T03:14:30+08:00,VideoCall·COMPACT Ver.,22,0
2026-08-08T03:14:41+08:00,VideoCall·COMPACT Ver.,22,0
2026-08-08T03:15:05+08:00,VideoCall·COMPACT Ver.,22,0
2026-08-08T03:15:16+08:00,VideoCall·COMPACT Ver.,22,0
2026-08-08T03:15:27+08:00,VideoCall·COMPACT Ver.,22,0
2026-08-08T03:15:38+08:00,VideoCall·COMPACT Ver.,22,0
2026-08-08T03:15:49+08:00,VideoCall·COMPACT Ver.,22,0
2026-08-08T03:16:18+08:00,VideoCall·COMPACT Ver.,22,0
2026-08-08T03:16:28+08:00,VideoCall·COMPACT Ver.,22,0
2026-08-08T03:16:39+08:00,VideoCall·COMPACT Ver.,22,0
2026-08-08T03:16:50+08:00,VideoCall·COMPACT Ver.,22,0
2026-08-08T03:17:01+08:00,VideoCall·COMPACT Ver.,22,0
2026-08-08T03:17:12+08:00,VideoCall·COMPACT Ver.,22,0
2026-08-08T03:17:36+08:00,VideoCall·COMPACT Ver.,22,0
2026-08-08T03:17:46+08:00,VideoCall·COMPACT Ver.,22,0
2026-08-08T03:17:57+08:00,VideoCall·COMPACT Ver.,22,0
2026-08-08T03:18:08+08:00,VideoCall·COMPACT Ver.,22,0
2026-08-08T03:18:19+08:00,VideoCall·COMPACT Ver.,22,0
2026-08-08T03:18:29+08:00,VideoCall·COMPACT Ver.,22,0
2026-08-08T03:18:54+08:00,VideoCall·COMPACT Ver.,22,0
2026-08-08T03:19:05+08:00,VideoCall·COMPACT Ver.,22,0
2026-08-08T03:19:16+08:00,VideoCall·COMPACT Ver.,22,0
2026-08-08T03:19:27+08:00,VideoCall·COMPACT Ver.,22,0
2026-08-08T03:19:38+08:00,VideoCall·COMPACT Ver.,22,0
2026-08-08T03:19:49+08:00,VideoCall·COMPACT Ver.,22,0
2026-08-08T03:20:13+08:00,VideoCall·COMPACT Ver.,22,0
2026-08-08T03:20:23+08:00,VideoCall·COMPACT Ver.,22,0
2026-08-08T03:20:34+08:00,VideoCall·COMPACT Ver.,22,0
2026-08-08T03:20:45+08:00,VideoCall·COMPACT Ver.,22,0
2026-08-08T03:20:56+08:00,VideoCall·COMPACT Ver.,22,0
2026-08-08T03:21:08+08:00,VideoCall·COMPACT Ver.,22,0
2026-08-08T03:21:49+08:00,VideoCall·COMPACT Ver.,22,0
2026-08-08T03:22:01+08:00,VideoCall·COMPACT Ver.,22,0
2026-08-08T03:22:11+08:00,VideoCall·COMPACT Ver.,22,0
2026-08-08T03:22:22+08:00,VideoCall·COMPACT Ver.,22,0
2026-08-08T03:22:33+08:00,VideoCall·COMPACT Ver.,22,0
2026-08-08T03:22:43+08:00,VideoCall·COMPACT Ver.,22,0
2026-08-08T03:22:54+08:00,VideoCall·COMPACT Ver.,22,0
2026-08-08T03:23:17+08:00,VideoCall·COMPACT Ver.,22,0
2026-08-08T03:23:28+08:00,VideoCall·COMPACT Ver.,22,0
2026-08-08T03:23:39+08:00,VideoCall·COMPACT Ver.,22,0
2026-08-08T03:23:49+08:00,VideoCall·COMPACT Ver.,22,0
2026-08-08T03:24:00+08:00,VideoCall·COMPACT Ver.,22,0
2026-08-08T03:24:11+08:00,VideoCall·COMPACT Ver.,22,0
2026-08-08T03:24:33+08:00,VideoCall·COMPACT Ver.,22,0
2026-08-08T03:24:44+08:00,VideoCall·COMPACT Ver.,22,0
2026-08-08T03:24:54+08:00,VideoCall·COMPACT Ver.,22,0
2026-08-08T03:25:05+08:00,VideoCall·COMPACT Ver.,22,0
2026-08-08T03:25:16+08:00,VideoCall·COMPACT Ver.,22,0
2026-08-08T03:25:26+08:00,VideoCall·COMPACT Ver.,22,0
2026-08-08T03:25:49+08:00,VideoCall·COMPACT Ver.,22,0
2026-08-08T03:26:00+08:00,VideoCall·COMPACT Ver.,22,0
2026-08-08T03:26:10+08:00,VideoCall·COMPACT Ver.,22,0
2026-08-08T03:26:20+08:00,VideoCall·COMPACT Ver.,22,0
2026-08-08T03:26:31+08:00,VideoCall·COMPACT Ver.,22,0
2026-08-08T03:26:42+08:00,VideoCall·COMPACT Ver.,22,0
2026-08-08T03:27:04+08:00,VideoCall·COMPACT Ver.,22,0
2026-08-08T03:27:14+08:00,VideoCall·COMPACT Ver.,22,0
2026-08-08T03:27:25+08:00,VideoCall·COMPACT Ver.,22,0
2026-08-08T03:27:36+08:00,VideoCall·COMPACT Ver.,22,0
2026-08-08T03:27:47+08:00,VideoCall·COMPACT Ver.,22,0
2026-08-08T03:27:57+08:00,VideoCall·COMPACT Ver.,22,0
2026-08-08T03:28:19+08:00,VideoCall·COMPACT Ver.,22,0
2026-08-08T03:28:30+08:00,VideoCall·COMPACT Ver.,22,0
2026-08-08T03:28:40+08:00,VideoCall·COMPACT Ver.,22,0
2026-08-08T03:28:51+08:00,VideoCall·COMPACT Ver.,22,0
2026-08-08T03:29:02+08:00,VideoCall·COMPACT Ver.,22,0
2026-08-08T03:29:12+08:00,VideoCall·COMPACT Ver.,22,0
2026-08-08T03:29:34+08:00,VideoCall·COMPACT Ver.,22,0
2026-08-08T03:29:45+08:00,VideoCall·COMPACT Ver.,22,0
2026-08-08T03:29:56+08:00,VideoCall·COMPACT Ver.,22,0
2026-08-08T03:30:06+08:00,VideoCall·COMPACT Ver.,22,0
2026-08-08T03:30:17+08:00,VideoCall·COMPACT Ver.,22,0
2026-08-08T03:30:28+08:00,VideoCall·COMPACT Ver.,22,0
2026-08-08T03:30:51+08:00,VideoCall·COMPACT Ver.,22,0
2026-08-08T03:31:02+08:00,VideoCall·COMPACT Ver.,22,0
2026-08-08T03:31:12+08:00,VideoCall·COMPACT Ver.,22,0
2026-08-08T03:31:23+08:00,VideoCall·COMPACT Ver.,22,0
2026-08-08T03:31:33+08:00,VideoCall·COMPACT Ver.,22,0
2026-08-08T03:31:44+08:00,VideoCall·COMPACT Ver.,22,0
2026-08-08T03:32:06+08:00,VideoCall·COMPACT Ver.,22,0
2026-08-08T03:32:16+08:00,VideoCall·COMPACT Ver.,22,0
2026-08-08T03:32:27+08:00,VideoCall·COMPACT Ver.,22,0
2026-08-08T03:32:37+08:00,VideoCall·COMPACT Ver.,22,0
2026-08-08T03:32:48+08:00,VideoCall·COMPACT Ver.,22,0
2026-08-08T03:32:58+08:00,VideoCall·COMPACT Ver.,22,0
2026-08-08T03:33:21+08:00,VideoCall·COMPACT Ver.,22,0
2026-08-08T03:33:31+08:00,VideoCall·COMPACT Ver.,22,0
2026-08-08T03:33:42+08:00,VideoCall·COMPACT Ver.,22,0
2026-08-08T03:33:53+08:00,VideoCall·COMPACT Ver.,22,0
2026-08-08T03:34:03+08:00,VideoCall·COMPACT Ver.,22,0
2026-08-08T03:34:14+08:00,VideoCall·COMPACT Ver.,22,0
2026-08-08T03:34:35+08:00,VideoCall·COMPACT Ver.,22,0
2026-08-08T03:34:46+08:00,VideoCall·COMPACT Ver.,22,0
2026-08-08T03:34:56+08:00,VideoCall·COMPACT Ver.,22,0
2026-08-08T03:35:07+08:00,VideoCall·COMPACT Ver.,22,0
2026-08-08T03:35:17+08:00,VideoCall·COMPACT Ver.,22,0
2026-08-08T03:35:27+08:00,VideoCall·COMPACT Ver.,22,0
2026-08-08T03:35:50+08:00,VideoCall·COMPACT Ver.,22,0
2026-08-08T03:36:01+08:00,VideoCall·COMPACT Ver.,22,0
2026-08-08T03:36:11+08:00,VideoCall·COMPACT Ver.,22,0
2026-08-08T03:36:21+08:00,VideoCall·COMPACT Ver.,22,0
2026-08-08T03:36:32+08:00,VideoCall·COMPACT Ver.,22,0
2026-08-08T03:36:42+08:00,VideoCall·COMPACT Ver.,22,0
2026-08-08T03:37:04+08:00,VideoCall·COMPACT Ver.,22,0
2026-08-08T03:37:15+08:00,VideoCall·COMPACT Ver.,22,0
2026-08-08T03:37:25+08:00,VideoCall·COMPACT Ver.,22,0
2026-08-08T03:37:36+08:00,VideoCall·COMPACT Ver.,22,0
2026-08-08T03:37:47+08:00,VideoCall·COMPACT Ver.,22,0
2026-08-08T03:37:58+08:00,VideoCall·COMPACT Ver.,22,0
2026-08-08T03:38:21+08:00,VideoCall·COMPACT Ver.,22,0
2026-08-08T03:38:31+08:00,VideoCall·COMPACT Ver.,22,0
2026-08-08T03:38:42+08:00,VideoCall·COMPACT Ver.,22,0
2026-08-08T03:38:52+08:00,VideoCall·COMPACT Ver.,22,0
2026-08-08T03:39:03+08:00,VideoCall·COMPACT Ver.,22,0
2026-08-08T03:39:13+08:00,VideoCall·COMPACT Ver.,22,0
2026-08-08T04:23:28+08:00,VideoCall·COMPACT Ver.,22,0
2026-08-08T04:23:39+08:00,VideoCall·COMPACT Ver.,22,0
2026-08-08T04:23:50+08:00,VideoCall·COMPACT Ver.,22,0
2026-08-08T04:24:01+08:00,VideoCall·COMPACT Ver.,22,0
2026-08-08T04:24:11+08:00,VideoCall·COMPACT Ver.,22,0
2026-08-08T04:24:22+08:00,VideoCall·COMPACT Ver.,22,0
2026-08-08T04:24:33+08:00,VideoCall·COMPACT Ver.,22,0
2026-08-08T04:24:54+08:00,VideoCall·COMPACT Ver.,22,0
2026-08-08T04:25:05+08:00,VideoCall·COMPACT Ver.,22,0
2026-08-08T04:25:16+08:00,VideoCall·COMPACT Ver.,22,0
2026-08-08T04:25:27+08:00,VideoCall·COMPACT Ver.,22,0
2026-08-08T04:25:37+08:00,VideoCall·COMPACT Ver.,22,0
2026-08-08T04:25:47+08:00,VideoCall·COMPACT Ver.,22,0
2026-08-08T04:26:09+08:00,VideoCall·COMPACT Ver.,22,0
2026-08-08T04:26:20+08:00,VideoCall·COMPACT Ver.,22,0
2026-08-08T04:26:30+08:00,VideoCall·COMPACT Ver.,22,0
2026-08-08T04:26:41+08:00,VideoCall·COMPACT Ver.,22,0
2026-08-08T04:26:52+08:00,VideoCall·COMPACT Ver.,22,0
2026-08-08T04:27:03+08:00,VideoCall·COMPACT Ver.,22,0
2026-08-08T04:27:25+08:00,VideoCall·COMPACT Ver.,22,0
2026-08-08T04:27:35+08:00,VideoCall·COMPACT Ver.,22,0
2026-08-08T04:27:46+08:00,VideoCall·COMPACT Ver.,22,0
2026-08-08T04:27:57+08:00,VideoCall·COMPACT Ver.,22,0
2026-08-08T04:28:07+08:00,VideoCall·COMPACT Ver.,22,0
2026-08-08T04:28:18+08:00,VideoCall·COMPACT Ver.,22,0
2026-08-08T04:28:40+08:00,VideoCall·COMPACT Ver.,22,0
2026-08-08T04:28:51+08:00,VideoCall·COMPACT Ver.,22,0
2026-08-08T04:29:02+08:00,VideoCall·COMPACT Ver.,22,0
2026-08-08T04:29:12+08:00,VideoCall·COMPACT Ver.,22,0
2026-08-08T04:29:23+08:00,VideoCall·COMPACT Ver.,22,0
2026-08-08T04:29:34+08:00,VideoCall·COMPACT Ver.,22,0
2026-08-08T04:29:56+08:00,VideoCall·COMPACT Ver.,22,0
2026-08-08T04:30:07+08:00,VideoCall·COMPACT Ver.,22,0
2026-08-08T04:30:17+08:00,VideoCall·COMPACT Ver.,22,0
2026-08-08T04:30:28+08:00,VideoCall·COMPACT Ver.,22,0
2026-08-08T04:30:39+08:00,VideoCall·COMPACT Ver.,22,0
2026-08-08T04:30:49+08:00,VideoCall·COMPACT Ver.,22,0
2026-08-08T04:31:12+08:00,VideoCall·COMPACT Ver.,22,0
2026-08-08T04:31:22+08:00,VideoCall·COMPACT Ver.,22,0
2026-08-08T04:31:33+08:00,VideoCall·COMPACT Ver.,22,0
2026-08-08T04:31:44+08:00,VideoCall·COMPACT Ver.,22,0
2026-08-08T04:31:54+08:00,VideoCall·COMPACT Ver.,22,0
2026-08-08T04:32:05+08:00,VideoCall·COMPACT Ver.,22,0
2026-08-08T04:32:27+08:00,VideoCall·COMPACT Ver.,22,0
2026-08-08T04:32:39+08:00,VideoCall·COMPACT Ver.,22,0
2026-08-08T04:32:49+08:00,VideoCall·COMPACT Ver.,22,0
2026-08-08T04:33:00+08:00,VideoCall·COMPACT Ver.,22,0
2026-08-08T04:33:11+08:00,VideoCall·COMPACT Ver.,22,0
2026-08-08T04:33:21+08:00,VideoCall·COMPACT Ver.,22,0
2026-08-08T04:33:43+08:00,VideoCall·COMPACT Ver.,22,0
2026-08-08T04:33:54+08:00,VideoCall·COMPACT Ver.,22,0
2026-08-08T04:34:05+08:00,VideoCall·COMPACT Ver.,22,0
2026-08-08T04:34:15+08:00,VideoCall·COMPACT Ver.,22,0
2026-08-08T04:34:26+08:00,VideoCall·COMPACT Ver.,22,0
2026-08-08T04:34:37+08:00,VideoCall·COMPACT Ver.,22,0
2026-08-08T04:34:59+08:00,VideoCall·COMPACT Ver.,22,0
2026-08-08T04:35:10+08:00,VideoCall·COMPACT Ver.,22,0
2026-08-08T04:35:21+08:00,VideoCall·COMPACT Ver.,22,0
2026-08-08T04:35:32+08:00,VideoCall·COMPACT Ver.,22,0
2026-08-08T04:35:43+08:00,VideoCall·COMPACT Ver.,22,0
2026-08-08T04:35:53+08:00,VideoCall·COMPACT Ver.,22,0
2026-08-08T04:36:14+08:00,VideoCall·COMPACT Ver.,22,0
2026-08-08T04:36:25+08:00,VideoCall·COMPACT Ver.,22,0
2026-08-08T04:36:36+08:00,VideoCall·COMPACT Ver.,22,0
2026-08-08T04:36:47+08:00,VideoCall·COMPACT Ver.,22,0
2026-08-08T04:36:58+08:00,VideoCall·COMPACT Ver.,22,0
2026-08-08T04:37:08+08:00,VideoCall·COMPACT Ver.,22,0
2026-08-08T04:37:30+08:00,VideoCall·COMPACT Ver.,22,0
2026-08-08T04:37:40+08:00,VideoCall·COMPACT Ver.,22,0
2026-08-08T04:37:51+08:00,VideoCall·COMPACT Ver.,22,0
2026-08-08T04:38:01+08:00,VideoCall·COMPACT Ver.,22,0
2026-08-08T04:38:12+08:00,VideoCall·COMPACT Ver.,22,0
2026-08-08T04:38:23+08:00,VideoCall·COMPACT Ver.,22,0
2026-08-08T04:38:44+08:00,VideoCall·COMPACT Ver.,22,0
2026-08-08T04:38:55+08:00,VideoCall·COMPACT Ver.,22,0
2026-08-08T04:39:06+08:00,VideoCall·COMPACT Ver.,22,0
2026-08-08T04:39:17+08:00,VideoCall·COMPACT Ver.,22,0
2026-08-08T04:39:28+08:00,VideoCall·COMPACT Ver.,22,0
2026-08-08T04:39:38+08:00,VideoCall·COMPACT Ver.,22,0
2026-08-08T04:40:01+08:00,VideoCall·COMPACT Ver.,22,0
2026-08-08T04:40:11+08:00,VideoCall·COMPACT Ver.,22,0
2026-08-08T04:40:22+08:00,VideoCall·COMPACT Ver.,22,0
2026-08-08T04:40:33+08:00,VideoCall·COMPACT Ver.,22,0
2026-08-08T04:40:44+08:00,VideoCall·COMPACT Ver.,22,0
2026-08-08T04:40:54+08:00,VideoCall·COMPACT Ver.,22,0
2026-08-08T04:41:15+08:00,VideoCall·COMPACT Ver.,22,0
2026-08-08T04:41:26+08:00,VideoCall·COMPACT Ver.,22,0
2026-08-08T04:41:36+08:00,VideoCall·COMPACT Ver.,22,0
2026-08-08T04:41:47+08:00,VideoCall·COMPACT Ver.,22,0
2026-08-08T04:41:58+08:00,VideoCall·COMPACT Ver.,22,0
2026-08-08T04:42:09+08:00,VideoCall·COMPACT Ver.,22,0
2026-08-08T04:42:31+08:00,VideoCall·COMPACT Ver.,22,0
2026-08-08T04:42:41+08:00,VideoCall·COMPACT Ver.,22,0
2026-08-08T04:42:52+08:00,VideoCall·COMPACT Ver.,22,0
2026-08-08T04:43:03+08:00,VideoCall·COMPACT Ver.,22,0
2026-08-08T04:43:14+08:00,VideoCall·COMPACT Ver.,22,0
2026-08-08T04:43:24+08:00,VideoCall·COMPACT Ver.,22,0
2026-08-08T04:43:46+08:00,VideoCall·COMPACT Ver.,22,0
2026-08-08T04:43:57+08:00,VideoCall·COMPACT Ver.,22,0
2026-08-08T04:44:07+08:00,VideoCall·COMPACT Ver.,22,0
2026-08-08T04:44:18+08:00,VideoCall·COMPACT Ver.,22,0
2026-08-08T04:44:29+08:00,VideoCall·COMPACT Ver.,22,0
2026-08-08T04:44:39+08:00,VideoCall·COMPACT Ver.,22,0
2026-08-08T04:45:01+08:00,VideoCall·COMPACT Ver.,22,0
2026-08-08T04:45:11+08:00,VideoCall·COMPACT Ver.,22,0
2026-08-08T04:45:23+08:00,VideoCall·COMPACT Ver.,22,0
2026-08-08T04:45:34+08:00,VideoCall·COMPACT Ver.,22,0
2026-08-08T04:45:44+08:00,VideoCall·COMPACT Ver.,22,0
2026-08-08T04:45:55+08:00,VideoCall·COMPACT Ver.,22,0
2026-08-08T04:46:16+08:00,VideoCall·COMPACT Ver.,22,0
2026-08-08T04:46:27+08:00,VideoCall·COMPACT Ver.,22,0
2026-08-08T04:46:38+08:00,VideoCall·COMPACT Ver.,22,0
2026-08-08T04:46:48+08:00,VideoCall·COMPACT Ver.,22,0
2026-08-08T04:46:59+08:00,VideoCall·COMPACT Ver.,22,0
2026-08-08T04:47:10+08:00,VideoCall·COMPACT Ver.,22,0
2026-08-08T04:47:32+08:00,VideoCall·COMPACT Ver.,22,0
2026-08-08T04:47:42+08:00,VideoCall·COMPACT Ver.,22,0
2026-08-08T04:47:53+08:00,VideoCall·COMPACT Ver.,22,0
2026-08-08T04:48:04+08:00,VideoCall·COMPACT Ver.,22,0
2026-08-08T04:48:14+08:00,VideoCall·COMPACT Ver.,22,0
2026-08-08T04:48:25+08:00,VideoCall·COMPACT Ver.,22,0
2026-08-08T04:48:48+08:00,VideoCall·COMPACT Ver.,22,0
2026-08-08T04:48:58+08:00,VideoCall·COMPACT Ver.,22,0
2026-08-08T04:49:09+08:00,VideoCall·COMPACT Ver.,22,0
2026-08-08T04:49:20+08:00,VideoCall·COMPACT Ver.,22,0
2026-08-08T04:49:31+08:00,VideoCall·COMPACT Ver.,22,0
2026-08-08T04:49:41+08:00,VideoCall·COMPACT Ver.,22,0
2026-08-08T04:50:03+08:00,VideoCall·COMPACT Ver.,22,0
2026-08-08T04:50:13+08:00,VideoCall·COMPACT Ver.,22,0
2026-08-08T04:50:24+08:00,VideoCall·COMPACT Ver.,22,0
2026-08-08T04:50:35+08:00,VideoCall·COMPACT Ver.,22,0
2026-08-08T04:50:46+08:00,VideoCall·COMPACT Ver.,22,0
2026-08-08T04:50:56+08:00,VideoCall·COMPACT Ver.,22,0
2026-08-08T04:51:18+08:00,VideoCall·COMPACT Ver.,22,0
2026-08-08T04:51:29+08:00,VideoCall·COMPACT Ver.,22,0
2026-08-08T04:51:40+08:00,VideoCall·COMPACT Ver.,22,0
2026-08-08T04:51:51+08:00,VideoCall·COMPACT Ver.,22,0
2026-08-08T04:52:01+08:00,VideoCall·COMPACT Ver.,22,0
2026-08-08T04:52:12+08:00,VideoCall·COMPACT Ver.,22,0
2026-08-08T04:52:34+08:00,VideoCall·COMPACT Ver.,22,0
2026-08-08T04:52:45+08:00,VideoCall·COMPACT Ver.,22,0
2026-08-08T04:52:55+08:00,VideoCall·COMPACT Ver.,22,0
2026-08-08T04:53:06+08:00,VideoCall·COMPACT Ver.,22,0
2026-08-08T04:53:16+08:00,VideoCall·COMPACT Ver.,22,0
2026-08-08T04:53:27+08:00,VideoCall·COMPACT Ver.,22,0
2026-08-08T04:53:49+08:00,VideoCall·COMPACT Ver.,22,0
2026-08-08T04:54:00+08:00,VideoCall·COMPACT Ver.,22,0
2026-08-08T04:54:11+08:00,VideoCall·COMPACT Ver.,22,0
2026-08-08T04:54:21+08:00,VideoCall·COMPACT Ver.,22,0
2026-08-08T04:54:32+08:00,VideoCall·COMPACT Ver.,22,0
2026-08-08T04:54:43+08:00,VideoCall·COMPACT Ver.,22,0
2026-08-08T04:55:05+08:00,VideoCall·COMPACT Ver.,22,0
2026-08-08T04:55:16+08:00,VideoCall·COMPACT Ver.,22,0
2026-08-08T04:55:26+08:00,VideoCall·COMPACT Ver.,22,0
2026-08-08T04:55:37+08:00,VideoCall·COMPACT Ver.,22,0
2026-08-08T04:55:48+08:00,VideoCall·COMPACT Ver.,22,0
2026-08-08T04:55:58+08:00,VideoCall·COMPACT Ver.,22,0
2026-08-08T04:56:20+08:00,VideoCall·COMPACT Ver.,22,0
2026-08-08T04:56:31+08:00,VideoCall·COMPACT Ver.,22,0
2026-08-08T04:56:42+08:00,VideoCall·COMPACT Ver.,22,0
2026-08-08T04:56:53+08:00,VideoCall·COMPACT Ver.,22,0
2026-08-08T04:57:03+08:00,VideoCall·COMPACT Ver.,22,0
2026-08-08T04:57:14+08:00,VideoCall·COMPACT Ver.,22,0
2026-08-08T04:57:38+08:00,VideoCall·COMPACT Ver.,22,0
2026-08-08T04:57:49+08:00,VideoCall·COMPACT Ver.,22,0
2026-08-08T04:57:59+08:00,VideoCall·COMPACT Ver.,22,0
2026-08-08T04:58:10+08:00,VideoCall·COMPACT Ver.,22,0
2026-08-08T04:58:20+08:00,VideoCall·COMPACT Ver.,22,0
2026-08-08T04:58:31+08:00,VideoCall·COMPACT Ver.,22,0
2026-08-08T04:58:53+08:00,VideoCall·COMPACT Ver.,22,0
2026-08-08T04:59:04+08:00,VideoCall·COMPACT Ver.,22,0
2026-08-08T04:59:15+08:00,VideoCall·COMPACT Ver.,22,0
2026-08-08T04:59:25+08:00,VideoCall·COMPACT Ver.,22,0
2026-08-08T04:59:36+08:00,VideoCall·COMPACT Ver.,22,0
2026-08-08T04:59:47+08:00,VideoCall·COMPACT Ver.,22,0
2026-08-08T05:00:08+08:00,VideoCall·COMPACT Ver.,22,0
2026-08-08T05:00:19+08:00,VideoCall·COMPACT Ver.,22,0
2026-08-08T05:00:30+08:00,VideoCall·COMPACT Ver.,22,0
2026-08-08T05:00:41+08:00,VideoCall·COMPACT Ver.,22,0
2026-08-08T05:00:51+08:00,VideoCall·COMPACT Ver.,22,0
2026-08-08T05:01:02+08:00,VideoCall·COMPACT Ver.,22,0
2026-08-08T05:01:24+08:00,VideoCall·COMPACT Ver.,22,0
2026-08-08T05:01:35+08:00,VideoCall·COMPACT Ver.,22,0
2026-08-08T05:01:45+08:00,VideoCall·COMPACT Ver.,22,0
2026-08-08T05:01:56+08:00,VideoCall·COMPACT Ver.,22,0
2026-08-08T05:02:07+08:00,VideoCall·COMPACT Ver.,22,0
2026-08-08T05:02:17+08:00,VideoCall·COMPACT Ver.,22,0
2026-08-08T05:02:39+08:00,VideoCall·COMPACT Ver.,22,0
2026-08-08T05:02:50+08:00,VideoCall·COMPACT Ver.,22,0
2026-08-08T05:03:00+08:00,VideoCall·COMPACT Ver.,22,0
2026-08-08T05:03:11+08:00,VideoCall·COMPACT Ver.,22,0
2026-08-08T05:03:22+08:00,VideoCall·COMPACT Ver.,22,0
2026-08-08T05:03:32+08:00,VideoCall·COMPACT Ver.,22,0
2026-08-08T05:03:55+08:00,VideoCall·COMPACT Ver.,22,0
2026-08-08T05:04:05+08:00,VideoCall·COMPACT Ver.,22,0
2026-08-08T05:04:16+08:00,VideoCall·COMPACT Ver.,22,0
2026-08-08T05:04:26+08:00,VideoCall·COMPACT Ver.,22,0
2026-08-08T05:04:37+08:00,VideoCall·COMPACT Ver.,22,0
2026-08-08T05:04:47+08:00,VideoCall·COMPACT Ver.,22,0
2026-08-08T05:05:09+08:00,VideoCall·COMPACT Ver.,22,0
2026-08-08T05:05:20+08:00,VideoCall·COMPACT Ver.,22,0
2026-08-08T05:05:30+08:00,VideoCall·COMPACT Ver.,22,0
2026-08-08T05:05:46+08:00,VideoCall·COMPACT Ver.,22,0
2026-08-08T05:05:57+08:00,VideoCall·COMPACT Ver.,22,0
2026-08-08T05:06:21+08:00,VideoCall·COMPACT Ver.,22,0
2026-08-08T05:06:32+08:00,VideoCall·COMPACT Ver.,22,0
2026-08-08T05:06:42+08:00,VideoCall·COMPACT Ver.,22,0
2026-08-08T05:06:53+08:00,VideoCall·COMPACT Ver.,22,0
2026-08-08T05:07:03+08:00,VideoCall·COMPACT Ver.,22,0
2026-08-08T05:07:14+08:00,VideoCall·COMPACT Ver.,22,0
2026-08-08T05:07:35+08:00,VideoCall·COMPACT Ver.,22,0
2026-08-08T05:07:46+08:00,VideoCall·COMPACT Ver.,22,0
2026-08-08T05:07:57+08:00,VideoCall·COMPACT Ver.,22,0
2026-08-08T05:08:08+08:00,VideoCall·COMPACT Ver.,22,0
2026-08-08T05:08:19+08:00,VideoCall·COMPACT Ver.,22,0
2026-08-08T05:08:30+08:00,VideoCall·COMPACT Ver.,22,0
2026-08-08T05:08:51+08:00,VideoCall·COMPACT Ver.,22,0
2026-08-08T05:09:02+08:00,VideoCall·COMPACT Ver.,22,0
2026-08-08T05:09:13+08:00,VideoCall·COMPACT Ver.,22,0
2026-08-08T05:09:23+08:00,VideoCall·COMPACT Ver.,22,0
2026-08-08T05:09:34+08:00,VideoCall·COMPACT Ver.,22,0
2026-08-08T05:09:45+08:00,VideoCall·COMPACT Ver.,22,0
2026-08-08T05:10:06+08:00,VideoCall·COMPACT Ver.,22,0
2026-08-08T05:10:17+08:00,VideoCall·COMPACT Ver.,22,0
2026-08-08T05:10:28+08:00,VideoCall·COMPACT Ver.,22,0
2026-08-08T05:10:38+08:00,VideoCall·COMPACT Ver.,22,0
2026-08-08T05:10:49+08:00,VideoCall·COMPACT Ver.,22,0
2026-08-08T05:10:59+08:00,VideoCall·COMPACT Ver.,22,0
2026-08-08T05:12:14+08:00,VideoCall·COMPACT Ver.,22,0
2026-08-08T05:12:25+08:00,VideoCall·COMPACT Ver.,22,0
2026-08-08T05:12:36+08:00,VideoCall·COMPACT Ver.,22,0
2026-08-08T05:12:47+08:00,VideoCall·COMPACT Ver.,22,0
2026-08-08T05:12:58+08:00,VideoCall·COMPACT Ver.,22,0
2026-08-08T05:13:09+08:00,VideoCall·COMPACT Ver.,22,0
2026-08-08T05:13:20+08:00,VideoCall·COMPACT Ver.,22,0
2026-08-08T05:13:44+08:00,VideoCall·COMPACT Ver.,22,0
2026-08-08T05:13:55+08:00,VideoCall·COMPACT Ver.,22,0
2026-08-08T05:14:07+08:00,VideoCall·COMPACT Ver.,22,0
2026-08-08T05:14:18+08:00,VideoCall·COMPACT Ver.,22,0
2026-08-08T05:14:28+08:00,VideoCall·COMPACT Ver.,22,0
2026-08-08T05:14:40+08:00,VideoCall·COMPACT Ver.,22,0
2026-08-08T05:15:04+08:00,VideoCall·COMPACT Ver.,22,0
2026-08-08T05:15:15+08:00,VideoCall·COMPACT Ver.,22,0
2026-08-08T05:15:26+08:00,VideoCall·COMPACT Ver.,22,0
2026-08-08T05:15:37+08:00,VideoCall·COMPACT Ver.,22,0
2026-08-08T05:15:48+08:00,VideoCall·COMPACT Ver.,22,0
2026-08-08T05:16:00+08:00,VideoCall·COMPACT Ver.,22,0
2026-08-08T05:16:25+08:00,VideoCall·COMPACT Ver.,22,0
2026-08-08T05:16:35+08:00,VideoCall·COMPACT Ver.,22,0
2026-08-08T05:16:46+08:00,VideoCall·COMPACT Ver.,22,0
2026-08-08T05:16:57+08:00,VideoCall·COMPACT Ver.,22,0
2026-08-08T05:17:08+08:00,VideoCall·COMPACT Ver.,22,0
2026-08-08T05:17:19+08:00,VideoCall·COMPACT Ver.,22,0
2026-08-08T05:17:43+08:00,VideoCall·COMPACT Ver.,22,0
2026-08-08T05:17:54+08:00,VideoCall·COMPACT Ver.,22,0
2026-08-08T05:18:05+08:00,VideoCall·COMPACT Ver.,22,0
2026-08-08T05:18:16+08:00,VideoCall·COMPACT Ver.,22,0
2026-08-08T05:18:27+08:00,VideoCall·COMPACT Ver.,22,0
2026-08-08T05:18:38+08:00,VideoCall·COMPACT Ver.,22,0
2026-08-08T05:19:02+08:00,VideoCall·COMPACT Ver.,22,0
2026-08-08T05:19:14+08:00,VideoCall·COMPACT Ver.,22,0
2026-08-08T05:19:24+08:00,VideoCall·COMPACT Ver.,22,0
2026-08-08T05:19:35+08:00,VideoCall·COMPACT Ver.,22,0
2026-08-08T05:19:46+08:00,VideoCall·COMPACT Ver.,22,0
2026-08-08T05:19:57+08:00,VideoCall·COMPACT Ver.,22,0
2026-08-08T05:20:22+08:00,VideoCall·COMPACT Ver.,22,0
2026-08-08T05:20:33+08:00,VideoCall·COMPACT Ver.,22,0
2026-08-08T05:20:43+08:00,VideoCall·COMPACT Ver.,22,0
2026-08-08T05:20:55+08:00,VideoCall·COMPACT Ver.,22,0
2026-08-08T05:21:06+08:00,VideoCall·COMPACT Ver.,22,0
2026-08-08T05:21:17+08:00,VideoCall·COMPACT Ver.,22,0
2026-08-08T05:21:41+08:00,VideoCall·COMPACT Ver.,22,0
2026-08-08T05:21:52+08:00,VideoCall·COMPACT Ver.,22,0
2026-08-08T05:22:02+08:00,VideoCall·COMPACT Ver.,22,0
2026-08-08T05:22:13+08:00,VideoCall·COMPACT Ver.,22,0
2026-08-08T05:22:24+08:00,VideoCall·COMPACT Ver.,22,0
2026-08-08T05:22:34+08:00,VideoCall·COMPACT Ver.,22,0
2026-08-08T05:22:58+08:00,VideoCall·COMPACT Ver.,22,0
2026-08-08T05:23:09+08:00,VideoCall·COMPACT Ver.,22,0
2026-08-08T05:23:20+08:00,VideoCall·COMPACT Ver.,22,0
2026-08-08T05:23:31+08:00,VideoCall·COMPACT Ver.,22,0
2026-08-08T05:23:42+08:00,VideoCall·COMPACT Ver.,22,0
2026-08-08T05:23:53+08:00,VideoCall·COMPACT Ver.,22,0
2026-08-08T05:24:16+08:00,VideoCall·COMPACT Ver.,22,0
2026-08-08T05:24:27+08:00,VideoCall·COMPACT Ver.,22,0
2026-08-08T05:24:38+08:00,VideoCall·COMPACT Ver.,22,0
2026-08-08T05:24:49+08:00,VideoCall·COMPACT Ver.,22,0
2026-08-08T05:25:00+08:00,VideoCall·COMPACT Ver.,22,0
2026-08-08T05:25:10+08:00,VideoCall·COMPACT Ver.,22,0
2026-08-08T05:25:35+08:00,VideoCall·COMPACT Ver.,22,0
2026-08-08T05:25:46+08:00,VideoCall·COMPACT Ver.,22,0
2026-08-08T05:25:57+08:00,VideoCall·COMPACT Ver.,22,0
2026-08-08T05:26:08+08:00,VideoCall·COMPACT Ver.,22,0
2026-08-08T05:26:19+08:00,VideoCall·COMPACT Ver.,22,0
2026-08-08T05:26:31+08:00,VideoCall·COMPACT Ver.,22,0
2026-08-08T05:26:55+08:00,VideoCall·COMPACT Ver.,22,0
2026-08-08T05:27:06+08:00,VideoCall·COMPACT Ver.,22,0
2026-08-08T05:27:17+08:00,VideoCall·COMPACT Ver.,22,0
2026-08-08T05:27:28+08:00,VideoCall·COMPACT Ver.,22,0
2026-08-08T05:27:38+08:00,VideoCall·COMPACT Ver.,22,0
2026-08-08T05:27:49+08:00,VideoCall·COMPACT Ver.,22,0
2026-08-08T05:28:13+08:00,VideoCall·COMPACT Ver.,22,0
2026-08-08T05:28:24+08:00,VideoCall·COMPACT Ver.,22,0
2026-08-08T05:28:36+08:00,VideoCall·COMPACT Ver.,22,0
2026-08-08T05:28:47+08:00,VideoCall·COMPACT Ver.,22,0
2026-08-08T05:28:58+08:00,VideoCall·COMPACT Ver.,22,0
2026-08-08T05:29:09+08:00,VideoCall·COMPACT Ver.,22,0
2026-08-08T05:29:33+08:00,VideoCall·COMPACT Ver.,22,0
2026-08-08T05:29:43+08:00,VideoCall·COMPACT Ver.,22,0
2026-08-08T05:29:55+08:00,VideoCall·COMPACT Ver.,22,0
2026-08-08T05:30:06+08:00,VideoCall·COMPACT Ver.,22,0
2026-08-08T05:30:17+08:00,VideoCall·COMPACT Ver.,22,0
2026-08-08T05:30:27+08:00,VideoCall·COMPACT Ver.,22,0
2026-08-08T05:30:51+08:00,VideoCall·COMPACT Ver.,22,0
2026-08-08T05:31:02+08:00,VideoCall·COMPACT Ver.,22,0
2026-08-08T05:31:14+08:00,VideoCall·COMPACT Ver.,22,0
2026-08-08T05:31:25+08:00,VideoCall·COMPACT Ver.,22,0
2026-08-08T05:31:36+08:00,VideoCall·COMPACT Ver.,22,0
2026-08-08T05:31:47+08:00,VideoCall·COMPACT Ver.,22,0
2026-08-08T05:32:10+08:00,VideoCall·COMPACT Ver.,22,0
2026-08-08T05:32:21+08:00,VideoCall·COMPACT Ver.,22,0
2026-08-08T05:32:32+08:00,VideoCall·COMPACT Ver.,22,0
2026-08-08T05:32:43+08:00,VideoCall·COMPACT Ver.,22,0
2026-08-08T05:32:53+08:00,VideoCall·COMPACT Ver.,22,0
2026-08-08T05:33:04+08:00,VideoCall·COMPACT Ver.,22,0
2026-08-08T05:33:28+08:00,VideoCall·COMPACT Ver.,22,0
2026-08-08T05:33:40+08:00,VideoCall·COMPACT Ver.,22,0
2026-08-08T05:33:51+08:00,VideoCall·COMPACT Ver.,22,0
2026-08-08T05:34:02+08:00,VideoCall·COMPACT Ver.,22,0
2026-08-08T05:34:13+08:00,VideoCall·COMPACT Ver.,22,0
2026-08-08T05:34:24+08:00,VideoCall·COMPACT Ver.,22,0
2026-08-08T05:34:49+08:00,VideoCall·COMPACT Ver.,22,0
2026-08-08T05:34:59+08:00,VideoCall·COMPACT Ver.,22,0
2026-08-08T05:35:11+08:00,VideoCall·COMPACT Ver.,22,0
2026-08-08T05:35:22+08:00,VideoCall·COMPACT Ver.,22,0
2026-08-08T05:35:32+08:00,VideoCall·COMPACT Ver.,22,0
2026-08-08T05:35:43+08:00,VideoCall·COMPACT Ver.,22,0
2026-08-08T05:36:07+08:00,VideoCall·COMPACT Ver.,22,0
2026-08-08T05:36:18+08:00,VideoCall·COMPACT Ver.,22,0
2026-08-08T05:36:29+08:00,VideoCall·COMPACT Ver.,22,0
2026-08-08T05:36:40+08:00,VideoCall·COMPACT Ver.,22,0
2026-08-08T05:36:51+08:00,VideoCall·COMPACT Ver.,22,0
2026-08-08T05:37:01+08:00,VideoCall·COMPACT Ver.,22,0
2026-08-08T05:37:26+08:00,VideoCall·COMPACT Ver.,22,0
2026-08-08T05:37:37+08:00,VideoCall·COMPACT Ver.,22,0
2026-08-08T05:37:47+08:00,VideoCall·COMPACT Ver.,22,0
2026-08-08T05:37:58+08:00,VideoCall·COMPACT Ver.,22,0
2026-08-08T05:38:09+08:00,VideoCall·COMPACT Ver.,22,0
2026-08-08T05:38:19+08:00,VideoCall·COMPACT Ver.,22,0
2026-08-08T05:38:44+08:00,VideoCall·COMPACT Ver.,22,0
2026-08-08T05:38:55+08:00,VideoCall·COMPACT Ver.,22,0
2026-08-08T05:39:06+08:00,VideoCall·COMPACT Ver.,22,0
2026-08-08T05:39:17+08:00,VideoCall·COMPACT Ver.,22,0
2026-08-08T05:39:28+08:00,VideoCall·COMPACT Ver.,22,0
2026-08-08T05:39:39+08:00,VideoCall·COMPACT Ver.,22,0
2026-08-08T05:40:03+08:00,VideoCall·COMPACT Ver.,22,0
2026-08-08T05:40:14+08:00,VideoCall·COMPACT Ver.,22,0
2026-08-08T05:40:25+08:00,VideoCall·COMPACT Ver.,22,0
2026-08-08T05:40:36+08:00,VideoCall·COMPACT Ver.,22,0
2026-08-08T05:40:47+08:00,VideoCall·COMPACT Ver.,22,0
2026-08-08T05:40:58+08:00,VideoCall·COMPACT Ver.,22,0
2026-08-08T05:41:22+08:00,VideoCall·COMPACT Ver.,22,0
2026-08-08T05:41:33+08:00,VideoCall·COMPACT Ver.,22,0
2026-08-08T05:41:44+08:00,VideoCall·COMPACT Ver.,22,0
2026-08-08T05:41:55+08:00,VideoCall·COMPACT Ver.,22,0
2026-08-08T05:42:06+08:00,VideoCall·COMPACT Ver.,22,0
2026-08-08T05:42:17+08:00,VideoCall·COMPACT Ver.,22,0
2026-08-08T05:42:40+08:00,VideoCall·COMPACT Ver.,22,0
2026-08-08T05:42:52+08:00,VideoCall·COMPACT Ver.,22,0
2026-08-08T05:43:03+08:00,VideoCall·COMPACT Ver.,22,0
2026-08-08T05:43:14+08:00,VideoCall·COMPACT Ver.,22,0
2026-08-08T05:43:24+08:00,VideoCall·COMPACT Ver.,22,0
2026-08-08T05:43:34+08:00,VideoCall·COMPACT Ver.,22,0
2026-08-08T05:43:58+08:00,VideoCall·COMPACT Ver.,22,0
2026-08-08T05:44:08+08:00,VideoCall·COMPACT Ver.,22,0
2026-08-08T05:44:19+08:00,VideoCall·COMPACT Ver.,22,0
2026-08-08T05:44:30+08:00,VideoCall·COMPACT Ver.,22,0
2026-08-08T05:44:42+08:00,VideoCall·COMPACT Ver.,22,0
2026-08-08T05:44:53+08:00,VideoCall·COMPACT Ver.,22,0
2026-08-08T05:45:16+08:00,VideoCall·COMPACT Ver.,22,0
2026-08-08T05:45:26+08:00,VideoCall·COMPACT Ver.,22,0
2026-08-08T05:45:37+08:00,VideoCall·COMPACT Ver.,22,0
2026-08-08T05:45:48+08:00,VideoCall·COMPACT Ver.,22,0
2026-08-08T05:45:59+08:00,VideoCall·COMPACT Ver.,22,0
2026-08-08T05:46:10+08:00,VideoCall·COMPACT Ver.,22,0
2026-08-08T05:46:35+08:00,VideoCall·COMPACT Ver.,22,0
2026-08-08T05:46:46+08:00,VideoCall·COMPACT Ver.,22,0
2026-08-08T05:46:57+08:00,VideoCall·COMPACT Ver.,22,0
2026-08-08T05:47:08+08:00,VideoCall·COMPACT Ver.,22,0
2026-08-08T05:47:19+08:00,VideoCall·COMPACT Ver.,22,0
2026-08-08T05:47:30+08:00,VideoCall·COMPACT Ver.,22,0
2026-08-08T05:47:54+08:00,VideoCall·COMPACT Ver.,22,0
2026-08-08T05:48:04+08:00,VideoCall·COMPACT Ver.,22,0
2026-08-08T05:48:16+08:00,VideoCall·COMPACT Ver.,22,0
2026-08-08T05:48:27+08:00,VideoCall·COMPACT Ver.,22,0
2026-08-08T05:48:38+08:00,VideoCall·COMPACT Ver.,22,0
2026-08-08T05:48:48+08:00,VideoCall·COMPACT Ver.,22,0
2026-08-08T05:49:11+08:00,VideoCall·COMPACT Ver.,22,0
2026-08-08T05:49:22+08:00,VideoCall·COMPACT Ver.,22,0
2026-08-08T05:49:33+08:00,VideoCall·COMPACT Ver.,22,0
2026-08-08T05:49:43+08:00,VideoCall·COMPACT Ver.,22,0
2026-08-08T05:49:54+08:00,VideoCall·COMPACT Ver.,22,0
2026-08-08T05:50:05+08:00,VideoCall·COMPACT Ver.,22,0
2026-08-08T05:50:30+08:00,VideoCall·COMPACT Ver.,22,0
2026-08-08T05:50:40+08:00,VideoCall·COMPACT Ver.,22,0
2026-08-08T05:50:51+08:00,VideoCall·COMPACT Ver.,22,0
2026-08-08T05:51:02+08:00,VideoCall·COMPACT Ver.,22,0
2026-08-08T05:51:13+08:00,VideoCall·COMPACT Ver.,22,0
2026-08-08T05:51:23+08:00,VideoCall·COMPACT Ver.,22,0
2026-08-08T05:51:47+08:00,VideoCall·COMPACT Ver.,22,0
2026-08-08T05:51:58+08:00,VideoCall·COMPACT Ver.,22,0
2026-08-08T05:52:09+08:00,VideoCall·COMPACT Ver.,22,0
2026-08-08T05:52:20+08:00,VideoCall·COMPACT Ver.,22,0
2026-08-08T05:52:31+08:00,VideoCall·COMPACT Ver.,22,0
2026-08-08T05:52:42+08:00,VideoCall·COMPACT Ver.,22,0
2026-08-08T05:53:06+08:00,VideoCall·COMPACT Ver.,22,0
2026-08-08T05:53:16+08:00,VideoCall·COMPACT Ver.,22,0
2026-08-08T05:53:27+08:00,VideoCall·COMPACT Ver.,22,0
2026-08-08T05:53:37+08:00,VideoCall·COMPACT Ver.,22,0
2026-08-08T05:53:48+08:00,VideoCall·COMPACT Ver.,22,0
2026-08-08T05:53:59+08:00,VideoCall·COMPACT Ver.,22,0
2026-08-08T05:54:24+08:00,VideoCall·COMPACT Ver.,22,0
2026-08-08T05:54:35+08:00,VideoCall·COMPACT Ver.,22,0
2026-08-08T05:54:46+08:00,VideoCall·COMPACT Ver.,22,0
2026-08-08T05:54:56+08:00,VideoCall·COMPACT Ver.,22,0
2026-08-08T05:55:07+08:00,VideoCall·COMPACT Ver.,22,0
2026-08-08T05:55:18+08:00,VideoCall·COMPACT Ver.,22,0
2026-08-08T05:55:43+08:00,VideoCall·COMPACT Ver.,22,0
2026-08-08T05:55:54+08:00,VideoCall·COMPACT Ver.,22,0
2026-08-08T05:56:05+08:00,VideoCall·COMPACT Ver.,22,0
2026-08-08T05:56:16+08:00,VideoCall·COMPACT Ver.,22,0
2026-08-08T05:56:27+08:00,VideoCall·COMPACT Ver.,22,0
2026-08-08T05:56:38+08:00,VideoCall·COMPACT Ver.,22,0
2026-08-08T05:57:43+08:00,VideoCall·COMPACT Ver.,22,0
2026-08-08T05:57:54+08:00,VideoCall·COMPACT Ver.,22,0
2026-08-08T05:58:05+08:00,VideoCall·COMPACT Ver.,22,0
2026-08-08T05:58:15+08:00,VideoCall·COMPACT Ver.,22,0
2026-08-08T05:58:26+08:00,VideoCall·COMPACT Ver.,22,0
2026-08-08T05:58:37+08:00,VideoCall·COMPACT Ver.,22,0
2026-08-08T05:58:47+08:00,VideoCall·COMPACT Ver.,22,0
2026-08-08T05:59:09+08:00,VideoCall·COMPACT Ver.,22,0
2026-08-08T05:59:19+08:00,VideoCall·COMPACT Ver.,22,0
2026-08-08T05:59:30+08:00,VideoCall·COMPACT Ver.,22,0
2026-08-08T05:59:40+08:00,VideoCall·COMPACT Ver.,22,0
2026-08-08T05:59:51+08:00,VideoCall·COMPACT Ver.,22,0
2026-08-08T06:00:01+08:00,VideoCall·COMPACT Ver.,22,0
2026-08-08T06:00:24+08:00,VideoCall·COMPACT Ver.,22,0
2026-08-08T06:00:34+08:00,VideoCall·COMPACT Ver.,22,0
2026-08-08T06:00:45+08:00,VideoCall·COMPACT Ver.,22,0
2026-08-08T06:00:55+08:00,VideoCall·COMPACT Ver.,22,0
2026-08-08T06:01:06+08:00,VideoCall·COMPACT Ver.,22,0
2026-08-08T06:01:17+08:00,VideoCall·COMPACT Ver.,22,0
2026-08-08T06:01:39+08:00,VideoCall·COMPACT Ver.,22,0
2026-08-08T06:01:49+08:00,VideoCall·COMPACT Ver.,22,0
2026-08-08T06:02:00+08:00,VideoCall·COMPACT Ver.,22,0
2026-08-08T06:02:10+08:00,VideoCall·COMPACT Ver.,22,0
2026-08-08T06:02:21+08:00,VideoCall·COMPACT Ver.,22,0
2026-08-08T06:02:31+08:00,VideoCall·COMPACT Ver.,22,0
2026-08-08T06:02:53+08:00,VideoCall·COMPACT Ver.,22,0
2026-08-08T06:03:04+08:00,VideoCall·COMPACT Ver.,22,0
2026-08-08T06:03:14+08:00,VideoCall·COMPACT Ver.,22,0
2026-08-08T06:03:25+08:00,VideoCall·COMPACT Ver.,22,0
2026-08-08T06:03:35+08:00,VideoCall·COMPACT Ver.,22,0
2026-08-08T06:03:46+08:00,VideoCall·COMPACT Ver.,22,0
2026-08-08T06:04:08+08:00,VideoCall·COMPACT Ver.,22,0
2026-08-08T06:04:18+08:00,VideoCall·COMPACT Ver.,22,0
2026-08-08T06:04:29+08:00,VideoCall·COMPACT Ver.,22,0
2026-08-08T06:04:39+08:00,VideoCall·COMPACT Ver.,22,0
2026-08-08T06:04:50+08:00,VideoCall·COMPACT Ver.,22,0
2026-08-08T06:05:01+08:00,VideoCall·COMPACT Ver.,22,0
2026-08-08T06:05:22+08:00,VideoCall·COMPACT Ver.,22,0
2026-08-08T06:05:33+08:00,VideoCall·COMPACT Ver.,22,0
2026-08-08T06:05:43+08:00,VideoCall·COMPACT Ver.,22,0
2026-08-08T06:05:54+08:00,VideoCall·COMPACT Ver.,22,0
2026-08-08T06:06:05+08:00,VideoCall·COMPACT Ver.,22,0
2026-08-08T06:06:15+08:00,VideoCall·COMPACT Ver.,22,0
2026-08-08T06:06:38+08:00,VideoCall·COMPACT Ver.,22,0
2026-08-08T06:06:49+08:00,VideoCall·COMPACT Ver.,22,0
2026-08-08T06:06:59+08:00,VideoCall·COMPACT Ver.,22,0
2026-08-08T06:07:09+08:00,VideoCall·COMPACT Ver.,22,0
2026-08-08T06:07:20+08:00,VideoCall·COMPACT Ver.,22,0
2026-08-08T06:07:30+08:00,VideoCall·COMPACT Ver.,22,0
2026-08-08T06:07:53+08:00,VideoCall·COMPACT Ver.,22,0
2026-08-08T06:08:03+08:00,VideoCall·COMPACT Ver.,22,0
2026-08-08T06:08:15+08:00,VideoCall·COMPACT Ver.,22,0
2026-08-08T06:08:25+08:00,VideoCall·COMPACT Ver.,22,0
2026-08-08T06:08:35+08:00,VideoCall·COMPACT Ver.,22,0
2026-08-08T06:08:46+08:00,VideoCall·COMPACT Ver.,22,0
2026-08-08T06:09:08+08:00,VideoCall·COMPACT Ver.,22,0
2026-08-08T06:09:18+08:00,VideoCall·COMPACT Ver.,22,0
2026-08-08T06:09:29+08:00,VideoCall·COMPACT Ver.,22,0
2026-08-08T06:09:39+08:00,VideoCall·COMPACT Ver.,22,0
2026-08-08T06:09:49+08:00,VideoCall·COMPACT Ver.,22,0
2026-08-08T06:10:00+08:00,VideoCall·COMPACT Ver.,22,0
2026-08-08T06:10:22+08:00,VideoCall·COMPACT Ver.,22,0
2026-08-08T06:10:32+08:00,VideoCall·COMPACT Ver.,22,0
2026-08-08T06:10:43+08:00,VideoCall·COMPACT Ver.,22,0
2026-08-08T06:10:53+08:00,VideoCall·COMPACT Ver.,22,0
2026-08-08T06:11:04+08:00,VideoCall·COMPACT Ver.,22,0
2026-08-08T06:11:14+08:00,VideoCall·COMPACT Ver.,22,0
2026-08-08T06:11:36+08:00,VideoCall·COMPACT Ver.,22,0
2026-08-08T06:11:47+08:00,VideoCall·COMPACT Ver.,22,0
2026-08-08T06:11:57+08:00,VideoCall·COMPACT Ver.,22,0
2026-08-08T06:12:07+08:00,VideoCall·COMPACT Ver.,22,0
2026-08-08T06:12:18+08:00,VideoCall·COMPACT Ver.,22,0
2026-08-08T06:12:28+08:00,VideoCall·COMPACT Ver.,22,0
2026-08-08T06:12:50+08:00,VideoCall·COMPACT Ver.,22,0
2026-08-08T06:13:01+08:00,VideoCall·COMPACT Ver.,22,0
2026-08-08T06:13:12+08:00,VideoCall·COMPACT Ver.,22,0
2026-08-08T06:13:22+08:00,VideoCall·COMPACT Ver.,22,0
2026-08-08T06:13:33+08:00,VideoCall·COMPACT Ver.,22,0
2026-08-08T06:13:44+08:00,VideoCall·COMPACT Ver.,22,0
2026-08-08T06:14:06+08:00,VideoCall·COMPACT Ver.,22,0
2026-08-08T06:14:17+08:00,VideoCall·COMPACT Ver.,22,0
2026-08-08T06:14:27+08:00,VideoCall·COMPACT Ver.,22,0
2026-08-08T06:14:37+08:00,VideoCall·COMPACT Ver.,22,0
2026-08-08T06:14:48+08:00,VideoCall·COMPACT Ver.,22,0
2026-08-08T06:14:58+08:00,VideoCall·COMPACT Ver.,22,0
2026-08-08T06:15:20+08:00,VideoCall·COMPACT Ver.,22,0
2026-08-08T06:15:30+08:00,VideoCall·COMPACT Ver.,22,0
2026-08-08T06:15:41+08:00,VideoCall·COMPACT Ver.,22,0
2026-08-08T06:15:51+08:00,VideoCall·COMPACT Ver.,22,0
2026-08-08T06:16:02+08:00,VideoCall·COMPACT Ver.,22,0
2026-08-08T06:16:12+08:00,VideoCall·COMPACT Ver.,22,0
2026-08-08T06:16:34+08:00,VideoCall·COMPACT Ver.,22,0
2026-08-08T06:16:45+08:00,VideoCall·COMPACT Ver.,22,0
2026-08-08T06:16:55+08:00,VideoCall·COMPACT Ver.,22,0
2026-08-08T06:17:06+08:00,VideoCall·COMPACT Ver.,22,0
2026-08-08T06:17:17+08:00,VideoCall·COMPACT Ver.,22,0
2026-08-08T06:17:27+08:00,VideoCall·COMPACT Ver.,22,0
2026-08-08T06:17:50+08:00,VideoCall·COMPACT Ver.,22,0
2026-08-08T06:18:00+08:00,VideoCall·COMPACT Ver.,22,0
2026-08-08T06:18:11+08:00,VideoCall·COMPACT Ver.,22,0
2026-08-08T06:18:21+08:00,VideoCall·COMPACT Ver.,22,0
2026-08-08T06:18:32+08:00,VideoCall·COMPACT Ver.,22,0
2026-08-08T06:18:43+08:00,VideoCall·COMPACT Ver.,22,0
2026-08-08T06:19:05+08:00,VideoCall·COMPACT Ver.,22,0
2026-08-08T06:19:15+08:00,VideoCall·COMPACT Ver.,22,0
2026-08-08T06:19:25+08:00,VideoCall·COMPACT Ver.,22,0
2026-08-08T06:19:36+08:00,VideoCall·COMPACT Ver.,22,0
2026-08-08T06:19:47+08:00,VideoCall·COMPACT Ver.,22,0
2026-08-08T06:19:58+08:00,VideoCall·COMPACT Ver.,22,0
2026-08-08T06:20:20+08:00,VideoCall·COMPACT Ver.,22,0
2026-08-08T06:20:30+08:00,VideoCall·COMPACT Ver.,22,0
2026-08-08T06:20:41+08:00,VideoCall·COMPACT Ver.,22,0
2026-08-08T06:20:51+08:00,VideoCall·COMPACT Ver.,22,0
2026-08-08T06:21:02+08:00,VideoCall·COMPACT Ver.,22,0
2026-08-08T06:21:12+08:00,VideoCall·COMPACT Ver.,22,0
2026-08-08T06:21:40+08:00,VideoCall·COMPACT Ver.,22,0
2026-08-08T06:21:51+08:00,VideoCall·COMPACT Ver.,22,0
2026-08-08T06:22:01+08:00,VideoCall·COMPACT Ver.,22,0
2026-08-08T06:22:12+08:00,VideoCall·COMPACT Ver.,22,0
2026-08-08T06:22:23+08:00,VideoCall·COMPACT Ver.,22,0
2026-08-08T06:22:47+08:00,VideoCall·COMPACT Ver.,22,0
2026-08-08T06:22:57+08:00,VideoCall·COMPACT Ver.,22,0
2026-08-08T06:23:08+08:00,VideoCall·COMPACT Ver.,22,0
2026-08-08T06:23:18+08:00,VideoCall·COMPACT Ver.,22,0
2026-08-08T06:23:29+08:00,VideoCall·COMPACT Ver.,22,0
2026-08-08T06:23:39+08:00,VideoCall·COMPACT Ver.,22,0
2026-08-08T06:24:01+08:00,VideoCall·COMPACT Ver.,22,0
2026-08-08T06:24:12+08:00,VideoCall·COMPACT Ver.,22,0
2026-08-08T06:24:23+08:00,VideoCall·COMPACT Ver.,22,0
2026-08-08T06:24:33+08:00,VideoCall·COMPACT Ver.,22,0
2026-08-08T06:24:44+08:00,VideoCall·COMPACT Ver.,22,0
2026-08-08T06:24:54+08:00,VideoCall·COMPACT Ver.,22,0
2026-08-08T06:25:16+08:00,VideoCall·COMPACT Ver.,22,0
2026-08-08T06:25:27+08:00,VideoCall·COMPACT Ver.,22,0
2026-08-08T06:25:37+08:00,VideoCall·COMPACT Ver.,22,0
2026-08-08T06:25:48+08:00,VideoCall·COMPACT Ver.,22,0
2026-08-08T06:25:58+08:00,VideoCall·COMPACT Ver.,22,0
2026-08-08T06:26:08+08:00,VideoCall·COMPACT Ver.,22,0
2026-08-08T06:26:31+08:00,VideoCall·COMPACT Ver.,22,0
2026-08-08T06:26:41+08:00,VideoCall·COMPACT Ver.,22,0
2026-08-08T06:26:52+08:00,VideoCall·COMPACT Ver.,22,0
2026-08-08T06:27:02+08:00,VideoCall·COMPACT Ver.,22,0
2026-08-08T06:27:12+08:00,VideoCall·COMPACT Ver.,22,0
2026-08-08T06:27:23+08:00,VideoCall·COMPACT Ver.,22,0
2026-08-08T06:27:44+08:00,VideoCall·COMPACT Ver.,22,0
2026-08-08T06:27:54+08:00,VideoCall·COMPACT Ver.,22,0
2026-08-08T06:28:05+08:00,VideoCall·COMPACT Ver.,22,0
2026-08-08T06:28:15+08:00,VideoCall·COMPACT Ver.,22,0
2026-08-08T06:28:26+08:00,VideoCall·COMPACT Ver.,22,0
2026-08-08T06:28:37+08:00,VideoCall·COMPACT Ver.,22,0
2026-08-08T06:28:58+08:00,VideoCall·COMPACT Ver.,22,0
2026-08-08T06:29:09+08:00,VideoCall·COMPACT Ver.,22,0
2026-08-08T06:29:20+08:00,VideoCall·COMPACT Ver.,22,0
2026-08-08T06:29:30+08:00,VideoCall·COMPACT Ver.,22,0
2026-08-08T06:29:41+08:00,VideoCall·COMPACT Ver.,22,0
2026-08-08T06:29:51+08:00,VideoCall·COMPACT Ver.,22,0
2026-08-08T06:30:13+08:00,VideoCall·COMPACT Ver.,22,0
2026-08-08T06:30:23+08:00,VideoCall·COMPACT Ver.,22,0
2026-08-08T06:30:34+08:00,VideoCall·COMPACT Ver.,22,0
2026-08-08T06:30:44+08:00,VideoCall·COMPACT Ver.,22,0
2026-08-08T06:30:55+08:00,VideoCall·COMPACT Ver.,22,0
2026-08-08T06:31:05+08:00,VideoCall·COMPACT Ver.,22,0
2026-08-08T06:31:26+08:00,VideoCall·COMPACT Ver.,22,0
2026-08-08T06:31:37+08:00,VideoCall·COMPACT Ver.,22,0
2026-08-08T06:31:48+08:00,VideoCall·COMPACT Ver.,22,0
2026-08-08T06:31:58+08:00,VideoCall·COMPACT Ver.,22,0
2026-08-08T06:32:09+08:00,VideoCall·COMPACT Ver.,22,0
2026-08-08T06:32:19+08:00,VideoCall·COMPACT Ver.,22,0
2026-08-08T06:32:41+08:00,VideoCall·COMPACT Ver.,22,0
2026-08-08T06:32:52+08:00,VideoCall·COMPACT Ver.,22,0
2026-08-08T06:33:03+08:00,VideoCall·COMPACT Ver.,22,0
2026-08-08T06:33:13+08:00,VideoCall·COMPACT Ver.,22,0
2026-08-08T06:33:23+08:00,VideoCall·COMPACT Ver.,22,0
2026-08-08T06:33:34+08:00,VideoCall·COMPACT Ver.,22,0
2026-08-08T06:33:55+08:00,VideoCall·COMPACT Ver.,22,0
2026-08-08T06:34:05+08:00,VideoCall·COMPACT Ver.,22,0
2026-08-08T06:34:16+08:00,VideoCall·COMPACT Ver.,22,0
2026-08-08T06:34:26+08:00,VideoCall·COMPACT Ver.,22,0
2026-08-08T06:34:37+08:00,VideoCall·COMPACT Ver.,22,0
2026-08-08T06:34:47+08:00,VideoCall·COMPACT Ver.,22,0
2026-08-08T06:35:09+08:00,VideoCall·COMPACT Ver.,22,0
2026-08-08T06:35:20+08:00,VideoCall·COMPACT Ver.,22,0
2026-08-08T06:35:30+08:00,VideoCall·COMPACT Ver.,22,0
2026-08-08T06:35:41+08:00,VideoCall·COMPACT Ver.,22,0
2026-08-08T06:35:51+08:00,VideoCall·COMPACT Ver.,22,0
2026-08-08T06:36:02+08:00,VideoCall·COMPACT Ver.,22,0
2026-08-08T06:36:25+08:00,VideoCall·COMPACT Ver.,22,0
2026-08-08T06:36:36+08:00,VideoCall·COMPACT Ver.,22,0
2026-08-08T06:36:47+08:00,VideoCall·COMPACT Ver.,22,0
2026-08-08T06:36:57+08:00,VideoCall·COMPACT Ver.,22,0
2026-08-08T06:37:08+08:00,VideoCall·COMPACT Ver.,22,0
2026-08-08T06:37:18+08:00,VideoCall·COMPACT Ver.,22,0
2026-08-08T06:37:40+08:00,VideoCall·COMPACT Ver.,22,0
2026-08-08T06:37:51+08:00,VideoCall·COMPACT Ver.,22,0
2026-08-08T06:38:01+08:00,VideoCall·COMPACT Ver.,22,0
2026-08-08T06:38:12+08:00,VideoCall·COMPACT Ver.,22,0
2026-08-08T06:38:23+08:00,VideoCall·COMPACT Ver.,22,0
2026-08-08T06:38:34+08:00,VideoCall·COMPACT Ver.,22,0
2026-08-08T06:38:55+08:00,VideoCall·COMPACT Ver.,22,0
2026-08-08T06:39:06+08:00,VideoCall·COMPACT Ver.,22,0
2026-08-08T06:39:16+08:00,VideoCall·COMPACT Ver.,22,0
2026-08-08T06:39:27+08:00,VideoCall·COMPACT Ver.,22,0
2026-08-08T06:39:37+08:00,VideoCall·COMPACT Ver.,22,0
2026-08-08T06:39:48+08:00,VideoCall·COMPACT Ver.,22,0
2026-08-08T06:40:09+08:00,VideoCall·COMPACT Ver.,22,0
2026-08-08T06:40:20+08:00,VideoCall·COMPACT Ver.,22,0
2026-08-08T06:40:31+08:00,VideoCall·COMPACT Ver.,22,0
2026-08-08T06:40:42+08:00,VideoCall·COMPACT Ver.,22,0
2026-08-08T06:40:52+08:00,VideoCall·COMPACT Ver.,22,0
2026-08-08T06:41:03+08:00,VideoCall·COMPACT Ver.,22,0
2026-08-08T06:41:24+08:00,VideoCall·COMPACT Ver.,22,0
2026-08-08T06:41:35+08:00,VideoCall·COMPACT Ver.,22,0
2026-08-08T06:41:46+08:00,VideoCall·COMPACT Ver.,22,0
2026-08-08T06:41:56+08:00,VideoCall·COMPACT Ver.,22,0
2026-08-08T06:42:07+08:00,VideoCall·COMPACT Ver.,22,0
2026-08-08T06:42:17+08:00,VideoCall·COMPACT Ver.,22,0
2026-08-08T06:42:39+08:00,VideoCall·COMPACT Ver.,22,0
2026-08-08T06:42:50+08:00,VideoCall·COMPACT Ver.,22,0
2026-08-08T06:43:00+08:00,VideoCall·COMPACT Ver.,22,0
2026-08-08T06:43:11+08:00,VideoCall·COMPACT Ver.,22,0
2026-08-08T06:43:22+08:00,VideoCall·COMPACT Ver.,22,0
2026-08-08T06:43:32+08:00,VideoCall·COMPACT Ver.,22,0
2026-08-08T06:43:52+08:00,VideoCall·COMPACT Ver.,22,0
2026-08-08T06:44:03+08:00,VideoCall·COMPACT Ver.,22,0
2026-08-08T06:44:13+08:00,VideoCall·COMPACT Ver.,22,0
2026-08-08T06:44:24+08:00,VideoCall·COMPACT Ver.,22,0
2026-08-08T06:44:34+08:00,VideoCall·COMPACT Ver.,22,0
2026-08-08T06:44:45+08:00,VideoCall·COMPACT Ver.,22,0
2026-08-08T06:45:07+08:00,VideoCall·COMPACT Ver.,22,0
2026-08-08T06:45:17+08:00,VideoCall·COMPACT Ver.,22,0
2026-08-08T06:45:27+08:00,VideoCall·COMPACT Ver.,22,0
2026-08-08T06:45:38+08:00,VideoCall·COMPACT Ver.,22,0
2026-08-08T06:45:48+08:00,VideoCall·COMPACT Ver.,22,0
2026-08-08T06:45:59+08:00,VideoCall·COMPACT Ver.,22,0
2026-08-08T06:46:21+08:00,VideoCall·COMPACT Ver.,22,0
2026-08-08T06:46:31+08:00,VideoCall·COMPACT Ver.,22,0
2026-08-08T06:46:42+08:00,VideoCall·COMPACT Ver.,22,0
2026-08-08T06:46:56+08:00,VideoCall·COMPACT Ver.,22,0
2026-08-08T06:47:06+08:00,VideoCall·COMPACT Ver.,22,0
2026-08-08T06:47:17+08:00,VideoCall·COMPACT Ver.,22,0
2026-08-08T06:48:00+08:00,VideoCall·COMPACT Ver.,22,0
2026-08-08T06:48:12+08:00,VideoCall·COMPACT Ver.,22,0
2026-08-08T06:48:23+08:00,VideoCall·COMPACT Ver.,22,0
2026-08-08T06:48:34+08:00,VideoCall·COMPACT Ver.,22,0
2026-08-08T06:48:44+08:00,VideoCall·COMPACT Ver.,22,0
2026-08-08T06:48:55+08:00,VideoCall·COMPACT Ver.,22,0
2026-08-08T06:49:06+08:00,VideoCall·COMPACT Ver.,22,0
2026-08-08T06:49:31+08:00,VideoCall·COMPACT Ver.,22,0
2026-08-08T06:49:41+08:00,VideoCall·COMPACT Ver.,22,0
2026-08-08T06:49:53+08:00,VideoCall·COMPACT Ver.,22,0
2026-08-08T06:50:04+08:00,VideoCall·COMPACT Ver.,22,0
2026-08-08T06:50:15+08:00,VideoCall·COMPACT Ver.,22,0
2026-08-08T06:50:26+08:00,VideoCall·COMPACT Ver.,22,0
2026-08-08T06:50:50+08:00,VideoCall·COMPACT Ver.,22,0
2026-08-08T06:51:01+08:00,VideoCall·COMPACT Ver.,22,0
2026-08-08T06:51:12+08:00,VideoCall·COMPACT Ver.,22,0
2026-08-08T06:51:23+08:00,VideoCall·COMPACT Ver.,22,0
2026-08-08T06:51:33+08:00,VideoCall·COMPACT Ver.,22,0
2026-08-08T06:51:45+08:00,VideoCall·COMPACT Ver.,22,0
2026-08-08T06:52:09+08:00,VideoCall·COMPACT Ver.,22,0
2026-08-08T06:52:20+08:00,VideoCall·COMPACT Ver.,22,0
2026-08-08T06:52:31+08:00,VideoCall·COMPACT Ver.,22,0
2026-08-08T06:52:42+08:00,VideoCall·COMPACT Ver.,22,0
2026-08-08T06:52:52+08:00,VideoCall·COMPACT Ver.,22,0
2026-08-08T06:53:03+08:00,VideoCall·COMPACT Ver.,22,0
2026-08-08T06:53:27+08:00,VideoCall·COMPACT Ver.,22,0
2026-08-08T06:53:38+08:00,VideoCall·COMPACT Ver.,22,0
2026-08-08T06:53:49+08:00,VideoCall·COMPACT Ver.,22,0
2026-08-08T06:54:00+08:00,VideoCall·COMPACT Ver.,22,0
2026-08-08T06:54:11+08:00,VideoCall·COMPACT Ver.,22,0
2026-08-08T06:54:22+08:00,VideoCall·COMPACT Ver.,22,0
2026-08-08T06:54:47+08:00,VideoCall·COMPACT Ver.,22,0
2026-08-08T06:55:03+08:00,VideoCall·COMPACT Ver.,22,0
2026-08-08T06:55:14+08:00,VideoCall·COMPACT Ver.,22,0
2026-08-08T06:55:24+08:00,VideoCall·COMPACT Ver.,22,0
2026-08-08T06:55:35+08:00,VideoCall·COMPACT Ver.,22,0
2026-08-08T06:55:59+08:00,VideoCall·COMPACT Ver.,22,0
2026-08-08T06:56:10+08:00,VideoCall·COMPACT Ver.,22,0
2026-08-08T06:56:21+08:00,VideoCall·COMPACT Ver.,22,0
2026-08-08T06:56:32+08:00,VideoCall·COMPACT Ver.,22,0
2026-08-08T06:56:43+08:00,VideoCall·COMPACT Ver.,22,0
2026-08-08T06:56:54+08:00,VideoCall·COMPACT Ver.,22,0
2026-08-08T06:57:18+08:00,VideoCall·COMPACT Ver.,22,0
2026-08-08T06:57:30+08:00,VideoCall·COMPACT Ver.,22,0
2026-08-08T06:57:41+08:00,VideoCall·COMPACT Ver.,22,0
2026-08-08T06:57:52+08:00,VideoCall·COMPACT Ver.,22,0
2026-08-08T06:58:03+08:00,VideoCall·COMPACT Ver.,22,0
2026-08-08T06:58:14+08:00,VideoCall·COMPACT Ver.,22,0
2026-08-08T06:58:37+08:00,VideoCall·COMPACT Ver.,22,0
2026-08-08T06:58:48+08:00,VideoCall·COMPACT Ver.,22,0
2026-08-08T06:58:59+08:00,VideoCall·COMPACT Ver.,22,0
2026-08-08T06:59:10+08:00,VideoCall·COMPACT Ver.,22,0
2026-08-08T06:59:20+08:00,VideoCall·COMPACT Ver.,22,0
2026-08-08T06:59:32+08:00,VideoCall·COMPACT Ver.,22,0
2026-08-08T06:59:57+08:00,VideoCall·COMPACT Ver.,22,0
2026-08-08T07:00:08+08:00,VideoCall·COMPACT Ver.,22,0
2026-08-08T07:00:19+08:00,VideoCall·COMPACT Ver.,22,0
2026-08-08T07:00:30+08:00,VideoCall·COMPACT Ver.,22,0
2026-08-08T07:00:41+08:00,VideoCall·COMPACT Ver.,22,0
2026-08-08T07:00:51+08:00,VideoCall·COMPACT Ver.,22,0
2026-08-08T07:01:16+08:00,VideoCall·COMPACT Ver.,22,0
2026-08-08T07:01:26+08:00,VideoCall·COMPACT Ver.,22,0
2026-08-08T07:01:37+08:00,VideoCall·COMPACT Ver.,22,0
2026-08-08T07:01:48+08:00,VideoCall·COMPACT Ver.,22,0
2026-08-08T07:01:59+08:00,VideoCall·COMPACT Ver.,22,0
2026-08-08T07:02:10+08:00,VideoCall·COMPACT Ver.,22,0
2026-08-08T07:02:34+08:00,VideoCall·COMPACT Ver.,22,0
2026-08-08T07:02:45+08:00,VideoCall·COMPACT Ver.,22,0
2026-08-08T07:02:56+08:00,VideoCall·COMPACT Ver.,22,0
2026-08-08T07:03:07+08:00,VideoCall·COMPACT Ver.,22,0
2026-08-08T07:03:18+08:00,VideoCall·COMPACT Ver.,22,0
2026-08-08T07:03:29+08:00,VideoCall·COMPACT Ver.,22,0
2026-08-08T07:03:52+08:00,VideoCall·COMPACT Ver.,22,0
2026-08-08T07:04:03+08:00,VideoCall·COMPACT Ver.,22,0
2026-08-08T07:04:14+08:00,VideoCall·COMPACT Ver.,22,0
2026-08-08T07:04:25+08:00,VideoCall·COMPACT Ver.,22,0
2026-08-08T07:04:37+08:00,VideoCall·COMPACT Ver.,22,0
2026-08-08T07:04:48+08:00,VideoCall·COMPACT Ver.,22,0
2026-08-08T07:05:12+08:00,VideoCall·COMPACT Ver.,22,0
2026-08-08T07:05:23+08:00,VideoCall·COMPACT Ver.,22,0
2026-08-08T07:05:34+08:00,VideoCall·COMPACT Ver.,22,0
2026-08-08T07:05:45+08:00,VideoCall·COMPACT Ver.,22,0
2026-08-08T07:05:55+08:00,VideoCall·COMPACT Ver.,22,0
2026-08-08T07:06:06+08:00,VideoCall·COMPACT Ver.,22,0
2026-08-08T07:06:30+08:00,VideoCall·COMPACT Ver.,22,0
2026-08-08T07:06:41+08:00,VideoCall·COMPACT Ver.,22,0
2026-08-08T07:06:52+08:00,VideoCall·COMPACT Ver.,22,0
2026-08-08T07:07:03+08:00,VideoCall·COMPACT Ver.,22,0
2026-08-08T07:07:14+08:00,VideoCall·COMPACT Ver.,22,0
2026-08-08T07:07:25+08:00,VideoCall·COMPACT Ver.,22,0
2026-08-08T07:07:49+08:00,VideoCall·COMPACT Ver.,22,0
2026-08-08T07:08:00+08:00,VideoCall·COMPACT Ver.,22,0
2026-08-08T07:08:11+08:00,VideoCall·COMPACT Ver.,22,0
2026-08-08T07:08:21+08:00,VideoCall·COMPACT Ver.,22,0
2026-08-08T07:08:33+08:00,VideoCall·COMPACT Ver.,22,0
2026-08-08T07:08:43+08:00,VideoCall·COMPACT Ver.,22,0
2026-08-08T07:09:07+08:00,VideoCall·COMPACT Ver.,22,0
2026-08-08T07:09:18+08:00,VideoCall·COMPACT Ver.,22,0
2026-08-08T07:09:29+08:00,VideoCall·COMPACT Ver.,22,0
2026-08-08T07:09:39+08:00,VideoCall·COMPACT Ver.,22,0
2026-08-08T07:09:50+08:00,VideoCall·COMPACT Ver.,22,0
2026-08-08T07:10:01+08:00,VideoCall·COMPACT Ver.,22,0
2026-08-08T07:10:25+08:00,VideoCall·COMPACT Ver.,22,0
2026-08-08T07:10:36+08:00,VideoCall·COMPACT Ver.,22,0
2026-08-08T07:10:47+08:00,VideoCall·COMPACT Ver.,22,0
2026-08-08T07:10:59+08:00,VideoCall·COMPACT Ver.,22,0
2026-08-08T07:11:10+08:00,VideoCall·COMPACT Ver.,22,0
2026-08-08T07:11:21+08:00,VideoCall·COMPACT Ver.,22,0
2026-08-08T07:11:45+08:00,VideoCall·COMPACT Ver.,22,0
2026-08-08T07:11:56+08:00,VideoCall·COMPACT Ver.,22,0
2026-08-08T07:12:06+08:00,VideoCall·COMPACT Ver.,22,0
2026-08-08T07:12:17+08:00,VideoCall·COMPACT Ver.,22,0
2026-08-08T07:12:27+08:00,VideoCall·COMPACT Ver.,22,0
2026-08-08T07:12:38+08:00,VideoCall·COMPACT Ver.,22,0
2026-08-08T07:13:01+08:00,VideoCall·COMPACT Ver.,22,0
2026-08-08T07:13:12+08:00,VideoCall·COMPACT Ver.,22,0
2026-08-08T07:13:23+08:00,VideoCall·COMPACT Ver.,22,0
2026-08-08T07:13:34+08:00,VideoCall·COMPACT Ver.,22,0
2026-08-08T07:13:44+08:00,VideoCall·COMPACT Ver.,22,0
2026-08-08T07:13:55+08:00,VideoCall·COMPACT Ver.,22,0
2026-08-08T07:14:20+08:00,VideoCall·COMPACT Ver.,22,0
2026-08-08T07:14:30+08:00,VideoCall·COMPACT Ver.,22,0
2026-08-08T07:14:42+08:00,VideoCall·COMPACT Ver.,22,0
2026-08-08T07:14:52+08:00,VideoCall·COMPACT Ver.,22,0
2026-08-08T07:15:03+08:00,VideoCall·COMPACT Ver.,22,0
2026-08-08T07:15:13+08:00,VideoCall·COMPACT Ver.,22,0
2026-08-08T07:15:38+08:00,VideoCall·COMPACT Ver.,22,0
2026-08-08T07:15:49+08:00,VideoCall·COMPACT Ver.,22,0
2026-08-08T07:16:00+08:00,VideoCall·COMPACT Ver.,22,0
2026-08-08T07:16:11+08:00,VideoCall·COMPACT Ver.,22,0
2026-08-08T07:16:21+08:00,VideoCall·COMPACT Ver.,22,0
2026-08-08T07:16:31+08:00,VideoCall·COMPACT Ver.,22,0
2026-08-08T07:16:55+08:00,VideoCall·COMPACT Ver.,22,0
2026-08-08T07:17:05+08:00,VideoCall·COMPACT Ver.,22,0
2026-08-08T07:17:16+08:00,VideoCall·COMPACT Ver.,22,0
2026-08-08T07:17:27+08:00,VideoCall·COMPACT Ver.,22,0
2026-08-08T07:17:38+08:00,VideoCall·COMPACT Ver.,22,0
2026-08-08T07:17:50+08:00,VideoCall·COMPACT Ver.,22,0
2026-08-08T07:18:14+08:00,VideoCall·COMPACT Ver.,22,0
2026-08-08T07:18:25+08:00,VideoCall·COMPACT Ver.,22,0
2026-08-08T07:18:36+08:00,VideoCall·COMPACT Ver.,22,0
2026-08-08T07:18:47+08:00,VideoCall·COMPACT Ver.,22,0
2026-08-08T07:18:57+08:00,VideoCall·COMPACT Ver.,22,0
2026-08-08T07:19:08+08:00,VideoCall·COMPACT Ver.,22,0
2026-08-08T07:19:33+08:00,VideoCall·COMPACT Ver.,22,0
2026-08-08T07:19:44+08:00,VideoCall·COMPACT Ver.,22,0
2026-08-08T07:19:55+08:00,VideoCall·COMPACT Ver.,22,0
2026-08-08T07:20:06+08:00,VideoCall·COMPACT Ver.,22,0
2026-08-08T07:20:17+08:00,VideoCall·COMPACT Ver.,22,0
2026-08-08T07:20:28+08:00,VideoCall·COMPACT Ver.,22,0
2026-08-08T07:20:52+08:00,VideoCall·COMPACT Ver.,22,0
2026-08-08T07:21:03+08:00,VideoCall·COMPACT Ver.,22,0
2026-08-08T07:21:14+08:00,VideoCall·COMPACT Ver.,22,0
2026-08-08T07:21:25+08:00,VideoCall·COMPACT Ver.,22,0
2026-08-08T07:21:36+08:00,VideoCall·COMPACT Ver.,22,0
2026-08-08T07:21:47+08:00,VideoCall·COMPACT Ver.,22,0
2026-08-08T07:22:11+08:00,VideoCall·COMPACT Ver.,22,0
2026-08-08T07:22:22+08:00,VideoCall·COMPACT Ver.,22,0
2026-08-08T07:22:32+08:00,VideoCall·COMPACT Ver.,22,0
2026-08-08T07:22:44+08:00,VideoCall·COMPACT Ver.,22,0
2026-08-08T07:22:55+08:00,VideoCall·COMPACT Ver.,22,0
2026-08-08T07:23:06+08:00,VideoCall·COMPACT Ver.,22,0
2026-08-08T07:23:30+08:00,VideoCall·COMPACT Ver.,22,0
2026-08-08T07:23:41+08:00,VideoCall·COMPACT Ver.,22,0
2026-08-08T07:23:52+08:00,VideoCall·COMPACT Ver.,22,0
2026-08-08T07:24:03+08:00,VideoCall·COMPACT Ver.,22,0
2026-08-08T07:24:14+08:00,VideoCall·COMPACT Ver.,22,0
2026-08-08T07:24:25+08:00,VideoCall·COMPACT Ver.,22,0
2026-08-08T07:24:49+08:00,VideoCall·COMPACT Ver.,22,0
2026-08-08T07:24:59+08:00,VideoCall·COMPACT Ver.,22,0
2026-08-08T07:25:10+08:00,VideoCall·COMPACT Ver.,22,0
2026-08-08T07:25:21+08:00,VideoCall·COMPACT Ver.,22,0
2026-08-08T07:25:32+08:00,VideoCall·COMPACT Ver.,22,0
2026-08-08T07:25:43+08:00,VideoCall·COMPACT Ver.,22,0
2026-08-08T07:26:08+08:00,VideoCall·COMPACT Ver.,22,0
2026-08-08T07:26:18+08:00,VideoCall·COMPACT Ver.,22,0
2026-08-08T07:26:29+08:00,VideoCall·COMPACT Ver.,22,0
2026-08-08T07:26:40+08:00,VideoCall·COMPACT Ver.,22,0
2026-08-08T07:26:51+08:00,VideoCall·COMPACT Ver.,22,0
2026-08-08T07:27:02+08:00,VideoCall·COMPACT Ver.,22,0
2026-08-08T07:27:26+08:00,VideoCall·COMPACT Ver.,22,0
2026-08-08T07:27:37+08:00,VideoCall·COMPACT Ver.,22,0
2026-08-08T07:27:48+08:00,VideoCall·COMPACT Ver.,22,0
2026-08-08T07:27:59+08:00,VideoCall·COMPACT Ver.,22,0
2026-08-08T07:28:10+08:00,VideoCall·COMPACT Ver.,22,0
2026-08-08T07:28:21+08:00,VideoCall·COMPACT Ver.,22,0
2026-08-08T07:28:46+08:00,VideoCall·COMPACT Ver.,22,0
2026-08-08T07:28:57+08:00,VideoCall·COMPACT Ver.,22,0
2026-08-08T07:29:08+08:00,VideoCall·COMPACT Ver.,22,0
2026-08-08T07:29:19+08:00,VideoCall·COMPACT Ver.,22,0
2026-08-08T07:29:30+08:00,VideoCall·COMPACT Ver.,22,0
2026-08-08T07:29:41+08:00,VideoCall·COMPACT Ver.,22,0
2026-08-08T07:30:05+08:00,VideoCall·COMPACT Ver.,22,0
2026-08-08T07:30:15+08:00,VideoCall·COMPACT Ver.,22,0
2026-08-08T07:30:26+08:00,VideoCall·COMPACT Ver.,22,0
2026-08-08T07:30:37+08:00,VideoCall·COMPACT Ver.,22,0
2026-08-08T07:30:47+08:00,VideoCall·COMPACT Ver.,22,0
2026-08-08T07:30:58+08:00,VideoCall·COMPACT Ver.,22,0
2026-08-08T07:31:23+08:00,VideoCall·COMPACT Ver.,22,0
2026-08-08T07:31:34+08:00,VideoCall·COMPACT Ver.,22,0
2026-08-08T07:31:44+08:00,VideoCall·COMPACT Ver.,22,0
2026-08-08T07:31:55+08:00,VideoCall·COMPACT Ver.,22,0
2026-08-08T07:32:10+08:00,VideoCall·COMPACT Ver.,22,0
2026-08-08T07:32:34+08:00,VideoCall·COMPACT Ver.,22,0
2026-08-08T07:32:45+08:00,VideoCall·COMPACT Ver.,22,0
2026-08-08T07:32:56+08:00,VideoCall·COMPACT Ver.,22,0
2026-08-08T07:33:06+08:00,VideoCall·COMPACT Ver.,22,0
2026-08-08T07:33:17+08:00,VideoCall·COMPACT Ver.,22,0
2026-08-08T07:33:28+08:00,VideoCall·COMPACT Ver.,22,0
2026-08-08T07:33:52+08:00,VideoCall·COMPACT Ver.,22,0
2026-08-08T07:34:03+08:00,VideoCall·COMPACT Ver.,22,0
2026-08-08T07:34:15+08:00,VideoCall·COMPACT Ver.,22,0
2026-08-08T07:34:25+08:00,VideoCall·COMPACT Ver.,22,0
2026-08-08T07:34:36+08:00,VideoCall·COMPACT Ver.,22,0
2026-08-08T07:34:47+08:00,VideoCall·COMPACT Ver.,22,0
2026-08-08T07:35:11+08:00,VideoCall·COMPACT Ver.,22,0
2026-08-08T07:35:22+08:00,VideoCall·COMPACT Ver.,22,0
2026-08-08T07:35:33+08:00,VideoCall·COMPACT Ver.,22,0
2026-08-08T07:35:43+08:00,VideoCall·COMPACT Ver.,22,0
2026-08-08T07:35:55+08:00,VideoCall·COMPACT Ver.,22,0
2026-08-08T07:36:06+08:00,VideoCall·COMPACT Ver.,22,0
2026-08-08T07:36:56+08:00,VideoCall·COMPACT Ver.,22,0
2026-08-08T07:37:07+08:00,VideoCall·COMPACT Ver.,22,0
2026-08-08T07:37:18+08:00,VideoCall·COMPACT Ver.,22,0
2026-08-08T07:37:28+08:00,VideoCall·COMPACT Ver.,22,0
2026-08-08T07:37:39+08:00,VideoCall·COMPACT Ver.,22,0
2026-08-08T07:37:50+08:00,VideoCall·COMPACT Ver.,22,0
2026-08-08T07:38:01+08:00,VideoCall·COMPACT Ver.,22,0
2026-08-08T07:38:24+08:00,VideoCall·COMPACT Ver.,22,0
2026-08-08T07:38:35+08:00,VideoCall·COMPACT Ver.,22,0
2026-08-08T07:38:46+08:00,VideoCall·COMPACT Ver.,22,0
2026-08-08T07:38:57+08:00,VideoCall·COMPACT Ver.,22,0
2026-08-08T07:39:07+08:00,VideoCall·COMPACT Ver.,22,0
2026-08-08T07:39:18+08:00,VideoCall·COMPACT Ver.,22,0
2026-08-08T07:39:41+08:00,VideoCall·COMPACT Ver.,22,0
2026-08-08T07:39:52+08:00,VideoCall·COMPACT Ver.,22,0
2026-08-08T07:40:03+08:00,VideoCall·COMPACT Ver.,22,0
2026-08-08T07:40:13+08:00,VideoCall·COMPACT Ver.,22,0
2026-08-08T07:40:24+08:00,VideoCall·COMPACT Ver.,22,0
2026-08-08T07:40:35+08:00,VideoCall·COMPACT Ver.,22,0
2026-08-08T07:40:59+08:00,VideoCall·COMPACT Ver.,22,0
2026-08-08T07:41:10+08:00,VideoCall·COMPACT Ver.,22,0
2026-08-08T07:41:21+08:00,VideoCall·COMPACT Ver.,22,0
2026-08-08T07:41:32+08:00,VideoCall·COMPACT Ver.,22,0
2026-08-08T07:41:42+08:00,VideoCall·COMPACT Ver.,22,0
2026-08-08T07:41:53+08:00,VideoCall·COMPACT Ver.,22,0
2026-08-08T07:42:18+08:00,VideoCall·COMPACT Ver.,22,0
2026-08-08T07:42:29+08:00,VideoCall·COMPACT Ver.,22,0
2026-08-08T07:42:40+08:00,VideoCall·COMPACT Ver.,22,0
2026-08-08T07:42:51+08:00,VideoCall·COMPACT Ver.,22,0
2026-08-08T07:43:02+08:00,VideoCall·COMPACT Ver.,22,0
2026-08-08T07:43:13+08:00,VideoCall·COMPACT Ver.,22,0
2026-08-08T07:43:37+08:00,VideoCall·COMPACT Ver.,22,0
2026-08-08T07:43:48+08:00,VideoCall·COMPACT Ver.,22,0
2026-08-08T07:43:59+08:00,VideoCall·COMPACT Ver.,22,0
2026-08-08T07:44:09+08:00,VideoCall·COMPACT Ver.,22,0
2026-08-08T07:44:20+08:00,VideoCall·COMPACT Ver.,22,0
2026-08-08T07:44:31+08:00,VideoCall·COMPACT Ver.,22,0
2026-08-08T07:44:56+08:00,VideoCall·COMPACT Ver.,22,0
2026-08-08T07:45:06+08:00,VideoCall·COMPACT Ver.,22,0
2026-08-08T07:45:17+08:00,VideoCall·COMPACT Ver.,22,0
2026-08-08T07:45:28+08:00,VideoCall·COMPACT Ver.,22,0
2026-08-08T07:45:38+08:00,VideoCall·COMPACT Ver.,22,0
2026-08-08T07:45:49+08:00,VideoCall·COMPACT Ver.,22,0
2026-08-08T07:46:13+08:00,VideoCall·COMPACT Ver.,22,0
2026-08-08T07:46:24+08:00,VideoCall·COMPACT Ver.,22,0
2026-08-08T07:46:34+08:00,VideoCall·COMPACT Ver.,22,0
2026-08-08T07:46:45+08:00,VideoCall·COMPACT Ver.,22,0
2026-08-08T07:46:55+08:00,VideoCall·COMPACT Ver.,22,0
2026-08-08T07:47:07+08:00,VideoCall·COMPACT Ver.,22,0
2026-08-08T07:47:31+08:00,VideoCall·COMPACT Ver.,22,0
2026-08-08T07:47:41+08:00,VideoCall·COMPACT Ver.,22,0
2026-08-08T07:47:52+08:00,VideoCall·COMPACT Ver.,22,0
2026-08-08T07:48:03+08:00,VideoCall·COMPACT Ver.,22,0
2026-08-08T07:48:14+08:00,VideoCall·COMPACT Ver.,22,0
2026-08-08T07:48:25+08:00,VideoCall·COMPACT Ver.,22,0
2026-08-08T07:48:50+08:00,VideoCall·COMPACT Ver.,22,0
2026-08-08T07:49:00+08:00,VideoCall·COMPACT Ver.,22,0
2026-08-08T07:49:11+08:00,VideoCall·COMPACT Ver.,22,0
2026-08-08T07:49:22+08:00,VideoCall·COMPACT Ver.,22,0
2026-08-08T07:49:33+08:00,VideoCall·COMPACT Ver.,22,0
2026-08-08T07:49:43+08:00,VideoCall·COMPACT Ver.,22,0
2026-08-08T07:50:07+08:00,VideoCall·COMPACT Ver.,22,0
2026-08-08T07:50:18+08:00,VideoCall·COMPACT Ver.,22,0
2026-08-08T07:50:29+08:00,VideoCall·COMPACT Ver.,22,0
2026-08-08T07:50:40+08:00,VideoCall·COMPACT Ver.,22,0
2026-08-08T07:50:51+08:00,VideoCall·COMPACT Ver.,22,0
2026-08-08T07:51:02+08:00,VideoCall·COMPACT Ver.,22,0
2026-08-08T07:51:26+08:00,VideoCall·COMPACT Ver.,22,0
2026-08-08T07:51:37+08:00,VideoCall·COMPACT Ver.,22,0
2026-08-08T07:51:48+08:00,VideoCall·COMPACT Ver.,22,0
2026-08-08T07:51:59+08:00,VideoCall·COMPACT Ver.,22,0
2026-08-08T07:52:10+08:00,VideoCall·COMPACT Ver.,22,0
2026-08-08T07:52:20+08:00,VideoCall·COMPACT Ver.,22,0
2026-08-08T07:52:45+08:00,VideoCall·COMPACT Ver.,22,0
2026-08-08T07:52:56+08:00,VideoCall·COMPACT Ver.,22,0
2026-08-08T07:53:06+08:00,VideoCall·COMPACT Ver.,22,0
2026-08-08T07:53:17+08:00,VideoCall·COMPACT Ver.,22,0
2026-08-08T07:53:28+08:00,VideoCall·COMPACT Ver.,22,0
2026-08-08T07:53:39+08:00,VideoCall·COMPACT Ver.,22,0
2026-08-08T07:54:02+08:00,VideoCall·COMPACT Ver.,22,0
2026-08-08T07:54:13+08:00,VideoCall·COMPACT Ver.,22,0
2026-08-08T07:54:23+08:00,VideoCall·COMPACT Ver.,22,0
2026-08-08T07:54:34+08:00,VideoCall·COMPACT Ver.,22,0
2026-08-08T07:54:45+08:00,VideoCall·COMPACT Ver.,22,0
2026-08-08T07:54:56+08:00,VideoCall·COMPACT Ver.,22,0
2026-08-08T07:55:20+08:00,VideoCall·COMPACT Ver.,22,0
2026-08-08T07:55:31+08:00,VideoCall·COMPACT Ver.,22,0
2026-08-08T07:55:42+08:00,VideoCall·COMPACT Ver.,22,0
2026-08-08T07:55:53+08:00,VideoCall·COMPACT Ver.,22,0
2026-08-08T07:56:04+08:00,VideoCall·COMPACT Ver.,22,0
2026-08-08T07:56:14+08:00,VideoCall·COMPACT Ver.,22,0
2026-08-08T07:56:37+08:00,VideoCall·COMPACT Ver.,22,0
2026-08-08T07:56:48+08:00,VideoCall·COMPACT Ver.,22,0
2026-08-08T07:56:59+08:00,VideoCall·COMPACT Ver.,22,0
2026-08-08T07:57:10+08:00,VideoCall·COMPACT Ver.,22,0
2026-08-08T07:57:21+08:00,VideoCall·COMPACT Ver.,22,0
2026-08-08T07:57:32+08:00,VideoCall·COMPACT Ver.,22,0
2026-08-08T07:57:56+08:00,VideoCall·COMPACT Ver.,22,0
2026-08-08T07:58:07+08:00,VideoCall·COMPACT Ver.,22,0
2026-08-08T07:58:18+08:00,VideoCall·COMPACT Ver.,22,0
2026-08-08T07:58:29+08:00,VideoCall·COMPACT Ver.,22,0
2026-08-08T07:58:40+08:00,VideoCall·COMPACT Ver.,22,0
2026-08-08T07:58:51+08:00,VideoCall·COMPACT Ver.,22,0
2026-08-08T07:59:15+08:00,VideoCall·COMPACT Ver.,22,0
2026-08-08T07:59:25+08:00,VideoCall·COMPACT Ver.,22,0
2026-08-08T07:59:36+08:00,VideoCall·COMPACT Ver.,22,0
2026-08-08T07:59:47+08:00,VideoCall·COMPACT Ver.,22,0
2026-08-08T07:59:58+08:00,VideoCall·COMPACT Ver.,22,0
2026-08-08T08:00:09+08:00,VideoCall·COMPACT Ver.,22,0
2026-08-08T08:00:32+08:00,VideoCall·COMPACT Ver.,22,0
2026-08-08T08:00:43+08:00,VideoCall·COMPACT Ver.,22,0
2026-08-08T08:00:54+08:00,VideoCall·COMPACT Ver.,22,0
2026-08-08T08:01:05+08:00,VideoCall·COMPACT Ver.,22,0
2026-08-08T08:01:15+08:00,VideoCall·COMPACT Ver.,22,0
2026-08-08T08:01:25+08:00,VideoCall·COMPACT Ver.,22,0
2026-08-08T08:01:48+08:00,VideoCall·COMPACT Ver.,22,0
2026-08-08T08:01:59+08:00,VideoCall·COMPACT Ver.,22,0
2026-08-08T08:02:10+08:00,VideoCall·COMPACT Ver.,22,0
2026-08-08T08:02:21+08:00,VideoCall·COMPACT Ver.,22,0
2026-08-08T08:02:31+08:00,VideoCall·COMPACT Ver.,22,0
2026-08-08T08:02:42+08:00,VideoCall·COMPACT Ver.,22,0
2026-08-08T08:03:06+08:00,VideoCall·COMPACT Ver.,22,0
2026-08-08T08:03:17+08:00,VideoCall·COMPACT Ver.,22,0
2026-08-08T08:03:28+08:00,VideoCall·COMPACT Ver.,22,0
2026-08-08T08:03:38+08:00,VideoCall·COMPACT Ver.,22,0
2026-08-08T08:03:49+08:00,VideoCall·COMPACT Ver.,22,0
2026-08-08T08:04:00+08:00,VideoCall·COMPACT Ver.,22,0
2026-08-08T08:04:23+08:00,VideoCall·COMPACT Ver.,22,0
2026-08-08T08:04:34+08:00,VideoCall·COMPACT Ver.,22,0
2026-08-08T08:04:44+08:00,VideoCall·COMPACT Ver.,22,0
2026-08-08T08:04:55+08:00,VideoCall·COMPACT Ver.,22,0
2026-08-08T08:05:06+08:00,VideoCall·COMPACT Ver.,22,0
2026-08-08T08:05:17+08:00,VideoCall·COMPACT Ver.,22,0
2026-08-08T08:05:41+08:00,VideoCall·COMPACT Ver.,22,0
2026-08-08T08:05:52+08:00,VideoCall·COMPACT Ver.,22,0
2026-08-08T08:06:02+08:00,VideoCall·COMPACT Ver.,22,0
2026-08-08T08:06:13+08:00,VideoCall·COMPACT Ver.,22,0
2026-08-08T08:06:24+08:00,VideoCall·COMPACT Ver.,22,0
2026-08-08T08:06:35+08:00,VideoCall·COMPACT Ver.,22,0
2026-08-08T08:06:59+08:00,VideoCall·COMPACT Ver.,22,0
2026-08-08T08:07:10+08:00,VideoCall·COMPACT Ver.,22,0
2026-08-08T08:07:21+08:00,VideoCall·COMPACT Ver.,22,0
2026-08-08T08:07:32+08:00,VideoCall·COMPACT Ver.,22,0
2026-08-08T08:07:42+08:00,VideoCall·COMPACT Ver.,22,0
2026-08-08T08:07:53+08:00,VideoCall·COMPACT Ver.,22,0
2026-08-08T08:08:17+08:00,VideoCall·COMPACT Ver.,22,0
2026-08-08T08:08:28+08:00,VideoCall·COMPACT Ver.,22,0
2026-08-08T08:08:38+08:00,VideoCall·COMPACT Ver.,22,0
2026-08-08T08:08:49+08:00,VideoCall·COMPACT Ver.,22,0
2026-08-08T08:09:00+08:00,VideoCall·COMPACT Ver.,22,0
2026-08-08T08:09:11+08:00,VideoCall·COMPACT Ver.,22,0
2026-08-08T08:09:35+08:00,VideoCall·COMPACT Ver.,22,0
2026-08-08T08:09:46+08:00,VideoCall·COMPACT Ver.,22,0
2026-08-08T08:09:56+08:00,VideoCall·COMPACT Ver.,22,0
2026-08-08T08:10:07+08:00,VideoCall·COMPACT Ver.,22,0
2026-08-08T08:10:18+08:00,VideoCall·COMPACT Ver.,22,0
2026-08-08T08:10:29+08:00,VideoCall·COMPACT Ver.,22,0
2026-08-08T08:10:53+08:00,VideoCall·COMPACT Ver.,22,0
2026-08-08T08:11:04+08:00,VideoCall·COMPACT Ver.,22,0
2026-08-08T08:11:15+08:00,VideoCall·COMPACT Ver.,22,0
2026-08-08T08:11:26+08:00,VideoCall·COMPACT Ver.,22,0
2026-08-08T08:11:37+08:00,VideoCall·COMPACT Ver.,22,0
2026-08-08T08:11:48+08:00,VideoCall·COMPACT Ver.,22,0
2026-08-08T08:12:12+08:00,VideoCall·COMPACT Ver.,22,0
2026-08-08T08:12:23+08:00,VideoCall·COMPACT Ver.,22,0
2026-08-08T08:12:34+08:00,VideoCall·COMPACT Ver.,22,0
2026-08-08T08:12:45+08:00,VideoCall·COMPACT Ver.,22,0
2026-08-08T08:12:56+08:00,VideoCall·COMPACT Ver.,22,0
2026-08-08T08:13:07+08:00,VideoCall·COMPACT Ver.,22,0
2026-08-08T08:13:30+08:00,VideoCall·COMPACT Ver.,22,0
2026-08-08T08:13:41+08:00,VideoCall·COMPACT Ver.,22,0
2026-08-08T08:13:51+08:00,VideoCall·COMPACT Ver.,22,0
2026-08-08T08:14:02+08:00,VideoCall·COMPACT Ver.,22,0
2026-08-08T08:14:13+08:00,VideoCall·COMPACT Ver.,22,0
2026-08-08T08:14:24+08:00,VideoCall·COMPACT Ver.,22,0
2026-08-08T08:14:48+08:00,VideoCall·COMPACT Ver.,22,0
2026-08-08T08:14:58+08:00,VideoCall·COMPACT Ver.,22,0
2026-08-08T08:15:09+08:00,VideoCall·COMPACT Ver.,22,0
2026-08-08T08:15:19+08:00,VideoCall·COMPACT Ver.,22,0
2026-08-08T08:15:30+08:00,VideoCall·COMPACT Ver.,22,0
2026-08-08T08:15:41+08:00,VideoCall·COMPACT Ver.,22,0
2026-08-08T08:16:05+08:00,VideoCall·COMPACT Ver.,22,0
2026-08-08T08:16:16+08:00,VideoCall·COMPACT Ver.,22,0
2026-08-08T08:16:27+08:00,VideoCall·COMPACT Ver.,22,0
2026-08-08T08:16:39+08:00,VideoCall·COMPACT Ver.,22,0
2026-08-08T08:16:50+08:00,VideoCall·COMPACT Ver.,22,0
2026-08-08T08:17:01+08:00,VideoCall·COMPACT Ver.,22,0
2026-08-08T08:17:25+08:00,VideoCall·COMPACT Ver.,22,0
2026-08-08T08:17:36+08:00,VideoCall·COMPACT Ver.,22,0
2026-08-08T08:17:47+08:00,VideoCall·COMPACT Ver.,22,0
2026-08-08T08:17:58+08:00,VideoCall·COMPACT Ver.,22,0
2026-08-08T08:18:13+08:00,VideoCall·COMPACT Ver.,22,0
2026-08-08T08:18:37+08:00,VideoCall·COMPACT Ver.,22,0
2026-08-08T08:18:47+08:00,VideoCall·COMPACT Ver.,22,0
2026-08-08T08:18:58+08:00,VideoCall·COMPACT Ver.,22,0
2026-08-08T08:19:09+08:00,VideoCall·COMPACT Ver.,22,0
2026-08-08T08:19:20+08:00,VideoCall·COMPACT Ver.,22,0
2026-08-08T08:19:31+08:00,VideoCall·COMPACT Ver.,22,0
2026-08-08T08:19:54+08:00,VideoCall·COMPACT Ver.,22,0
2026-08-08T08:20:05+08:00,VideoCall·COMPACT Ver.,22,0
2026-08-08T08:20:16+08:00,VideoCall·COMPACT Ver.,22,0
2026-08-08T08:20:27+08:00,VideoCall·COMPACT Ver.,22,0
2026-08-08T08:20:38+08:00,VideoCall·COMPACT Ver.,22,0
2026-08-08T08:20:48+08:00,VideoCall·COMPACT Ver.,22,0
2026-08-08T08:21:12+08:00,VideoCall·COMPACT Ver.,22,0
2026-08-08T08:21:23+08:00,VideoCall·COMPACT Ver.,22,0
2026-08-08T08:21:34+08:00,VideoCall·COMPACT Ver.,22,0
2026-08-08T08:21:45+08:00,VideoCall·COMPACT Ver.,22,0
2026-08-08T08:22:01+08:00,VideoCall·COMPACT Ver.,22,0
2026-08-08T08:22:25+08:00,VideoCall·COMPACT Ver.,22,0
2026-08-08T08:22:36+08:00,VideoCall·COMPACT Ver.,22,0
2026-08-08T08:22:46+08:00,VideoCall·COMPACT Ver.,22,0
2026-08-08T08:22:57+08:00,VideoCall·COMPACT Ver.,22,0
2026-08-08T08:23:08+08:00,VideoCall·COMPACT Ver.,22,0
2026-08-08T08:23:19+08:00,VideoCall·COMPACT Ver.,22,0
2026-08-08T08:23:42+08:00,VideoCall·COMPACT Ver.,22,0
2026-08-08T08:23:53+08:00,VideoCall·COMPACT Ver.,22,0
2026-08-08T08:24:04+08:00,VideoCall·COMPACT Ver.,22,0
2026-08-08T08:24:15+08:00,VideoCall·COMPACT Ver.,22,0
2026-08-08T08:24:25+08:00,VideoCall·COMPACT Ver.,22,0
2026-08-08T08:24:37+08:00,VideoCall·COMPACT Ver.,22,0
2026-08-08T08:25:00+08:00,VideoCall·COMPACT Ver.,22,0
2026-08-08T08:25:11+08:00,VideoCall·COMPACT Ver.,22,0
2026-08-08T08:25:22+08:00,VideoCall·COMPACT Ver.,22,0
2026-08-08T08:25:33+08:00,VideoCall·COMPACT Ver.,22,0
2026-08-08T08:25:44+08:00,VideoCall·COMPACT Ver.,22,0
2026-08-08T08:25:55+08:00,VideoCall·COMPACT Ver.,22,0
2026-08-08T08:26:19+08:00,VideoCall·COMPACT Ver.,22,0
2026-08-08T08:26:30+08:00,VideoCall·COMPACT Ver.,22,0
2026-08-08T08:26:41+08:00,VideoCall·COMPACT Ver.,22,0
2026-08-08T08:26:51+08:00,VideoCall·COMPACT Ver.,22,0
2026-08-08T08:27:19+08:00,VideoCall·COMPACT Ver.,22,0
2026-08-08T08:27:30+08:00,VideoCall·COMPACT Ver.,22,0
2026-08-08T08:27:41+08:00,VideoCall·COMPACT Ver.,22,0
2026-08-08T08:27:51+08:00,VideoCall·COMPACT Ver.,22,0
2026-08-08T08:28:02+08:00,VideoCall·COMPACT Ver.,22,0
2026-08-08T08:28:13+08:00,VideoCall·COMPACT Ver.,22,0
2026-08-08T08:28:24+08:00,VideoCall·COMPACT Ver.,22,0
2026-08-08T08:28:47+08:00,VideoCall·COMPACT Ver.,22,0
2026-08-08T08:28:58+08:00,VideoCall·COMPACT Ver.,22,0
2026-08-08T08:29:09+08:00,VideoCall·COMPACT Ver.,22,0
2026-08-08T08:29:20+08:00,VideoCall·COMPACT Ver.,22,0
2026-08-08T08:29:31+08:00,VideoCall·COMPACT Ver.,22,0
2026-08-08T08:29:42+08:00,VideoCall·COMPACT Ver.,22,0
2026-08-08T08:31:17+08:00,VideoCall·COMPACT Ver.,22,0
2026-08-08T08:31:28+08:00,VideoCall·COMPACT Ver.,22,0
2026-08-08T08:31:39+08:00,VideoCall·COMPACT Ver.,22,0
2026-08-08T08:31:50+08:00,VideoCall·COMPACT Ver.,22,0
2026-08-08T08:32:01+08:00,VideoCall·COMPACT Ver.,22,0
2026-08-08T08:32:12+08:00,VideoCall·COMPACT Ver.,22,0
2026-08-08T08:32:23+08:00,VideoCall·COMPACT Ver.,22,0
2026-08-08T08:32:46+08:00,VideoCall·COMPACT Ver.,22,0
2026-08-08T08:32:57+08:00,VideoCall·COMPACT Ver.,22,0
2026-08-08T08:33:07+08:00,VideoCall·COMPACT Ver.,22,0
2026-08-08T08:33:18+08:00,VideoCall·COMPACT Ver.,22,0
2026-08-08T08:33:29+08:00,VideoCall·COMPACT Ver.,22,0
2026-08-08T08:33:40+08:00,VideoCall·COMPACT Ver.,22,0
2026-08-08T08:34:03+08:00,VideoCall·COMPACT Ver.,22,0
2026-08-08T08:34:14+08:00,VideoCall·COMPACT Ver.,22,0
2026-08-08T08:34:25+08:00,VideoCall·COMPACT Ver.,22,0
2026-08-08T08:34:36+08:00,VideoCall·COMPACT Ver.,22,0
2026-08-08T08:34:46+08:00,VideoCall·COMPACT Ver.,22,0
2026-08-08T08:34:57+08:00,VideoCall·COMPACT Ver.,22,0
2026-08-08T08:35:22+08:00,VideoCall·COMPACT Ver.,22,0
2026-08-08T08:35:33+08:00,VideoCall·COMPACT Ver.,22,0
2026-08-08T08:35:44+08:00,VideoCall·COMPACT Ver.,22,0
2026-08-08T08:35:55+08:00,VideoCall·COMPACT Ver.,22,0
2026-08-08T08:36:06+08:00,VideoCall·COMPACT Ver.,22,0
2026-08-08T08:36:16+08:00,VideoCall·COMPACT Ver.,22,0
2026-08-08T08:36:41+08:00,VideoCall·COMPACT Ver.,22,0
2026-08-08T08:36:51+08:00,VideoCall·COMPACT Ver.,22,0
2026-08-08T08:37:03+08:00,VideoCall·COMPACT Ver.,22,0
2026-08-08T08:37:14+08:00,VideoCall·COMPACT Ver.,22,0
2026-08-08T08:37:24+08:00,VideoCall·COMPACT Ver.,22,0
2026-08-08T08:37:35+08:00,VideoCall·COMPACT Ver.,22,0
2026-08-08T08:38:03+08:00,VideoCall·COMPACT Ver.,22,0
2026-08-08T08:38:14+08:00,VideoCall·COMPACT Ver.,22,0
2026-08-08T08:38:24+08:00,VideoCall·COMPACT Ver.,22,0
2026-08-08T08:38:35+08:00,VideoCall·COMPACT Ver.,22,0
2026-08-08T08:38:46+08:00,VideoCall·COMPACT Ver.,22,0
2026-08-08T08:39:10+08:00,VideoCall·COMPACT Ver.,22,0
2026-08-08T08:39:21+08:00,VideoCall·COMPACT Ver.,22,0
2026-08-08T08:39:32+08:00,VideoCall·COMPACT Ver.,22,0
2026-08-08T08:39:43+08:00,VideoCall·COMPACT Ver.,22,0
2026-08-08T08:39:55+08:00,VideoCall·COMPACT Ver.,22,0
2026-08-08T08:40:06+08:00,VideoCall·COMPACT Ver.,22,0
2026-08-08T08:40:30+08:00,VideoCall·COMPACT Ver.,22,0
2026-08-08T08:40:41+08:00,VideoCall·COMPACT Ver.,22,0
2026-08-08T08:40:52+08:00,VideoCall·COMPACT Ver.,22,0
2026-08-08T08:41:04+08:00,VideoCall·COMPACT Ver.,22,0
2026-08-08T08:41:15+08:00,VideoCall·COMPACT Ver.,22,0
2026-08-08T08:41:26+08:00,VideoCall·COMPACT Ver.,22,0
2026-08-08T08:41:49+08:00,VideoCall·COMPACT Ver.,22,0
2026-08-08T08:41:59+08:00,VideoCall·COMPACT Ver.,22,0
2026-08-08T08:42:10+08:00,VideoCall·COMPACT Ver.,22,0
2026-08-08T08:42:21+08:00,VideoCall·COMPACT Ver.,22,0
2026-08-08T08:42:32+08:00,VideoCall·COMPACT Ver.,22,0
2026-08-08T08:42:43+08:00,VideoCall·COMPACT Ver.,22,0
2026-08-08T08:43:06+08:00,VideoCall·COMPACT Ver.,22,0
2026-08-08T08:43:17+08:00,VideoCall·COMPACT Ver.,22,0
2026-08-08T08:43:28+08:00,VideoCall·COMPACT Ver.,22,0
2026-08-08T08:43:39+08:00,VideoCall·COMPACT Ver.,22,0
2026-08-08T08:43:50+08:00,VideoCall·COMPACT Ver.,22,0
2026-08-08T08:44:01+08:00,VideoCall·COMPACT Ver.,22,0
2026-08-08T08:44:23+08:00,VideoCall·COMPACT Ver.,22,0
2026-08-08T08:44:34+08:00,VideoCall·COMPACT Ver.,22,0
2026-08-08T08:44:45+08:00,VideoCall·COMPACT Ver.,22,0
2026-08-08T08:44:55+08:00,VideoCall·COMPACT Ver.,22,0
2026-08-08T08:45:06+08:00,VideoCall·COMPACT Ver.,22,0
2026-08-08T08:45:17+08:00,VideoCall·COMPACT Ver.,22,0
2026-08-08T08:45:41+08:00,VideoCall·COMPACT Ver.,22,0
2026-08-08T08:45:52+08:00,VideoCall·COMPACT Ver.,22,0
2026-08-08T08:46:03+08:00,VideoCall·COMPACT Ver.,22,0
2026-08-08T08:46:14+08:00,VideoCall·COMPACT Ver.,22,0
2026-08-08T08:46:24+08:00,VideoCall·COMPACT Ver.,22,0
2026-08-08T08:46:35+08:00,VideoCall·COMPACT Ver.,22,0
2026-08-08T08:46:59+08:00,VideoCall·COMPACT Ver.,22,0
2026-08-08T08:47:10+08:00,VideoCall·COMPACT Ver.,22,0
2026-08-08T08:47:20+08:00,VideoCall·COMPACT Ver.,22,0
2026-08-08T08:47:32+08:00,VideoCall·COMPACT Ver.,22,0
2026-08-08T08:47:43+08:00,VideoCall·COMPACT Ver.,22,0
2026-08-08T08:47:54+08:00,VideoCall·COMPACT Ver.,22,0
2026-08-08T08:48:18+08:00,VideoCall·COMPACT Ver.,22,0
2026-08-08T08:48:29+08:00,VideoCall·COMPACT Ver.,22,0
2026-08-08T08:48:39+08:00,VideoCall·COMPACT Ver.,22,0
2026-08-08T08:48:50+08:00,VideoCall·COMPACT Ver.,22,0
2026-08-08T08:49:01+08:00,VideoCall·COMPACT Ver.,22,0
2026-08-08T08:49:12+08:00,VideoCall·COMPACT Ver.,22,0
2026-08-08T08:49:36+08:00,VideoCall·COMPACT Ver.,22,0
2026-08-08T08:49:47+08:00,VideoCall·COMPACT Ver.,22,0
2026-08-08T08:49:58+08:00,VideoCall·COMPACT Ver.,22,0
2026-08-08T08:50:08+08:00,VideoCall·COMPACT Ver.,22,0
2026-08-08T08:50:19+08:00,VideoCall·COMPACT Ver.,22,0
2026-08-08T08:50:29+08:00,VideoCall·COMPACT Ver.,22,0
2026-08-08T08:50:53+08:00,VideoCall·COMPACT Ver.,22,0
2026-08-08T08:51:04+08:00,VideoCall·COMPACT Ver.,22,0
2026-08-08T08:51:15+08:00,VideoCall·COMPACT Ver.,22,0
2026-08-08T08:51:26+08:00,VideoCall·COMPACT Ver.,22,0
2026-08-08T08:51:37+08:00,VideoCall·COMPACT Ver.,22,0
2026-08-08T08:51:48+08:00,VideoCall·COMPACT Ver.,22,0
2026-08-08T08:52:13+08:00,VideoCall·COMPACT Ver.,22,0
2026-08-08T08:52:24+08:00,VideoCall·COMPACT Ver.,22,0
2026-08-08T08:52:35+08:00,VideoCall·COMPACT Ver.,22,0
2026-08-08T08:52:46+08:00,VideoCall·COMPACT Ver.,22,0
2026-08-08T08:52:57+08:00,VideoCall·COMPACT Ver.,22,0
2026-08-08T08:53:08+08:00,VideoCall·COMPACT Ver.,22,0
2026-08-08T08:53:32+08:00,VideoCall·COMPACT Ver.,22,0
2026-08-08T08:53:43+08:00,VideoCall·COMPACT Ver.,22,0
2026-08-08T08:53:54+08:00,VideoCall·COMPACT Ver.,22,0
2026-08-08T08:54:05+08:00,VideoCall·COMPACT Ver.,22,0
2026-08-08T08:54:16+08:00,VideoCall·COMPACT Ver.,22,0
2026-08-08T08:54:26+08:00,VideoCall·COMPACT Ver.,22,0
2026-08-08T08:54:50+08:00,VideoCall·COMPACT Ver.,22,0
2026-08-08T08:55:01+08:00,VideoCall·COMPACT Ver.,22,0
2026-08-08T08:55:12+08:00,VideoCall·COMPACT Ver.,22,0
2026-08-08T08:55:22+08:00,VideoCall·COMPACT Ver.,22,0
2026-08-08T08:55:33+08:00,VideoCall·COMPACT Ver.,22,0
2026-08-08T08:55:44+08:00,VideoCall·COMPACT Ver.,22,0
2026-08-08T08:56:07+08:00,VideoCall·COMPACT Ver.,22,0
2026-08-08T08:56:19+08:00,VideoCall·COMPACT Ver.,22,0
2026-08-08T08:56:30+08:00,VideoCall·COMPACT Ver.,22,0
2026-08-08T08:56:42+08:00,VideoCall·COMPACT Ver.,22,0
2026-08-08T08:56:53+08:00,VideoCall·COMPACT Ver.,22,0
2026-08-08T08:57:04+08:00,VideoCall·COMPACT Ver.,22,0
2026-08-08T08:57:27+08:00,VideoCall·COMPACT Ver.,22,0
2026-08-08T08:57:38+08:00,VideoCall·COMPACT Ver.,22,0
2026-08-08T08:57:49+08:00,VideoCall·COMPACT Ver.,22,0
2026-08-08T08:58:00+08:00,VideoCall·COMPACT Ver.,22,0
2026-08-08T08:58:11+08:00,VideoCall·COMPACT Ver.,22,0
2026-08-08T08:58:21+08:00,VideoCall·COMPACT Ver.,22,0
2026-08-08T08:58:46+08:00,VideoCall·COMPACT Ver.,22,0
2026-08-08T08:58:57+08:00,VideoCall·COMPACT Ver.,22,0
2026-08-08T08:59:08+08:00,VideoCall·COMPACT Ver.,22,0
2026-08-08T08:59:19+08:00,VideoCall·COMPACT Ver.,22,0
2026-08-08T08:59:29+08:00,VideoCall·COMPACT Ver.,22,0
2026-08-08T08:59:40+08:00,VideoCall·COMPACT Ver.,22,0
2026-08-08T09:00:05+08:00,VideoCall·COMPACT Ver.,22,0
2026-08-08T09:00:16+08:00,VideoCall·COMPACT Ver.,22,0
2026-08-08T09:00:27+08:00,VideoCall·COMPACT Ver.,22,0
2026-08-08T09:00:37+08:00,VideoCall·COMPACT Ver.,22,0
2026-08-08T09:00:48+08:00,VideoCall·COMPACT Ver.,22,0
2026-08-08T09:00:59+08:00,VideoCall·COMPACT Ver.,22,0
2026-08-08T09:01:23+08:00,VideoCall·COMPACT Ver.,22,0
2026-08-08T09:01:34+08:00,VideoCall·COMPACT Ver.,22,0
2026-08-08T09:01:45+08:00,VideoCall·COMPACT Ver.,22,0
2026-08-08T09:01:56+08:00,VideoCall·COMPACT Ver.,22,0
2026-08-08T09:02:07+08:00,VideoCall·COMPACT Ver.,22,0
2026-08-08T09:02:18+08:00,VideoCall·COMPACT Ver.,22,0
2026-08-08T09:02:41+08:00,VideoCall·COMPACT Ver.,22,0
2026-08-08T09:02:52+08:00,VideoCall·COMPACT Ver.,22,0
2026-08-08T09:03:03+08:00,VideoCall·COMPACT Ver.,22,0
2026-08-08T09:03:14+08:00,VideoCall·COMPACT Ver.,22,0
2026-08-08T09:03:25+08:00,VideoCall·COMPACT Ver.,22,0
2026-08-08T09:03:37+08:00,VideoCall·COMPACT Ver.,22,0
2026-08-08T09:04:01+08:00,VideoCall·COMPACT Ver.,22,0
2026-08-08T09:04:12+08:00,VideoCall·COMPACT Ver.,22,0
2026-08-08T09:04:22+08:00,VideoCall·COMPACT Ver.,22,0
2026-08-08T09:04:33+08:00,VideoCall·COMPACT Ver.,22,0
2026-08-08T09:04:44+08:00,VideoCall·COMPACT Ver.,22,0
2026-08-08T09:04:55+08:00,VideoCall·COMPACT Ver.,22,0
2026-08-08T09:05:19+08:00,VideoCall·COMPACT Ver.,22,0
2026-08-08T09:05:30+08:00,VideoCall·COMPACT Ver.,22,0
2026-08-08T09:05:41+08:00,VideoCall·COMPACT Ver.,22,0
2026-08-08T09:05:52+08:00,VideoCall·COMPACT Ver.,22,0
2026-08-08T09:06:03+08:00,VideoCall·COMPACT Ver.,22,0
2026-08-08T09:06:13+08:00,VideoCall·COMPACT Ver.,22,0
2026-08-08T09:06:38+08:00,VideoCall·COMPACT Ver.,22,0
2026-08-08T09:06:48+08:00,VideoCall·COMPACT Ver.,22,0
2026-08-08T09:07:00+08:00,VideoCall·COMPACT Ver.,22,0
2026-08-08T09:07:11+08:00,VideoCall·COMPACT Ver.,22,0
2026-08-08T09:07:22+08:00,VideoCall·COMPACT Ver.,22,0
2026-08-08T09:07:32+08:00,VideoCall·COMPACT Ver.,22,0
2026-08-08T09:07:56+08:00,VideoCall·COMPACT Ver.,22,0
2026-08-08T09:08:06+08:00,VideoCall·COMPACT Ver.,22,0
2026-08-08T09:08:17+08:00,VideoCall·COMPACT Ver.,22,0
2026-08-08T09:08:28+08:00,VideoCall·COMPACT Ver.,22,0
2026-08-08T09:08:39+08:00,VideoCall·COMPACT Ver.,22,0
2026-08-08T09:08:50+08:00,VideoCall·COMPACT Ver.,22,0
2026-08-08T09:09:13+08:00,VideoCall·COMPACT Ver.,22,0
2026-08-08T09:09:24+08:00,VideoCall·COMPACT Ver.,22,0
2026-08-08T09:09:35+08:00,VideoCall·COMPACT Ver.,22,0
2026-08-08T09:09:46+08:00,VideoCall·COMPACT Ver.,22,0
2026-08-08T09:09:57+08:00,VideoCall·COMPACT Ver.,22,0
2026-08-08T09:10:07+08:00,VideoCall·COMPACT Ver.,22,0
2026-08-08T09:10:31+08:00,VideoCall·COMPACT Ver.,22,0
2026-08-08T09:10:42+08:00,VideoCall·COMPACT Ver.,22,0
2026-08-08T09:10:53+08:00,VideoCall·COMPACT Ver.,22,0
2026-08-08T09:11:04+08:00,VideoCall·COMPACT Ver.,22,0
2026-08-08T09:11:15+08:00,VideoCall·COMPACT Ver.,22,0
2026-08-08T09:11:26+08:00,VideoCall·COMPACT Ver.,22,0
2026-08-08T09:11:50+08:00,VideoCall·COMPACT Ver.,22,0
2026-08-08T09:12:01+08:00,VideoCall·COMPACT Ver.,22,0
2026-08-08T09:12:12+08:00,VideoCall·COMPACT Ver.,22,0
2026-08-08T09:12:22+08:00,VideoCall·COMPACT Ver.,22,0
2026-08-08T09:12:33+08:00,VideoCall·COMPACT Ver.,22,0
2026-08-08T09:12:44+08:00,VideoCall·COMPACT Ver.,22,0
2026-08-08T09:13:07+08:00,VideoCall·COMPACT Ver.,22,0
2026-08-08T09:13:18+08:00,VideoCall·COMPACT Ver.,22,0
2026-08-08T09:13:29+08:00,VideoCall·COMPACT Ver.,22,0
2026-08-08T09:13:40+08:00,VideoCall·COMPACT Ver.,22,0
2026-08-08T09:13:50+08:00,VideoCall·COMPACT Ver.,22,0
2026-08-08T09:14:01+08:00,VideoCall·COMPACT Ver.,22,0
2026-08-08T09:14:25+08:00,VideoCall·COMPACT Ver.,22,0
2026-08-08T09:14:36+08:00,VideoCall·COMPACT Ver.,22,0
2026-08-08T09:14:47+08:00,VideoCall·COMPACT Ver.,22,0
2026-08-08T09:14:58+08:00,VideoCall·COMPACT Ver.,22,0
2026-08-08T09:15:09+08:00,VideoCall·COMPACT Ver.,22,0
2026-08-08T09:15:19+08:00,VideoCall·COMPACT Ver.,22,0
2026-08-08T09:15:44+08:00,VideoCall·COMPACT Ver.,22,0
2026-08-08T09:15:55+08:00,VideoCall·COMPACT Ver.,22,0
2026-08-08T09:16:06+08:00,VideoCall·COMPACT Ver.,22,0
2026-08-08T09:16:17+08:00,VideoCall·COMPACT Ver.,22,0
2026-08-08T09:16:28+08:00,VideoCall·COMPACT Ver.,22,0
2026-08-08T09:16:39+08:00,VideoCall·COMPACT Ver.,22,0
2026-08-08T09:17:03+08:00,VideoCall·COMPACT Ver.,22,0
2026-08-08T09:17:14+08:00,VideoCall·COMPACT Ver.,22,0
2026-08-08T09:17:25+08:00,VideoCall·COMPACT Ver.,22,0
2026-08-08T09:17:36+08:00,VideoCall·COMPACT Ver.,22,0
2026-08-08T09:17:47+08:00,VideoCall·COMPACT Ver.,22,0
2026-08-08T09:17:58+08:00,VideoCall·COMPACT Ver.,22,0
2026-08-08T09:18:22+08:00,VideoCall·COMPACT Ver.,22,0
2026-08-08T09:18:33+08:00,VideoCall·COMPACT Ver.,22,0
2026-08-08T09:18:44+08:00,VideoCall·COMPACT Ver.,22,0
2026-08-08T09:18:54+08:00,VideoCall·COMPACT Ver.,22,0
2026-08-08T09:19:05+08:00,VideoCall·COMPACT Ver.,22,0
2026-08-08T09:19:16+08:00,VideoCall·COMPACT Ver.,22,0
2026-08-08T09:19:39+08:00,VideoCall·COMPACT Ver.,22,0
2026-08-08T09:19:50+08:00,VideoCall·COMPACT Ver.,22,0
2026-08-08T09:20:00+08:00,VideoCall·COMPACT Ver.,22,0
2026-08-08T09:20:12+08:00,VideoCall·COMPACT Ver.,22,0
2026-08-08T09:20:23+08:00,VideoCall·COMPACT Ver.,22,0
2026-08-08T09:20:34+08:00,VideoCall·COMPACT Ver.,22,0
2026-08-08T09:20:57+08:00,VideoCall·COMPACT Ver.,22,0
2026-08-08T09:21:08+08:00,VideoCall·COMPACT Ver.,22,0
2026-08-08T09:21:34+08:00,VideoCall·COMPACT Ver.,22,0
2026-08-08T09:21:45+08:00,VideoCall·COMPACT Ver.,22,0
2026-08-08T09:21:56+08:00,VideoCall·COMPACT Ver.,22,0
2026-08-08T09:22:07+08:00,VideoCall·COMPACT Ver.,22,0
2026-08-08T09:22:17+08:00,VideoCall·COMPACT Ver.,22,0
2026-08-08T09:22:28+08:00,VideoCall·COMPACT Ver.,22,0
2026-08-08T09:22:39+08:00,VideoCall·COMPACT Ver.,22,0
2026-08-08T09:23:02+08:00,VideoCall·COMPACT Ver.,22,0
2026-08-08T09:23:13+08:00,VideoCall·COMPACT Ver.,22,0
2026-08-08T09:23:23+08:00,VideoCall·COMPACT Ver.,22,0
2026-08-08T09:23:34+08:00,VideoCall·COMPACT Ver.,22,0
2026-08-08T09:23:45+08:00,VideoCall·COMPACT Ver.,22,0
2026-08-08T09:23:57+08:00,VideoCall·COMPACT Ver.,22,0
2026-08-08T09:24:20+08:00,VideoCall·COMPACT Ver.,22,0
2026-08-08T09:24:31+08:00,VideoCall·COMPACT Ver.,22,0
2026-08-08T09:24:42+08:00,VideoCall·COMPACT Ver.,22,0
2026-08-08T09:24:53+08:00,VideoCall·COMPACT Ver.,22,0
2026-08-08T09:25:03+08:00,VideoCall·COMPACT Ver.,22,0
2026-08-08T09:25:14+08:00,VideoCall·COMPACT Ver.,22,0
2026-08-08T09:25:37+08:00,VideoCall·COMPACT Ver.,22,0
2026-08-08T09:25:47+08:00,VideoCall·COMPACT Ver.,22,0
2026-08-08T09:25:59+08:00,VideoCall·COMPACT Ver.,22,0
2026-08-08T09:26:09+08:00,VideoCall·COMPACT Ver.,22,0
2026-08-08T09:26:20+08:00,VideoCall·COMPACT Ver.,22,0
2026-08-08T09:26:31+08:00,VideoCall·COMPACT Ver.,22,0
2026-08-08T09:26:55+08:00,VideoCall·COMPACT Ver.,22,0
2026-08-08T09:27:06+08:00,VideoCall·COMPACT Ver.,22,0
2026-08-08T09:27:16+08:00,VideoCall·COMPACT Ver.,22,0
2026-08-08T09:27:27+08:00,VideoCall·COMPACT Ver.,22,0
2026-08-08T09:27:38+08:00,VideoCall·COMPACT Ver.,22,0
2026-08-08T09:27:49+08:00,VideoCall·COMPACT Ver.,22,0
2026-08-08T09:28:13+08:00,VideoCall·COMPACT Ver.,22,0
2026-08-08T09:28:24+08:00,VideoCall·COMPACT Ver.,22,0
2026-08-08T09:28:35+08:00,VideoCall·COMPACT Ver.,22,0
2026-08-08T09:28:46+08:00,VideoCall·COMPACT Ver.,22,0
2026-08-08T09:28:57+08:00,VideoCall·COMPACT Ver.,22,0
2026-08-08T09:29:08+08:00,VideoCall·COMPACT Ver.,22,0
2026-08-08T09:29:32+08:00,VideoCall·COMPACT Ver.,22,0
2026-08-08T09:29:43+08:00,VideoCall·COMPACT Ver.,22,0
2026-08-08T09:29:54+08:00,VideoCall·COMPACT Ver.,22,0
2026-08-08T09:30:04+08:00,VideoCall·COMPACT Ver.,22,0
2026-08-08T09:30:15+08:00,VideoCall·COMPACT Ver.,22,0
2026-08-08T09:30:26+08:00,VideoCall·COMPACT Ver.,22,0
2026-08-08T09:30:49+08:00,VideoCall·COMPACT Ver.,22,0
2026-08-08T09:31:00+08:00,VideoCall·COMPACT Ver.,22,0
2026-08-08T09:31:11+08:00,VideoCall·COMPACT Ver.,22,0
2026-08-08T09:31:21+08:00,VideoCall·COMPACT Ver.,22,0
2026-08-08T09:31:32+08:00,VideoCall·COMPACT Ver.,22,0
2026-08-08T09:31:43+08:00,VideoCall·COMPACT Ver.,22,0
2026-08-08T09:32:07+08:00,VideoCall·COMPACT Ver.,22,0
2026-08-08T09:32:18+08:00,VideoCall·COMPACT Ver.,22,0
2026-08-08T09:32:29+08:00,VideoCall·COMPACT Ver.,22,0
2026-08-08T09:32:39+08:00,VideoCall·COMPACT Ver.,22,0
2026-08-08T09:32:50+08:00,VideoCall·COMPACT Ver.,22,0
2026-08-08T09:33:01+08:00,VideoCall·COMPACT Ver.,22,0
2026-08-08T09:33:23+08:00,VideoCall·COMPACT Ver.,22,0
2026-08-08T09:33:34+08:00,VideoCall·COMPACT Ver.,22,0
2026-08-08T09:33:45+08:00,VideoCall·COMPACT Ver.,22,0
2026-08-08T09:33:56+08:00,VideoCall·COMPACT Ver.,22,0
2026-08-08T09:34:07+08:00,VideoCall·COMPACT Ver.,22,0
2026-08-08T09:34:18+08:00,VideoCall·COMPACT Ver.,22,0
2026-08-08T09:34:41+08:00,VideoCall·COMPACT Ver.,22,0
2026-08-08T09:34:52+08:00,VideoCall·COMPACT Ver.,22,0
2026-08-08T09:35:03+08:00,VideoCall·COMPACT Ver.,22,0
2026-08-08T09:35:14+08:00,VideoCall·COMPACT Ver.,22,0
2026-08-08T09:35:24+08:00,VideoCall·COMPACT Ver.,22,0
2026-08-08T09:35:35+08:00,VideoCall·COMPACT Ver.,22,0
2026-08-08T09:35:59+08:00,VideoCall·COMPACT Ver.,22,0
2026-08-08T09:36:09+08:00,VideoCall·COMPACT Ver.,22,0
2026-08-08T09:36:20+08:00,VideoCall·COMPACT Ver.,22,0
2026-08-08T09:36:31+08:00,VideoCall·COMPACT Ver.,22,0
2026-08-08T09:36:42+08:00,VideoCall·COMPACT Ver.,22,0
2026-08-08T09:36:52+08:00,VideoCall·COMPACT Ver.,22,0
2026-08-08T09:37:15+08:00,VideoCall·COMPACT Ver.,22,0
2026-08-08T09:37:26+08:00,VideoCall·COMPACT Ver.,22,0
2026-08-08T09:37:36+08:00,VideoCall·COMPACT Ver.,22,0
2026-08-08T09:37:47+08:00,VideoCall·COMPACT Ver.,22,0
2026-08-08T09:37:58+08:00,VideoCall·COMPACT Ver.,22,0
2026-08-08T09:38:09+08:00,VideoCall·COMPACT Ver.,22,0
2026-08-08T09:38:34+08:00,VideoCall·COMPACT Ver.,22,0
2026-08-08T09:38:44+08:00,VideoCall·COMPACT Ver.,22,0
2026-08-08T09:38:55+08:00,VideoCall·COMPACT Ver.,22,0
2026-08-08T09:39:06+08:00,VideoCall·COMPACT Ver.,22,0
2026-08-08T09:39:17+08:00,VideoCall·COMPACT Ver.,22,0
2026-08-08T09:39:28+08:00,VideoCall·COMPACT Ver.,22,0
2026-08-08T09:39:53+08:00,VideoCall·COMPACT Ver.,22,0
2026-08-08T09:40:04+08:00,VideoCall·COMPACT Ver.,22,0
2026-08-08T09:40:15+08:00,VideoCall·COMPACT Ver.,22,0
2026-08-08T09:40:25+08:00,VideoCall·COMPACT Ver.,22,0
2026-08-08T09:40:36+08:00,VideoCall·COMPACT Ver.,22,0
2026-08-08T09:40:47+08:00,VideoCall·COMPACT Ver.,22,0
2026-08-08T09:41:10+08:00,VideoCall·COMPACT Ver.,22,0
2026-08-08T09:41:21+08:00,VideoCall·COMPACT Ver.,22,0
2026-08-08T09:41:32+08:00,VideoCall·COMPACT Ver.,22,0
2026-08-08T09:41:43+08:00,VideoCall·COMPACT Ver.,22,0
2026-08-08T09:41:54+08:00,VideoCall·COMPACT Ver.,22,0
2026-08-08T09:42:05+08:00,VideoCall·COMPACT Ver.,22,0
2026-08-08T09:42:29+08:00,VideoCall·COMPACT Ver.,22,0
2026-08-08T09:42:39+08:00,VideoCall·COMPACT Ver.,22,0
2026-08-08T09:42:50+08:00,VideoCall·COMPACT Ver.,22,0
2026-08-08T09:43:01+08:00,VideoCall·COMPACT Ver.,22,0
2026-08-08T09:43:12+08:00,VideoCall·COMPACT Ver.,22,0
2026-08-08T09:43:23+08:00,VideoCall·COMPACT Ver.,22,0
2026-08-08T09:43:46+08:00,VideoCall·COMPACT Ver.,22,0
2026-08-08T09:43:57+08:00,VideoCall·COMPACT Ver.,22,0
2026-08-08T09:44:08+08:00,VideoCall·COMPACT Ver.,22,0
2026-08-08T09:44:18+08:00,VideoCall·COMPACT Ver.,22,0
2026-08-08T09:44:29+08:00,VideoCall·COMPACT Ver.,22,0
2026-08-08T09:44:40+08:00,VideoCall·COMPACT Ver.,22,0
2026-08-08T09:45:04+08:00,VideoCall·COMPACT Ver.,22,0
2026-08-08T09:45:15+08:00,VideoCall·COMPACT Ver.,22,0
2026-08-08T09:45:25+08:00,VideoCall·COMPACT Ver.,22,0
2026-08-08T09:45:36+08:00,VideoCall·COMPACT Ver.,22,0
2026-08-08T09:45:47+08:00,VideoCall·COMPACT Ver.,22,0
2026-08-08T09:45:58+08:00,VideoCall·COMPACT Ver.,22,0
2026-08-08T09:46:20+08:00,VideoCall·COMPACT Ver.,22,0
2026-08-08T09:46:31+08:00,VideoCall·COMPACT Ver.,22,0
2026-08-08T09:46:42+08:00,VideoCall·COMPACT Ver.,22,0
2026-08-08T09:46:53+08:00,VideoCall·COMPACT Ver.,22,0
2026-08-08T09:47:04+08:00,VideoCall·COMPACT Ver.,22,0
2026-08-08T09:47:15+08:00,VideoCall·COMPACT Ver.,22,0
2026-08-08T09:47:40+08:00,VideoCall·COMPACT Ver.,22,0
2026-08-08T09:47:51+08:00,VideoCall·COMPACT Ver.,22,0
2026-08-08T09:48:02+08:00,VideoCall·COMPACT Ver.,22,0
2026-08-08T09:48:13+08:00,VideoCall·COMPACT Ver.,22,0
2026-08-08T09:48:24+08:00,VideoCall·COMPACT Ver.,22,0
2026-08-08T09:48:35+08:00,VideoCall·COMPACT Ver.,22,0
2026-08-08T09:48:58+08:00,VideoCall·COMPACT Ver.,22,0
2026-08-08T09:49:09+08:00,VideoCall·COMPACT Ver.,22,0
2026-08-08T09:49:20+08:00,VideoCall·COMPACT Ver.,22,0
2026-08-08T09:49:31+08:00,VideoCall·COMPACT Ver.,22,0
2026-08-08T09:49:42+08:00,VideoCall·COMPACT Ver.,22,0
2026-08-08T09:49:52+08:00,VideoCall·COMPACT Ver.,22,0
2026-08-08T09:50:16+08:00,VideoCall·COMPACT Ver.,22,0
2026-08-08T09:50:27+08:00,VideoCall·COMPACT Ver.,22,0
2026-08-08T09:50:38+08:00,VideoCall·COMPACT Ver.,22,0
2026-08-08T09:50:48+08:00,VideoCall·COMPACT Ver.,22,0
2026-08-08T09:50:59+08:00,VideoCall·COMPACT Ver.,22,0
2026-08-08T09:51:10+08:00,VideoCall·COMPACT Ver.,22,0
2026-08-08T09:51:34+08:00,VideoCall·COMPACT Ver.,22,0
2026-08-08T09:51:45+08:00,VideoCall·COMPACT Ver.,22,0
2026-08-08T09:51:56+08:00,VideoCall·COMPACT Ver.,22,0
2026-08-08T09:52:07+08:00,VideoCall·COMPACT Ver.,22,0
2026-08-08T09:52:18+08:00,VideoCall·COMPACT Ver.,22,0
2026-08-08T09:52:28+08:00,VideoCall·COMPACT Ver.,22,0
2026-08-08T09:52:51+08:00,VideoCall·COMPACT Ver.,22,0
2026-08-08T09:53:02+08:00,VideoCall·COMPACT Ver.,22,0
2026-08-08T09:53:13+08:00,VideoCall·COMPACT Ver.,22,0
2026-08-08T09:53:23+08:00,VideoCall·COMPACT Ver.,22,0
2026-08-08T09:53:35+08:00,VideoCall·COMPACT Ver.,22,0
2026-08-08T09:53:46+08:00,VideoCall·COMPACT Ver.,22,0
2026-08-08T09:54:09+08:00,VideoCall·COMPACT Ver.,22,0
2026-08-08T09:54:20+08:00,VideoCall·COMPACT Ver.,22,0
2026-08-08T09:54:31+08:00,VideoCall·COMPACT Ver.,22,0
2026-08-08T09:54:42+08:00,VideoCall·COMPACT Ver.,22,0
2026-08-08T09:54:53+08:00,VideoCall·COMPACT Ver.,22,0
2026-08-08T09:55:04+08:00,VideoCall·COMPACT Ver.,22,0
2026-08-08T09:55:27+08:00,VideoCall·COMPACT Ver.,22,0
2026-08-08T09:55:38+08:00,VideoCall·COMPACT Ver.,22,0
2026-08-08T09:55:49+08:00,VideoCall·COMPACT Ver.,22,0
2026-08-08T09:56:00+08:00,VideoCall·COMPACT Ver.,22,0
2026-08-08T09:56:11+08:00,VideoCall·COMPACT Ver.,22,0
2026-08-08T09:56:22+08:00,VideoCall·COMPACT Ver.,22,0
2026-08-08T09:56:45+08:00,VideoCall·COMPACT Ver.,22,0
2026-08-08T09:56:56+08:00,VideoCall·COMPACT Ver.,22,0
2026-08-08T09:57:07+08:00,VideoCall·COMPACT Ver.,22,0
2026-08-08T09:57:17+08:00,VideoCall·COMPACT Ver.,22,0
2026-08-08T09:57:29+08:00,VideoCall·COMPACT Ver.,22,0
2026-08-08T09:57:40+08:00,VideoCall·COMPACT Ver.,22,0
2026-08-08T09:58:04+08:00,VideoCall·COMPACT Ver.,22,0
2026-08-08T09:58:15+08:00,VideoCall·COMPACT Ver.,22,0
2026-08-08T09:58:26+08:00,VideoCall·COMPACT Ver.,22,0
2026-08-08T09:58:37+08:00,VideoCall·COMPACT Ver.,22,0
2026-08-08T09:58:47+08:00,VideoCall·COMPACT Ver.,22,0
2026-08-08T09:58:58+08:00,VideoCall·COMPACT Ver.,22,0
2026-08-08T09:59:22+08:00,VideoCall·COMPACT Ver.,22,0
2026-08-08T09:59:32+08:00,VideoCall·COMPACT Ver.,22,0
2026-08-08T09:59:43+08:00,VideoCall·COMPACT Ver.,22,0
2026-08-08T09:59:53+08:00,VideoCall·COMPACT Ver.,22,0
2026-08-08T10:00:04+08:00,VideoCall·COMPACT Ver.,22,0
2026-08-08T10:00:15+08:00,VideoCall·COMPACT Ver.,22,0
2026-08-08T10:00:39+08:00,VideoCall·COMPACT Ver.,22,0
2026-08-08T10:00:50+08:00,VideoCall·COMPACT Ver.,22,0
2026-08-08T10:01:01+08:00,VideoCall·COMPACT Ver.,22,0
2026-08-08T10:01:12+08:00,VideoCall·COMPACT Ver.,22,0
2026-08-08T10:01:23+08:00,VideoCall·COMPACT Ver.,22,0
2026-08-08T10:01:34+08:00,VideoCall·COMPACT Ver.,22,0
2026-08-08T10:01:58+08:00,VideoCall·COMPACT Ver.,22,0
2026-08-08T10:02:09+08:00,VideoCall·COMPACT Ver.,22,0
2026-08-08T10:02:19+08:00,VideoCall·COMPACT Ver.,22,0
2026-08-08T10:02:30+08:00,VideoCall·COMPACT Ver.,22,0
2026-08-08T10:02:41+08:00,VideoCall·COMPACT Ver.,22,0
2026-08-08T10:02:52+08:00,VideoCall·COMPACT Ver.,22,0
2026-08-08T10:03:16+08:00,VideoCall·COMPACT Ver.,22,0
2026-08-08T10:03:27+08:00,VideoCall·COMPACT Ver.,22,0
2026-08-08T10:03:38+08:00,VideoCall·COMPACT Ver.,22,0
2026-08-08T10:03:48+08:00,VideoCall·COMPACT Ver.,22,0
2026-08-08T10:03:59+08:00,VideoCall·COMPACT Ver.,22,0
2026-08-08T10:04:10+08:00,VideoCall·COMPACT Ver.,22,0
2026-08-08T10:04:33+08:00,VideoCall·COMPACT Ver.,22,0
2026-08-08T10:04:44+08:00,VideoCall·COMPACT Ver.,22,0
2026-08-08T10:04:56+08:00,VideoCall·COMPACT Ver.,22,0
2026-08-08T10:05:06+08:00,VideoCall·COMPACT Ver.,22,0
2026-08-08T10:05:17+08:00,VideoCall·COMPACT Ver.,22,0
2026-08-08T10:05:28+08:00,VideoCall·COMPACT Ver.,22,0
2026-08-08T10:05:52+08:00,VideoCall·COMPACT Ver.,22,0
2026-08-08T10:06:03+08:00,VideoCall·COMPACT Ver.,22,0
2026-08-08T10:06:13+08:00,VideoCall·COMPACT Ver.,22,0
2026-08-08T10:06:24+08:00,VideoCall·COMPACT Ver.,22,0
2026-08-08T10:06:35+08:00,VideoCall·COMPACT Ver.,22,0
2026-08-08T10:06:46+08:00,VideoCall·COMPACT Ver.,22,0
2026-08-08T10:07:09+08:00,VideoCall·COMPACT Ver.,22,0
2026-08-08T10:07:20+08:00,VideoCall·COMPACT Ver.,22,0
2026-08-08T10:07:31+08:00,VideoCall·COMPACT Ver.,22,0
2026-08-08T10:07:41+08:00,VideoCall·COMPACT Ver.,22,0
2026-08-08T10:07:52+08:00,VideoCall·COMPACT Ver.,22,0
2026-08-08T10:08:03+08:00,VideoCall·COMPACT Ver.,22,0
2026-08-08T10:08:27+08:00,VideoCall·COMPACT Ver.,22,0
2026-08-08T10:08:37+08:00,VideoCall·COMPACT Ver.,22,0
2026-08-08T10:08:48+08:00,VideoCall·COMPACT Ver.,22,0
2026-08-08T10:08:59+08:00,VideoCall·COMPACT Ver.,22,0
2026-08-08T10:09:10+08:00,VideoCall·COMPACT Ver.,22,0
2026-08-08T10:09:21+08:00,VideoCall·COMPACT Ver.,22,0
2026-08-08T10:09:44+08:00,VideoCall·COMPACT Ver.,22,0
2026-08-08T10:09:55+08:00,VideoCall·COMPACT Ver.,22,0
2026-08-08T10:10:06+08:00,VideoCall·COMPACT Ver.,22,0
2026-08-08T10:10:16+08:00,VideoCall·COMPACT Ver.,22,0
2026-08-08T10:10:27+08:00,VideoCall·COMPACT Ver.,22,0
2026-08-08T10:10:37+08:00,VideoCall·COMPACT Ver.,22,0
2026-08-08T10:11:02+08:00,VideoCall·COMPACT Ver.,22,0
2026-08-08T10:11:13+08:00,VideoCall·COMPACT Ver.,22,0
2026-08-08T10:11:24+08:00,VideoCall·COMPACT Ver.,22,0
2026-08-08T10:11:52+08:00,VideoCall·COMPACT Ver.,22,0
2026-08-08T10:12:03+08:00,VideoCall·COMPACT Ver.,22,0
2026-08-08T10:12:14+08:00,VideoCall·COMPACT Ver.,22,0
2026-08-08T10:12:25+08:00,VideoCall·COMPACT Ver.,22,0
2026-08-08T10:12:35+08:00,VideoCall·COMPACT Ver.,22,0
2026-08-08T10:12:46+08:00,VideoCall·COMPACT Ver.,22,0
2026-08-08T10:12:57+08:00,VideoCall·COMPACT Ver.,22,0
2026-08-08T10:13:20+08:00,VideoCall·COMPACT Ver.,22,0
2026-08-08T10:13:31+08:00,VideoCall·COMPACT Ver.,22,0
2026-08-08T10:13:42+08:00,VideoCall·COMPACT Ver.,22,0
2026-08-08T10:13:52+08:00,VideoCall·COMPACT Ver.,22,0
2026-08-08T10:14:04+08:00,VideoCall·COMPACT Ver.,22,0
2026-08-08T10:14:15+08:00,VideoCall·COMPACT Ver.,22,0
2026-08-08T10:14:39+08:00,VideoCall·COMPACT Ver.,22,0
2026-08-08T10:14:49+08:00,VideoCall·COMPACT Ver.,22,0
2026-08-08T10:15:00+08:00,VideoCall·COMPACT Ver.,22,0
2026-08-08T10:15:10+08:00,VideoCall·COMPACT Ver.,22,0
2026-08-08T10:15:21+08:00,VideoCall·COMPACT Ver.,22,0
2026-08-08T10:15:31+08:00,VideoCall·COMPACT Ver.,22,0
2026-08-08T10:15:55+08:00,VideoCall·COMPACT Ver.,22,0
2026-08-08T10:16:06+08:00,VideoCall·COMPACT Ver.,22,0
2026-08-08T10:16:17+08:00,VideoCall·COMPACT Ver.,22,0
2026-08-08T10:16:27+08:00,VideoCall·COMPACT Ver.,22,0
2026-08-08T10:16:38+08:00,VideoCall·COMPACT Ver.,22,0
2026-08-08T10:16:49+08:00,VideoCall·COMPACT Ver.,22,0
2026-08-08T10:17:13+08:00,VideoCall·COMPACT Ver.,22,0
2026-08-08T10:17:23+08:00,VideoCall·COMPACT Ver.,22,0
2026-08-08T10:17:34+08:00,VideoCall·COMPACT Ver.,22,0
2026-08-08T10:17:45+08:00,VideoCall·COMPACT Ver.,22,0
2026-08-08T10:17:56+08:00,VideoCall·COMPACT Ver.,22,0
2026-08-08T10:18:06+08:00,VideoCall·COMPACT Ver.,22,0
2026-08-08T10:18:29+08:00,VideoCall·COMPACT Ver.,22,0
2026-08-08T10:18:40+08:00,VideoCall·COMPACT Ver.,22,0
2026-08-08T10:18:51+08:00,VideoCall·COMPACT Ver.,22,0
2026-08-08T10:19:02+08:00,VideoCall·COMPACT Ver.,22,0
2026-08-08T10:19:13+08:00,VideoCall·COMPACT Ver.,22,0
2026-08-08T10:19:23+08:00,VideoCall·COMPACT Ver.,22,0
2026-08-08T10:19:46+08:00,VideoCall·COMPACT Ver.,22,0
2026-08-08T10:19:57+08:00,VideoCall·COMPACT Ver.,22,0
2026-08-08T10:20:08+08:00,VideoCall·COMPACT Ver.,22,0
2026-08-08T10:20:19+08:00,VideoCall·COMPACT Ver.,22,0
2026-08-08T10:20:29+08:00,VideoCall·COMPACT Ver.,22,0
2026-08-08T10:20:41+08:00,VideoCall·COMPACT Ver.,22,0
2026-08-08T10:21:04+08:00,VideoCall·COMPACT Ver.,22,0
2026-08-08T10:21:15+08:00,VideoCall·COMPACT Ver.,22,0
2026-08-08T10:21:25+08:00,VideoCall·COMPACT Ver.,22,0
2026-08-08T10:21:36+08:00,VideoCall·COMPACT Ver.,22,0
2026-08-08T10:21:47+08:00,VideoCall·COMPACT Ver.,22,0
2026-08-08T10:21:58+08:00,VideoCall·COMPACT Ver.,22,0
2026-08-08T10:22:23+08:00,VideoCall·COMPACT Ver.,22,0
2026-08-08T10:22:34+08:00,VideoCall·COMPACT Ver.,22,0
2026-08-08T10:22:44+08:00,VideoCall·COMPACT Ver.,22,0
2026-08-08T10:22:55+08:00,VideoCall·COMPACT Ver.,22,0
2026-08-08T10:23:06+08:00,VideoCall·COMPACT Ver.,22,0
2026-08-08T10:23:17+08:00,VideoCall·COMPACT Ver.,22,0
2026-08-08T10:23:40+08:00,VideoCall·COMPACT Ver.,22,0
2026-08-08T10:23:51+08:00,VideoCall·COMPACT Ver.,22,0
2026-08-08T10:24:01+08:00,VideoCall·COMPACT Ver.,22,0
2026-08-08T10:24:12+08:00,VideoCall·COMPACT Ver.,22,0
2026-08-08T10:24:22+08:00,VideoCall·COMPACT Ver.,22,0
2026-08-08T10:24:33+08:00,VideoCall·COMPACT Ver.,22,0
2026-08-08T10:24:56+08:00,VideoCall·COMPACT Ver.,22,0
2026-08-08T10:25:07+08:00,VideoCall·COMPACT Ver.,22,0
2026-08-08T10:25:18+08:00,VideoCall·COMPACT Ver.,22,0
2026-08-08T10:25:29+08:00,VideoCall·COMPACT Ver.,22,0
2026-08-08T10:25:40+08:00,VideoCall·COMPACT Ver.,22,0
2026-08-08T10:25:51+08:00,VideoCall·COMPACT Ver.,22,0
2026-08-08T10:26:14+08:00,VideoCall·COMPACT Ver.,22,0
2026-08-08T10:26:26+08:00,VideoCall·COMPACT Ver.,22,0
2026-08-08T10:26:36+08:00,VideoCall·COMPACT Ver.,22,0
2026-08-08T10:26:47+08:00,VideoCall·COMPACT Ver.,22,0
2026-08-08T10:26:58+08:00,VideoCall·COMPACT Ver.,22,0
2026-08-08T10:27:08+08:00,VideoCall·COMPACT Ver.,22,0
2026-08-08T10:27:32+08:00,VideoCall·COMPACT Ver.,22,0
2026-08-08T10:27:43+08:00,VideoCall·COMPACT Ver.,22,0
2026-08-08T10:27:53+08:00,VideoCall·COMPACT Ver.,22,0
2026-08-08T10:28:04+08:00,VideoCall·COMPACT Ver.,22,0
2026-08-08T10:28:15+08:00,VideoCall·COMPACT Ver.,22,0
2026-08-08T10:28:26+08:00,VideoCall·COMPACT Ver.,22,0
2026-08-08T10:28:50+08:00,VideoCall·COMPACT Ver.,22,0
2026-08-08T10:29:01+08:00,VideoCall·COMPACT Ver.,22,0
2026-08-08T10:29:12+08:00,VideoCall·COMPACT Ver.,22,0
2026-08-08T10:29:22+08:00,VideoCall·COMPACT Ver.,22,0
2026-08-08T10:29:33+08:00,VideoCall·COMPACT Ver.,22,0
2026-08-08T10:29:44+08:00,VideoCall·COMPACT Ver.,22,0
2026-08-08T10:30:07+08:00,VideoCall·COMPACT Ver.,22,0
2026-08-08T10:30:18+08:00,VideoCall·COMPACT Ver.,22,0
2026-08-08T10:30:30+08:00,VideoCall·COMPACT Ver.,22,0
2026-08-08T10:30:41+08:00,VideoCall·COMPACT Ver.,22,0
2026-08-08T10:30:52+08:00,VideoCall·COMPACT Ver.,22,0
2026-08-08T10:31:02+08:00,VideoCall·COMPACT Ver.,22,0
2026-08-08T10:31:26+08:00,VideoCall·COMPACT Ver.,22,0
2026-08-08T10:31:37+08:00,VideoCall·COMPACT Ver.,22,0
2026-08-08T10:31:48+08:00,VideoCall·COMPACT Ver.,22,0
2026-08-08T10:31:59+08:00,VideoCall·COMPACT Ver.,22,0
2026-08-08T10:32:10+08:00,VideoCall·COMPACT Ver.,22,0
2026-08-08T10:32:21+08:00,VideoCall·COMPACT Ver.,22,0
2026-08-08T10:32:46+08:00,VideoCall·COMPACT Ver.,22,0
2026-08-08T10:32:57+08:00,VideoCall·COMPACT Ver.,22,0
2026-08-08T10:33:08+08:00,VideoCall·COMPACT Ver.,22,0
2026-08-08T10:33:18+08:00,VideoCall·COMPACT Ver.,22,0
2026-08-08T10:33:29+08:00,VideoCall·COMPACT Ver.,22,0
2026-08-08T10:33:40+08:00,VideoCall·COMPACT Ver.,22,0
2026-08-08T10:34:03+08:00,VideoCall·COMPACT Ver.,22,0
2026-08-08T10:34:14+08:00,VideoCall·COMPACT Ver.,22,0
2026-08-08T10:34:25+08:00,VideoCall·COMPACT Ver.,22,0
2026-08-08T10:34:36+08:00,VideoCall·COMPACT Ver.,22,0
2026-08-08T10:34:46+08:00,VideoCall·COMPACT Ver.,22,0
2026-08-08T10:34:57+08:00,VideoCall·COMPACT Ver.,22,0
2026-08-08T10:35:20+08:00,VideoCall·COMPACT Ver.,22,0
2026-08-08T10:35:31+08:00,VideoCall·COMPACT Ver.,22,0
2026-08-08T10:35:41+08:00,VideoCall·COMPACT Ver.,22,0
2026-08-08T10:35:52+08:00,VideoCall·COMPACT Ver.,22,0
2026-08-08T10:36:02+08:00,VideoCall·COMPACT Ver.,22,0
2026-08-08T10:36:13+08:00,VideoCall·COMPACT Ver.,22,0
2026-08-08T10:36:37+08:00,VideoCall·COMPACT Ver.,22,0
2026-08-08T10:36:48+08:00,VideoCall·COMPACT Ver.,22,0
2026-08-08T10:36:59+08:00,VideoCall·COMPACT Ver.,22,0
2026-08-08T10:37:10+08:00,VideoCall·COMPACT Ver.,22,0
2026-08-08T10:37:20+08:00,VideoCall·COMPACT Ver.,22,0
2026-08-08T10:37:31+08:00,VideoCall·COMPACT Ver.,22,0
2026-08-08T10:37:55+08:00,VideoCall·COMPACT Ver.,22,0
2026-08-08T10:38:06+08:00,VideoCall·COMPACT Ver.,22,0
2026-08-08T10:38:16+08:00,VideoCall·COMPACT Ver.,22,0
2026-08-08T10:38:27+08:00,VideoCall·COMPACT Ver.,22,0
2026-08-08T10:38:38+08:00,VideoCall·COMPACT Ver.,22,0
2026-08-08T10:38:49+08:00,VideoCall·COMPACT Ver.,22,0
2026-08-08T10:39:12+08:00,VideoCall·COMPACT Ver.,22,0
2026-08-08T10:39:23+08:00,VideoCall·COMPACT Ver.,22,0
2026-08-08T10:39:34+08:00,VideoCall·COMPACT Ver.,22,0
2026-08-08T10:39:44+08:00,VideoCall·COMPACT Ver.,22,0
2026-08-08T10:39:55+08:00,VideoCall·COMPACT Ver.,22,0
2026-08-08T10:40:06+08:00,VideoCall·COMPACT Ver.,22,0
2026-08-08T10:40:30+08:00,VideoCall·COMPACT Ver.,22,0
2026-08-08T10:40:41+08:00,VideoCall·COMPACT Ver.,22,0
2026-08-08T10:40:52+08:00,VideoCall·COMPACT Ver.,22,0
2026-08-08T10:41:03+08:00,VideoCall·COMPACT Ver.,22,0
2026-08-08T10:41:14+08:00,VideoCall·COMPACT Ver.,22,0
2026-08-08T10:41:24+08:00,VideoCall·COMPACT Ver.,22,0
2026-08-08T10:41:48+08:00,VideoCall·COMPACT Ver.,22,0
2026-08-08T10:41:59+08:00,VideoCall·COMPACT Ver.,22,0
2026-08-08T10:42:11+08:00,VideoCall·COMPACT Ver.,22,0
2026-08-08T10:42:22+08:00,VideoCall·COMPACT Ver.,22,0
2026-08-08T10:42:32+08:00,VideoCall·COMPACT Ver.,22,0
2026-08-08T10:42:43+08:00,VideoCall·COMPACT Ver.,22,0
2026-08-08T10:43:06+08:00,VideoCall·COMPACT Ver.,22,0
2026-08-08T10:43:17+08:00,VideoCall·COMPACT Ver.,22,0
2026-08-08T10:43:28+08:00,VideoCall·COMPACT Ver.,22,0
2026-08-08T10:43:39+08:00,VideoCall·COMPACT Ver.,22,0
2026-08-08T10:43:50+08:00,VideoCall·COMPACT Ver.,22,0
2026-08-08T10:44:01+08:00,VideoCall·COMPACT Ver.,22,0
2026-08-08T11:34:52+08:00,VideoCall·COMPACT Ver.,22,0
2026-08-08T11:35:03+08:00,VideoCall·COMPACT Ver.,22,0
2026-08-08T11:35:14+08:00,VideoCall·COMPACT Ver.,22,0
2026-08-08T11:35:25+08:00,VideoCall·COMPACT Ver.,22,0
2026-08-08T11:35:35+08:00,VideoCall·COMPACT Ver.,22,0
2026-08-08T11:35:45+08:00,VideoCall·COMPACT Ver.,22,0
2026-08-08T11:35:56+08:00,VideoCall·COMPACT Ver.,22,0
2026-08-08T11:36:17+08:00,VideoCall·COMPACT Ver.,22,0
2026-08-08T11:36:28+08:00,VideoCall·COMPACT Ver.,22,0
2026-08-08T11:36:38+08:00,VideoCall·COMPACT Ver.,22,0
2026-08-08T11:36:48+08:00,VideoCall·COMPACT Ver.,22,0
2026-08-08T11:36:59+08:00,VideoCall·COMPACT Ver.,22,0
2026-08-08T11:37:09+08:00,VideoCall·COMPACT Ver.,22,0
2026-08-08T11:37:32+08:00,VideoCall·COMPACT Ver.,22,0
2026-08-08T11:37:42+08:00,VideoCall·COMPACT Ver.,22,0
2026-08-08T11:37:52+08:00,VideoCall·COMPACT Ver.,22,0
2026-08-08T11:38:03+08:00,VideoCall·COMPACT Ver.,22,0
2026-08-08T11:38:13+08:00,VideoCall·COMPACT Ver.,22,0
2026-08-08T11:38:23+08:00,VideoCall·COMPACT Ver.,22,0
2026-08-08T11:38:45+08:00,VideoCall·COMPACT Ver.,22,0
2026-08-08T11:38:55+08:00,VideoCall·COMPACT Ver.,22,0
2026-08-08T11:39:06+08:00,VideoCall·COMPACT Ver.,22,0
2026-08-08T11:39:16+08:00,VideoCall·COMPACT Ver.,22,0
2026-08-08T11:39:26+08:00,VideoCall·COMPACT Ver.,22,0
2026-08-08T11:39:37+08:00,VideoCall·COMPACT Ver.,22,0
2026-08-08T11:39:58+08:00,VideoCall·COMPACT Ver.,22,0
2026-08-08T11:40:08+08:00,VideoCall·COMPACT Ver.,22,0
2026-08-08T11:40:18+08:00,VideoCall·COMPACT Ver.,22,0
2026-08-08T11:40:29+08:00,VideoCall·COMPACT Ver.,22,0
2026-08-08T11:40:40+08:00,VideoCall·COMPACT Ver.,22,0
2026-08-08T11:40:50+08:00,VideoCall·COMPACT Ver.,22,0
2026-08-08T11:41:11+08:00,VideoCall·COMPACT Ver.,22,0
2026-08-08T11:41:22+08:00,VideoCall·COMPACT Ver.,22,0
2026-08-08T11:41:33+08:00,VideoCall·COMPACT Ver.,22,0
2026-08-08T11:41:43+08:00,VideoCall·COMPACT Ver.,22,0
2026-08-08T11:41:53+08:00,VideoCall·COMPACT Ver.,22,0
2026-08-08T11:42:04+08:00,VideoCall·COMPACT Ver.,22,0
2026-08-08T11:42:25+08:00,VideoCall·COMPACT Ver.,22,0
2026-08-08T11:42:35+08:00,VideoCall·COMPACT Ver.,22,0
2026-08-08T11:42:45+08:00,VideoCall·COMPACT Ver.,22,0
2026-08-08T11:42:56+08:00,VideoCall·COMPACT Ver.,22,0
2026-08-08T11:43:06+08:00,VideoCall·COMPACT Ver.,22,0
2026-08-08T11:43:16+08:00,VideoCall·COMPACT Ver.,22,0
2026-08-08T11:43:37+08:00,VideoCall·COMPACT Ver.,22,0
2026-08-08T11:43:48+08:00,VideoCall·COMPACT Ver.,22,0
2026-08-08T11:43:58+08:00,VideoCall·COMPACT Ver.,22,0
2026-08-08T11:44:09+08:00,VideoCall·COMPACT Ver.,22,0
2026-08-08T11:44:19+08:00,VideoCall·COMPACT Ver.,22,0
2026-08-08T11:44:29+08:00,VideoCall·COMPACT Ver.,22,0
2026-08-08T11:44:51+08:00,VideoCall·COMPACT Ver.,22,0
2026-08-08T11:45:01+08:00,VideoCall·COMPACT Ver.,22,0
2026-08-08T11:45:11+08:00,VideoCall·COMPACT Ver.,22,0
2026-08-08T11:45:22+08:00,VideoCall·COMPACT Ver.,22,0
2026-08-08T11:45:32+08:00,VideoCall·COMPACT Ver.,22,0
2026-08-08T11:45:42+08:00,VideoCall·COMPACT Ver.,22,0
2026-08-08T11:46:04+08:00,VideoCall·COMPACT Ver.,22,0
2026-08-08T11:46:14+08:00,VideoCall·COMPACT Ver.,22,0
2026-08-08T11:46:24+08:00,VideoCall·COMPACT Ver.,22,0
2026-08-08T11:46:35+08:00,VideoCall·COMPACT Ver.,22,0
2026-08-08T11:46:45+08:00,VideoCall·COMPACT Ver.,22,0
2026-08-08T11:46:56+08:00,VideoCall·COMPACT Ver.,22,0
2026-08-08T11:47:18+08:00,VideoCall·COMPACT Ver.,22,0
2026-08-08T11:47:28+08:00,VideoCall·COMPACT Ver.,22,0
2026-08-08T11:47:39+08:00,VideoCall·COMPACT Ver.,22,0
2026-08-08T11:47:49+08:00,VideoCall·COMPACT Ver.,22,0
2026-08-08T11:47:59+08:00,VideoCall·COMPACT Ver.,22,0
2026-08-08T11:48:10+08:00,VideoCall·COMPACT Ver.,22,0
2026-08-08T11:48:32+08:00,VideoCall·COMPACT Ver.,22,0
2026-08-08T11:48:42+08:00,VideoCall·COMPACT Ver.,22,0
2026-08-08T11:48:52+08:00,VideoCall·COMPACT Ver.,22,0
2026-08-08T11:49:03+08:00,VideoCall·COMPACT Ver.,22,0
2026-08-08T11:49:13+08:00,VideoCall·COMPACT Ver.,22,0
2026-08-08T11:49:23+08:00,VideoCall·COMPACT Ver.,22,0
2026-08-08T11:49:45+08:00,VideoCall·COMPACT Ver.,22,0
2026-08-08T11:49:55+08:00,VideoCall·COMPACT Ver.,22,0
2026-08-08T11:50:06+08:00,VideoCall·COMPACT Ver.,22,0
2026-08-08T11:50:16+08:00,VideoCall·COMPACT Ver.,22,0
2026-08-08T11:50:27+08:00,VideoCall·COMPACT Ver.,22,0
2026-08-08T11:50:37+08:00,VideoCall·COMPACT Ver.,22,0
2026-08-08T11:50:59+08:00,VideoCall·COMPACT Ver.,22,0
2026-08-08T11:51:09+08:00,VideoCall·COMPACT Ver.,22,0
2026-08-08T11:51:19+08:00,VideoCall·COMPACT Ver.,22,0
2026-08-08T11:51:30+08:00,VideoCall·COMPACT Ver.,22,0
2026-08-08T11:51:40+08:00,VideoCall·COMPACT Ver.,22,0
2026-08-08T11:51:50+08:00,VideoCall·COMPACT Ver.,22,0
2026-08-08T11:52:11+08:00,VideoCall·COMPACT Ver.,22,0
2026-08-08T11:52:22+08:00,VideoCall·COMPACT Ver.,22,0
2026-08-08T11:52:32+08:00,VideoCall·COMPACT Ver.,22,0
2026-08-08T11:52:42+08:00,VideoCall·COMPACT Ver.,22,0
2026-08-08T11:52:53+08:00,VideoCall·COMPACT Ver.,22,0
2026-08-08T11:53:04+08:00,VideoCall·COMPACT Ver.,22,0
2026-08-08T11:53:25+08:00,VideoCall·COMPACT Ver.,22,0
2026-08-08T11:53:35+08:00,VideoCall·COMPACT Ver.,22,0
2026-08-08T11:53:46+08:00,VideoCall·COMPACT Ver.,22,0
2026-08-08T11:53:56+08:00,VideoCall·COMPACT Ver.,22,0
2026-08-08T11:54:06+08:00,VideoCall·COMPACT Ver.,22,0
2026-08-08T11:54:17+08:00,VideoCall·COMPACT Ver.,22,0
2026-08-08T11:54:39+08:00,VideoCall·COMPACT Ver.,22,0
2026-08-08T11:54:49+08:00,VideoCall·COMPACT Ver.,22,0
2026-08-08T11:54:59+08:00,VideoCall·COMPACT Ver.,22,0
2026-08-08T11:55:10+08:00,VideoCall·COMPACT Ver.,22,0
2026-08-08T11:55:21+08:00,VideoCall·COMPACT Ver.,22,0
2026-08-08T11:55:31+08:00,VideoCall·COMPACT Ver.,22,0
2026-08-08T11:55:53+08:00,VideoCall·COMPACT Ver.,22,0
2026-08-08T11:56:04+08:00,VideoCall·COMPACT Ver.,22,0
2026-08-08T11:56:14+08:00,VideoCall·COMPACT Ver.,22,0
2026-08-08T11:56:24+08:00,VideoCall·COMPACT Ver.,22,0
2026-08-08T11:56:35+08:00,VideoCall·COMPACT Ver.,22,0
2026-08-08T11:56:45+08:00,VideoCall·COMPACT Ver.,22,0
2026-08-08T11:57:07+08:00,VideoCall·COMPACT Ver.,22,0
2026-08-08T11:57:18+08:00,VideoCall·COMPACT Ver.,22,0
2026-08-08T11:57:28+08:00,VideoCall·COMPACT Ver.,22,0
2026-08-08T11:57:39+08:00,VideoCall·COMPACT Ver.,22,0
2026-08-08T11:57:49+08:00,VideoCall·COMPACT Ver.,22,0
2026-08-08T11:58:00+08:00,VideoCall·COMPACT Ver.,22,0
2026-08-08T11:58:57+08:00,VideoCall·COMPACT Ver.,22,0
2026-08-08T11:59:08+08:00,VideoCall·COMPACT Ver.,22,0
2026-08-08T11:59:19+08:00,VideoCall·COMPACT Ver.,22,0
2026-08-08T11:59:30+08:00,VideoCall·COMPACT Ver.,22,0
2026-08-08T11:59:41+08:00,VideoCall·COMPACT Ver.,22,0
2026-08-08T11:59:51+08:00,VideoCall·COMPACT Ver.,22,0
2026-08-08T12:00:02+08:00,VideoCall·COMPACT Ver.,22,0
2026-08-08T12:00:24+08:00,VideoCall·COMPACT Ver.,22,0
2026-08-08T12:00:35+08:00,VideoCall·COMPACT Ver.,22,0
2026-08-08T12:00:45+08:00,VideoCall·COMPACT Ver.,22,0
2026-08-08T12:00:56+08:00,VideoCall·COMPACT Ver.,22,0
2026-08-08T12:01:07+08:00,VideoCall·COMPACT Ver.,22,0
2026-08-08T12:01:18+08:00,VideoCall·COMPACT Ver.,22,0
2026-08-08T12:01:40+08:00,VideoCall·COMPACT Ver.,22,0
2026-08-08T12:01:51+08:00,VideoCall·COMPACT Ver.,22,0
2026-08-08T12:02:02+08:00,VideoCall·COMPACT Ver.,22,0
2026-08-08T12:02:12+08:00,VideoCall·COMPACT Ver.,22,0
2026-08-08T12:02:23+08:00,VideoCall·COMPACT Ver.,22,0
2026-08-08T12:02:34+08:00,VideoCall·COMPACT Ver.,22,0
2026-08-08T12:02:56+08:00,VideoCall·COMPACT Ver.,22,0
2026-08-08T12:03:07+08:00,VideoCall·COMPACT Ver.,22,0
2026-08-08T12:03:18+08:00,VideoCall·COMPACT Ver.,22,0
2026-08-08T12:03:28+08:00,VideoCall·COMPACT Ver.,22,0
2026-08-08T12:03:39+08:00,VideoCall·COMPACT Ver.,22,0
2026-08-08T12:03:50+08:00,VideoCall·COMPACT Ver.,22,0
2026-08-08T12:04:12+08:00,VideoCall·COMPACT Ver.,22,0
2026-08-08T12:04:22+08:00,VideoCall·COMPACT Ver.,22,0
2026-08-08T12:04:33+08:00,VideoCall·COMPACT Ver.,22,0
2026-08-08T12:04:44+08:00,VideoCall·COMPACT Ver.,22,0
2026-08-08T12:04:55+08:00,VideoCall·COMPACT Ver.,22,0
2026-08-08T12:05:06+08:00,VideoCall·COMPACT Ver.,22,0
2026-08-08T12:05:28+08:00,VideoCall·COMPACT Ver.,22,0
2026-08-08T12:05:39+08:00,VideoCall·COMPACT Ver.,22,0
2026-08-08T12:05:49+08:00,VideoCall·COMPACT Ver.,22,0
2026-08-08T12:06:00+08:00,VideoCall·COMPACT Ver.,22,0
2026-08-08T12:06:11+08:00,VideoCall·COMPACT Ver.,22,0
2026-08-08T12:06:21+08:00,VideoCall·COMPACT Ver.,22,0
2026-08-08T12:06:43+08:00,VideoCall·COMPACT Ver.,22,0
2026-08-08T12:06:54+08:00,VideoCall·COMPACT Ver.,22,0
2026-08-08T12:07:04+08:00,VideoCall·COMPACT Ver.,22,0
2026-08-08T12:07:15+08:00,VideoCall·COMPACT Ver.,22,0
2026-08-08T12:07:26+08:00,VideoCall·COMPACT Ver.,22,0
2026-08-08T12:07:37+08:00,VideoCall·COMPACT Ver.,22,0
2026-08-08T12:07:59+08:00,VideoCall·COMPACT Ver.,22,0
2026-08-08T12:08:10+08:00,VideoCall·COMPACT Ver.,22,0
2026-08-08T12:08:20+08:00,VideoCall·COMPACT Ver.,22,0
2026-08-08T12:08:31+08:00,VideoCall·COMPACT Ver.,22,0
2026-08-08T12:08:42+08:00,VideoCall·COMPACT Ver.,22,0
2026-08-08T12:08:52+08:00,VideoCall·COMPACT Ver.,22,0
2026-08-08T12:09:20+08:00,VideoCall·COMPACT Ver.,22,0
2026-08-08T12:09:30+08:00,VideoCall·COMPACT Ver.,22,0
2026-08-08T12:09:41+08:00,VideoCall·COMPACT Ver.,22,0
2026-08-08T12:09:52+08:00,VideoCall·COMPACT Ver.,22,0
2026-08-08T12:10:03+08:00,VideoCall·COMPACT Ver.,22,0
2026-08-08T12:10:24+08:00,VideoCall·COMPACT Ver.,22,0
2026-08-08T12:10:35+08:00,VideoCall·COMPACT Ver.,22,0
2026-08-08T12:10:46+08:00,VideoCall·COMPACT Ver.,22,0
2026-08-08T12:10:56+08:00,VideoCall·COMPACT Ver.,22,0
2026-08-08T12:11:07+08:00,VideoCall·COMPACT Ver.,22,0
2026-08-08T12:11:18+08:00,VideoCall·COMPACT Ver.,22,0
2026-08-08T12:11:39+08:00,VideoCall·COMPACT Ver.,22,0
2026-08-08T12:11:50+08:00,VideoCall·COMPACT Ver.,22,0
2026-08-08T12:12:00+08:00,VideoCall·COMPACT Ver.,22,0
2026-08-08T12:12:11+08:00,VideoCall·COMPACT Ver.,22,0
2026-08-08T12:12:22+08:00,VideoCall·COMPACT Ver.,22,0
2026-08-08T12:12:33+08:00,VideoCall·COMPACT Ver.,22,0
2026-08-08T12:12:55+08:00,VideoCall·COMPACT Ver.,22,0
2026-08-08T12:13:05+08:00,VideoCall·COMPACT Ver.,22,0
2026-08-08T12:13:16+08:00,VideoCall·COMPACT Ver.,22,0
2026-08-08T12:13:26+08:00,VideoCall·COMPACT Ver.,22,0
2026-08-08T12:13:37+08:00,VideoCall·COMPACT Ver.,22,0
2026-08-08T12:13:48+08:00,VideoCall·COMPACT Ver.,22,0
2026-08-08T12:14:10+08:00,VideoCall·COMPACT Ver.,22,0
2026-08-08T12:14:21+08:00,VideoCall·COMPACT Ver.,22,0
2026-08-08T12:14:31+08:00,VideoCall·COMPACT Ver.,22,0
2026-08-08T12:14:42+08:00,VideoCall·COMPACT Ver.,22,0
2026-08-08T12:14:53+08:00,VideoCall·COMPACT Ver.,22,0
2026-08-08T12:15:03+08:00,VideoCall·COMPACT Ver.,22,0
2026-08-08T12:15:25+08:00,VideoCall·COMPACT Ver.,22,0
2026-08-08T12:15:36+08:00,VideoCall·COMPACT Ver.,22,0
2026-08-08T12:15:47+08:00,VideoCall·COMPACT Ver.,22,0
2026-08-08T12:15:58+08:00,VideoCall·COMPACT Ver.,22,0
2026-08-08T12:16:08+08:00,VideoCall·COMPACT Ver.,22,0
2026-08-08T12:16:19+08:00,VideoCall·COMPACT Ver.,22,0
2026-08-08T12:16:40+08:00,VideoCall·COMPACT Ver.,22,0
2026-08-08T12:16:51+08:00,VideoCall·COMPACT Ver.,22,0
2026-08-08T12:17:02+08:00,VideoCall·COMPACT Ver.,22,0
2026-08-08T12:17:12+08:00,VideoCall·COMPACT Ver.,22,0
2026-08-08T12:17:23+08:00,VideoCall·COMPACT Ver.,22,0
2026-08-08T12:17:34+08:00,VideoCall·COMPACT Ver.,22,0
2026-08-08T12:17:56+08:00,VideoCall·COMPACT Ver.,22,0
2026-08-08T12:18:07+08:00,VideoCall·COMPACT Ver.,22,0
2026-08-08T12:18:17+08:00,VideoCall·COMPACT Ver.,22,0
2026-08-08T12:18:28+08:00,VideoCall·COMPACT Ver.,22,0
2026-08-08T12:18:39+08:00,VideoCall·COMPACT Ver.,22,0
2026-08-08T12:18:50+08:00,VideoCall·COMPACT Ver.,22,0
2026-08-08T12:19:12+08:00,VideoCall·COMPACT Ver.,22,0
2026-08-08T12:19:23+08:00,VideoCall·COMPACT Ver.,22,0
2026-08-08T12:19:34+08:00,VideoCall·COMPACT Ver.,22,0
2026-08-08T12:19:44+08:00,VideoCall·COMPACT Ver.,22,0
2026-08-08T12:19:55+08:00,VideoCall·COMPACT Ver.,22,0
2026-08-08T12:20:05+08:00,VideoCall·COMPACT Ver.,22,0
2026-08-08T12:20:27+08:00,VideoCall·COMPACT Ver.,22,0
2026-08-08T12:20:38+08:00,VideoCall·COMPACT Ver.,22,0
2026-08-08T12:20:48+08:00,VideoCall·COMPACT Ver.,22,0
2026-08-08T12:20:59+08:00,VideoCall·COMPACT Ver.,22,0
2026-08-08T12:21:09+08:00,VideoCall·COMPACT Ver.,22,0
2026-08-08T12:21:20+08:00,VideoCall·COMPACT Ver.,22,0
2026-08-08T12:21:43+08:00,VideoCall·COMPACT Ver.,22,0
2026-08-08T12:21:53+08:00,VideoCall·COMPACT Ver.,22,0
2026-08-08T12:22:04+08:00,VideoCall·COMPACT Ver.,22,0
2026-08-08T12:22:15+08:00,VideoCall·COMPACT Ver.,22,0
2026-08-08T12:22:25+08:00,VideoCall·COMPACT Ver.,22,0
2026-08-08T12:22:36+08:00,VideoCall·COMPACT Ver.,22,0
2026-08-08T12:22:58+08:00,VideoCall·COMPACT Ver.,22,0
2026-08-08T12:23:09+08:00,VideoCall·COMPACT Ver.,22,0
2026-08-08T12:23:20+08:00,VideoCall·COMPACT Ver.,22,0
2026-08-08T12:23:30+08:00,VideoCall·COMPACT Ver.,22,0
2026-08-08T12:23:41+08:00,VideoCall·COMPACT Ver.,22,0
2026-08-08T12:23:52+08:00,VideoCall·COMPACT Ver.,22,0
2026-08-08T12:24:13+08:00,VideoCall·COMPACT Ver.,22,0
2026-08-08T12:24:24+08:00,VideoCall·COMPACT Ver.,22,0
2026-08-08T12:24:34+08:00,VideoCall·COMPACT Ver.,22,0
2026-08-08T12:24:44+08:00,VideoCall·COMPACT Ver.,22,0
2026-08-08T12:24:55+08:00,VideoCall·COMPACT Ver.,22,0
2026-08-08T12:25:06+08:00,VideoCall·COMPACT Ver.,22,0
2026-08-08T12:25:28+08:00,VideoCall·COMPACT Ver.,22,0
2026-08-08T12:25:39+08:00,VideoCall·COMPACT Ver.,22,0
2026-08-08T12:25:49+08:00,VideoCall·COMPACT Ver.,22,0
2026-08-08T12:26:00+08:00,VideoCall·COMPACT Ver.,22,0
2026-08-08T12:26:11+08:00,VideoCall·COMPACT Ver.,22,0
2026-08-08T12:26:21+08:00,VideoCall·COMPACT Ver.,22,0
2026-08-08T12:26:44+08:00,VideoCall·COMPACT Ver.,22,0
2026-08-08T12:26:54+08:00,VideoCall·COMPACT Ver.,22,0
2026-08-08T12:27:05+08:00,VideoCall·COMPACT Ver.,22,0
2026-08-08T12:27:15+08:00,VideoCall·COMPACT Ver.,22,0
2026-08-08T12:27:25+08:00,VideoCall·COMPACT Ver.,22,0
2026-08-08T12:27:36+08:00,VideoCall·COMPACT Ver.,22,0
2026-08-08T12:27:57+08:00,VideoCall·COMPACT Ver.,22,0
2026-08-08T12:28:08+08:00,VideoCall·COMPACT Ver.,22,0
2026-08-08T12:28:18+08:00,VideoCall·COMPACT Ver.,22,0
2026-08-08T12:28:29+08:00,VideoCall·COMPACT Ver.,22,0
2026-08-08T12:28:39+08:00,VideoCall·COMPACT Ver.,22,0
2026-08-08T12:28:50+08:00,VideoCall·COMPACT Ver.,22,0
2026-08-08T12:29:12+08:00,VideoCall·COMPACT Ver.,22,0
2026-08-08T12:29:22+08:00,VideoCall·COMPACT Ver.,22,0
2026-08-08T12:29:33+08:00,VideoCall·COMPACT Ver.,22,0
2026-08-08T12:29:43+08:00,VideoCall·COMPACT Ver.,22,0
2026-08-08T12:29:54+08:00,VideoCall·COMPACT Ver.,22,0
2026-08-08T12:30:05+08:00,VideoCall·COMPACT Ver.,22,0
2026-08-08T12:30:27+08:00,VideoCall·COMPACT Ver.,22,0
2026-08-08T12:30:38+08:00,VideoCall·COMPACT Ver.,22,0
2026-08-08T12:30:49+08:00,VideoCall·COMPACT Ver.,22,0
2026-08-08T12:30:59+08:00,VideoCall·COMPACT Ver.,22,0
2026-08-08T12:31:10+08:00,VideoCall·COMPACT Ver.,22,0
2026-08-08T12:31:21+08:00,VideoCall·COMPACT Ver.,22,0
2026-08-08T12:31:43+08:00,VideoCall·COMPACT Ver.,22,0
2026-08-08T12:31:54+08:00,VideoCall·COMPACT Ver.,22,0
2026-08-08T12:32:05+08:00,VideoCall·COMPACT Ver.,22,0
2026-08-08T12:32:15+08:00,VideoCall·COMPACT Ver.,22,0
2026-08-08T12:32:26+08:00,VideoCall·COMPACT Ver.,22,0
2026-08-08T12:32:36+08:00,VideoCall·COMPACT Ver.,22,0
2026-08-08T12:32:59+08:00,VideoCall·COMPACT Ver.,22,0
2026-08-08T12:33:09+08:00,VideoCall·COMPACT Ver.,22,0
2026-08-08T12:33:20+08:00,VideoCall·COMPACT Ver.,22,0
2026-08-08T12:33:30+08:00,VideoCall·COMPACT Ver.,22,0
2026-08-08T12:33:40+08:00,VideoCall·COMPACT Ver.,22,0
2026-08-08T12:33:51+08:00,VideoCall·COMPACT Ver.,22,0
2026-08-08T12:34:13+08:00,VideoCall·COMPACT Ver.,22,0
2026-08-08T12:34:23+08:00,VideoCall·COMPACT Ver.,22,0
2026-08-08T12:34:34+08:00,VideoCall·COMPACT Ver.,22,0
2026-08-08T12:34:44+08:00,VideoCall·COMPACT Ver.,22,0
2026-08-08T12:34:55+08:00,VideoCall·COMPACT Ver.,22,0
2026-08-08T12:35:06+08:00,VideoCall·COMPACT Ver.,22,0
2026-08-08T12:35:27+08:00,VideoCall·COMPACT Ver.,22,0
2026-08-08T12:35:37+08:00,VideoCall·COMPACT Ver.,22,0
2026-08-08T12:35:49+08:00,VideoCall·COMPACT Ver.,22,0
2026-08-08T12:35:59+08:00,VideoCall·COMPACT Ver.,22,0
2026-08-08T12:36:10+08:00,VideoCall·COMPACT Ver.,22,0
2026-08-08T12:36:20+08:00,VideoCall·COMPACT Ver.,22,0
2026-08-08T12:36:42+08:00,VideoCall·COMPACT Ver.,22,0
2026-08-08T12:36:53+08:00,VideoCall·COMPACT Ver.,22,0
2026-08-08T12:37:03+08:00,VideoCall·COMPACT Ver.,22,0
2026-08-08T12:37:14+08:00,VideoCall·COMPACT Ver.,22,0
2026-08-08T12:37:24+08:00,VideoCall·COMPACT Ver.,22,0
2026-08-08T12:37:35+08:00,VideoCall·COMPACT Ver.,22,0
2026-08-08T12:37:57+08:00,VideoCall·COMPACT Ver.,22,0
2026-08-08T12:38:07+08:00,VideoCall·COMPACT Ver.,22,0
2026-08-08T12:38:18+08:00,VideoCall·COMPACT Ver.,22,0
2026-08-08T12:38:29+08:00,VideoCall·COMPACT Ver.,22,0
2026-08-08T12:38:39+08:00,VideoCall·COMPACT Ver.,22,0
2026-08-08T12:38:50+08:00,VideoCall·COMPACT Ver.,22,0
2026-08-08T12:39:11+08:00,VideoCall·COMPACT Ver.,22,0
2026-08-08T12:39:23+08:00,VideoCall·COMPACT Ver.,22,0
2026-08-08T12:39:33+08:00,VideoCall·COMPACT Ver.,22,0
2026-08-08T12:39:44+08:00,VideoCall·COMPACT Ver.,22,0
2026-08-08T12:39:55+08:00,VideoCall·COMPACT Ver.,22,0
2026-08-08T12:40:05+08:00,VideoCall·COMPACT Ver.,22,0
2026-08-08T12:40:27+08:00,VideoCall·COMPACT Ver.,22,0
2026-08-08T12:40:38+08:00,VideoCall·COMPACT Ver.,22,0
2026-08-08T12:40:49+08:00,VideoCall·COMPACT Ver.,22,0
2026-08-08T12:41:00+08:00,VideoCall·COMPACT Ver.,22,0
2026-08-08T12:41:10+08:00,VideoCall·COMPACT Ver.,22,0
2026-08-08T12:41:21+08:00,VideoCall·COMPACT Ver.,22,0
2026-08-08T12:41:43+08:00,VideoCall·COMPACT Ver.,22,0
2026-08-08T12:41:53+08:00,VideoCall·COMPACT Ver.,22,0
2026-08-08T12:42:04+08:00,VideoCall·COMPACT Ver.,22,0
2026-08-08T12:42:15+08:00,VideoCall·COMPACT Ver.,22,0
2026-08-08T12:42:26+08:00,VideoCall·COMPACT Ver.,22,0
2026-08-08T12:42:37+08:00,VideoCall·COMPACT Ver.,22,0
2026-08-08T12:42:59+08:00,VideoCall·COMPACT Ver.,22,0
2026-08-08T12:43:10+08:00,VideoCall·COMPACT Ver.,22,0
2026-08-08T12:43:21+08:00,VideoCall·COMPACT Ver.,22,0
2026-08-08T12:43:31+08:00,VideoCall·COMPACT Ver.,22,0
2026-08-08T12:43:42+08:00,VideoCall·COMPACT Ver.,22,0
2026-08-08T12:43:53+08:00,VideoCall·COMPACT Ver.,22,0
2026-08-08T12:44:15+08:00,VideoCall·COMPACT Ver.,22,0
2026-08-08T12:44:25+08:00,VideoCall·COMPACT Ver.,22,0
2026-08-08T12:44:40+08:00,VideoCall·COMPACT Ver.,22,0
2026-08-08T12:44:50+08:00,VideoCall·COMPACT Ver.,22,0
2026-08-08T12:45:01+08:00,VideoCall·COMPACT Ver.,22,0
2026-08-08T12:45:12+08:00,VideoCall·COMPACT Ver.,22,0
2026-08-08T12:45:34+08:00,VideoCall·COMPACT Ver.,22,0
2026-08-08T12:45:44+08:00,VideoCall·COMPACT Ver.,22,0
2026-08-08T12:45:55+08:00,VideoCall·COMPACT Ver.,22,0
2026-08-08T12:46:06+08:00,VideoCall·COMPACT Ver.,22,0
2026-08-08T12:46:17+08:00,VideoCall·COMPACT Ver.,22,0
2026-08-08T12:46:27+08:00,VideoCall·COMPACT Ver.,22,0
2026-08-08T12:46:49+08:00,VideoCall·COMPACT Ver.,22,0
2026-08-08T12:47:00+08:00,VideoCall·COMPACT Ver.,22,0
2026-08-08T12:47:11+08:00,VideoCall·COMPACT Ver.,22,0
2026-08-08T12:47:22+08:00,VideoCall·COMPACT Ver.,22,0
2026-08-08T12:47:33+08:00,VideoCall·COMPACT Ver.,22,0
2026-08-08T12:47:43+08:00,VideoCall·COMPACT Ver.,22,0
2026-08-08T12:48:05+08:00,VideoCall·COMPACT Ver.,22,0
2026-08-08T12:48:16+08:00,VideoCall·COMPACT Ver.,22,0
2026-08-08T12:48:26+08:00,VideoCall·COMPACT Ver.,22,0
2026-08-08T12:48:37+08:00,VideoCall·COMPACT Ver.,22,0
2026-08-08T12:48:48+08:00,VideoCall·COMPACT Ver.,22,0
2026-08-08T13:06:17+08:00,VideoCall·COMPACT Ver.,22,0
2026-08-08T13:06:28+08:00,VideoCall·COMPACT Ver.,22,0
2026-08-08T13:06:39+08:00,VideoCall·COMPACT Ver.,22,0
2026-08-08T13:06:49+08:00,VideoCall·COMPACT Ver.,22,0
2026-08-08T13:07:00+08:00,VideoCall·COMPACT Ver.,22,0
2026-08-08T13:07:10+08:00,VideoCall·COMPACT Ver.,22,0
2026-08-08T13:07:20+08:00,VideoCall·COMPACT Ver.,22,0
2026-08-08T13:07:42+08:00,VideoCall·COMPACT Ver.,22,0
2026-08-08T13:07:53+08:00,VideoCall·COMPACT Ver.,22,0
2026-08-08T13:08:03+08:00,VideoCall·COMPACT Ver.,22,0
2026-08-08T13:08:14+08:00,VideoCall·COMPACT Ver.,22,0
2026-08-08T13:08:25+08:00,VideoCall·COMPACT Ver.,22,0
2026-08-08T13:08:35+08:00,VideoCall·COMPACT Ver.,22,0
2026-08-08T13:08:56+08:00,VideoCall·COMPACT Ver.,22,0
2026-08-08T13:09:07+08:00,VideoCall·COMPACT Ver.,22,0
2026-08-08T13:09:18+08:00,VideoCall·COMPACT Ver.,22,0
2026-08-08T13:09:28+08:00,VideoCall·COMPACT Ver.,22,0
2026-08-08T13:09:39+08:00,VideoCall·COMPACT Ver.,22,0
2026-08-08T13:09:50+08:00,VideoCall·COMPACT Ver.,22,0
2026-08-08T13:10:12+08:00,VideoCall·COMPACT Ver.,22,0
2026-08-08T13:10:22+08:00,VideoCall·COMPACT Ver.,22,0
2026-08-08T13:10:33+08:00,VideoCall·COMPACT Ver.,22,0
2026-08-08T13:10:44+08:00,VideoCall·COMPACT Ver.,22,0
2026-08-08T13:10:55+08:00,VideoCall·COMPACT Ver.,22,0
2026-08-08T13:11:06+08:00,VideoCall·COMPACT Ver.,22,0
2026-08-08T13:11:28+08:00,VideoCall·COMPACT Ver.,22,0
2026-08-08T13:11:38+08:00,VideoCall·COMPACT Ver.,22,0
2026-08-08T13:11:49+08:00,VideoCall·COMPACT Ver.,22,0
2026-08-08T13:12:00+08:00,VideoCall·COMPACT Ver.,22,0
2026-08-08T13:12:10+08:00,VideoCall·COMPACT Ver.,22,0
2026-08-08T13:12:21+08:00,VideoCall·COMPACT Ver.,22,0
2026-08-08T13:12:42+08:00,VideoCall·COMPACT Ver.,22,0
2026-08-08T13:12:53+08:00,VideoCall·COMPACT Ver.,22,0
2026-08-08T13:13:04+08:00,VideoCall·COMPACT Ver.,22,0
2026-08-08T13:13:15+08:00,VideoCall·COMPACT Ver.,22,0
2026-08-08T13:13:25+08:00,VideoCall·COMPACT Ver.,22,0
2026-08-08T13:13:36+08:00,VideoCall·COMPACT Ver.,22,0
2026-08-08T13:13:58+08:00,VideoCall·COMPACT Ver.,22,0
2026-08-08T13:14:09+08:00,VideoCall·COMPACT Ver.,22,0
2026-08-08T13:14:19+08:00,VideoCall·COMPACT Ver.,22,0
2026-08-08T13:14:30+08:00,VideoCall·COMPACT Ver.,22,0
2026-08-08T13:14:41+08:00,VideoCall·COMPACT Ver.,22,0
2026-08-08T13:14:52+08:00,VideoCall·COMPACT Ver.,22,0
2026-08-08T13:15:14+08:00,VideoCall·COMPACT Ver.,22,0
2026-08-08T13:15:25+08:00,VideoCall·COMPACT Ver.,22,0
2026-08-08T13:15:35+08:00,VideoCall·COMPACT Ver.,22,0
2026-08-08T13:15:46+08:00,VideoCall·COMPACT Ver.,22,0
2026-08-08T13:15:56+08:00,VideoCall·COMPACT Ver.,22,0
2026-08-08T13:16:07+08:00,VideoCall·COMPACT Ver.,22,0
2026-08-08T13:16:28+08:00,VideoCall·COMPACT Ver.,22,0
2026-08-08T13:16:38+08:00,VideoCall·COMPACT Ver.,22,0
2026-08-08T13:16:49+08:00,VideoCall·COMPACT Ver.,22,0
2026-08-08T13:17:00+08:00,VideoCall·COMPACT Ver.,22,0
2026-08-08T13:17:11+08:00,VideoCall·COMPACT Ver.,22,0
2026-08-08T13:17:21+08:00,VideoCall·COMPACT Ver.,22,0
2026-08-08T13:17:44+08:00,VideoCall·COMPACT Ver.,22,0
2026-08-08T13:17:55+08:00,VideoCall·COMPACT Ver.,22,0
2026-08-08T13:18:05+08:00,VideoCall·COMPACT Ver.,22,0
2026-08-08T13:18:16+08:00,VideoCall·COMPACT Ver.,22,0
2026-08-08T13:18:27+08:00,VideoCall·COMPACT Ver.,22,0
2026-08-08T13:18:39+08:00,VideoCall·COMPACT Ver.,22,0
2026-08-08T13:19:02+08:00,VideoCall·COMPACT Ver.,22,0
2026-08-08T13:19:13+08:00,VideoCall·COMPACT Ver.,22,0
2026-08-08T13:19:23+08:00,VideoCall·COMPACT Ver.,22,0
2026-08-08T13:19:33+08:00,VideoCall·COMPACT Ver.,22,0
2026-08-08T13:19:44+08:00,VideoCall·COMPACT Ver.,22,0
2026-08-08T13:19:55+08:00,VideoCall·COMPACT Ver.,22,0
2026-08-08T13:20:17+08:00,VideoCall·COMPACT Ver.,22,0
2026-08-08T13:20:28+08:00,VideoCall·COMPACT Ver.,22,0
2026-08-08T13:20:38+08:00,VideoCall·COMPACT Ver.,22,0
2026-08-08T13:20:49+08:00,VideoCall·COMPACT Ver.,22,0
2026-08-08T13:20:59+08:00,VideoCall·COMPACT Ver.,22,0
2026-08-08T13:21:10+08:00,VideoCall·COMPACT Ver.,22,0
2026-08-08T13:21:30+08:00,VideoCall·COMPACT Ver.,22,0
2026-08-08T13:21:40+08:00,VideoCall·COMPACT Ver.,22,0
2026-08-08T13:21:51+08:00,VideoCall·COMPACT Ver.,22,0
2026-08-08T13:22:02+08:00,VideoCall·COMPACT Ver.,22,0
2026-08-08T13:22:13+08:00,VideoCall·COMPACT Ver.,22,0
2026-08-08T13:22:24+08:00,VideoCall·COMPACT Ver.,22,0
2026-08-08T13:22:45+08:00,VideoCall·COMPACT Ver.,22,0
2026-08-08T13:22:55+08:00,VideoCall·COMPACT Ver.,22,0
2026-08-08T13:23:06+08:00,VideoCall·COMPACT Ver.,22,0
2026-08-08T13:23:17+08:00,VideoCall·COMPACT Ver.,22,0
2026-08-08T13:23:28+08:00,VideoCall·COMPACT Ver.,22,0
2026-08-08T13:23:38+08:00,VideoCall·COMPACT Ver.,22,0
2026-08-08T13:24:00+08:00,VideoCall·COMPACT Ver.,22,0
2026-08-08T13:24:11+08:00,VideoCall·COMPACT Ver.,22,0
2026-08-08T13:24:22+08:00,VideoCall·COMPACT Ver.,22,0
2026-08-08T13:24:32+08:00,VideoCall·COMPACT Ver.,22,0
2026-08-08T13:24:43+08:00,VideoCall·COMPACT Ver.,22,0
2026-08-08T13:24:54+08:00,VideoCall·COMPACT Ver.,22,0
2026-08-08T13:25:16+08:00,VideoCall·COMPACT Ver.,22,0
2026-08-08T13:25:27+08:00,VideoCall·COMPACT Ver.,22,0
2026-08-08T13:25:38+08:00,VideoCall·COMPACT Ver.,22,0
2026-08-08T13:25:49+08:00,VideoCall·COMPACT Ver.,22,0
2026-08-08T13:25:59+08:00,VideoCall·COMPACT Ver.,22,0
2026-08-08T13:26:10+08:00,VideoCall·COMPACT Ver.,22,0
2026-08-08T13:26:32+08:00,VideoCall·COMPACT Ver.,22,0
2026-08-08T13:26:43+08:00,VideoCall·COMPACT Ver.,22,0
2026-08-08T13:26:54+08:00,VideoCall·COMPACT Ver.,22,0
2026-08-08T13:27:04+08:00,VideoCall·COMPACT Ver.,22,0
2026-08-08T13:27:15+08:00,VideoCall·COMPACT Ver.,22,0
2026-08-08T13:27:26+08:00,VideoCall·COMPACT Ver.,22,0
2026-08-08T13:27:49+08:00,VideoCall·COMPACT Ver.,22,0
2026-08-08T13:27:59+08:00,VideoCall·COMPACT Ver.,22,0
2026-08-08T13:28:10+08:00,VideoCall·COMPACT Ver.,22,0
2026-08-08T13:28:21+08:00,VideoCall·COMPACT Ver.,22,0
2026-08-08T13:28:31+08:00,VideoCall·COMPACT Ver.,22,0
2026-08-08T13:28:42+08:00,VideoCall·COMPACT Ver.,22,0
2026-08-08T13:29:04+08:00,VideoCall·COMPACT Ver.,22,0
2026-08-08T13:29:15+08:00,VideoCall·COMPACT Ver.,22,0
2026-08-08T13:29:26+08:00,VideoCall·COMPACT Ver.,22,0
2026-08-08T13:29:36+08:00,VideoCall·COMPACT Ver.,22,0
2026-08-08T13:29:47+08:00,VideoCall·COMPACT Ver.,22,0
2026-08-08T13:29:57+08:00,VideoCall·COMPACT Ver.,22,0
2026-08-08T13:30:20+08:00,VideoCall·COMPACT Ver.,22,0
2026-08-08T13:30:31+08:00,VideoCall·COMPACT Ver.,22,0
2026-08-08T13:30:42+08:00,VideoCall·COMPACT Ver.,22,0
2026-08-08T13:30:52+08:00,VideoCall·COMPACT Ver.,22,0
2026-08-08T13:31:03+08:00,VideoCall·COMPACT Ver.,22,0
2026-08-08T13:31:14+08:00,VideoCall·COMPACT Ver.,22,0
2026-08-08T13:31:36+08:00,VideoCall·COMPACT Ver.,22,0
2026-08-08T13:31:46+08:00,VideoCall·COMPACT Ver.,22,0
2026-08-08T13:31:57+08:00,VideoCall·COMPACT Ver.,22,0
2026-08-08T13:32:07+08:00,VideoCall·COMPACT Ver.,22,0
2026-08-08T13:32:18+08:00,VideoCall·COMPACT Ver.,22,0
2026-08-08T13:32:28+08:00,VideoCall·COMPACT Ver.,22,0
2026-08-08T13:32:51+08:00,VideoCall·COMPACT Ver.,22,0
2026-08-08T13:33:02+08:00,VideoCall·COMPACT Ver.,22,0
2026-08-08T13:33:13+08:00,VideoCall·COMPACT Ver.,22,0
2026-08-08T13:33:23+08:00,VideoCall·COMPACT Ver.,22,0
2026-08-08T13:33:34+08:00,VideoCall·COMPACT Ver.,22,0
2026-08-08T13:33:45+08:00,VideoCall·COMPACT Ver.,22,0
2026-08-08T13:34:07+08:00,VideoCall·COMPACT Ver.,22,0
2026-08-08T13:34:18+08:00,VideoCall·COMPACT Ver.,22,0
2026-08-08T13:34:28+08:00,VideoCall·COMPACT Ver.,22,0
2026-08-08T13:34:39+08:00,VideoCall·COMPACT Ver.,22,0
2026-08-08T13:34:50+08:00,VideoCall·COMPACT Ver.,22,0
2026-08-08T13:35:01+08:00,VideoCall·COMPACT Ver.,22,0
2026-08-08T13:35:23+08:00,VideoCall·COMPACT Ver.,22,0
2026-08-08T13:35:34+08:00,VideoCall·COMPACT Ver.,22,0
2026-08-08T13:35:45+08:00,VideoCall·COMPACT Ver.,22,0
2026-08-08T13:35:55+08:00,VideoCall·COMPACT Ver.,22,0
2026-08-08T13:36:06+08:00,VideoCall·COMPACT Ver.,22,0
2026-08-08T13:36:17+08:00,VideoCall·COMPACT Ver.,22,0
2026-08-08T13:36:39+08:00,VideoCall·COMPACT Ver.,22,0
2026-08-08T13:36:50+08:00,VideoCall·COMPACT Ver.,22,0
2026-08-08T13:37:01+08:00,VideoCall·COMPACT Ver.,22,0
2026-08-08T13:37:11+08:00,VideoCall·COMPACT Ver.,22,0
2026-08-08T13:37:22+08:00,VideoCall·COMPACT Ver.,22,0
2026-08-08T13:37:33+08:00,VideoCall·COMPACT Ver.,22,0
2026-08-08T13:37:55+08:00,VideoCall·COMPACT Ver.,22,0
2026-08-08T13:38:06+08:00,VideoCall·COMPACT Ver.,22,0
2026-08-08T13:38:17+08:00,VideoCall·COMPACT Ver.,22,0
2026-08-08T13:38:27+08:00,VideoCall·COMPACT Ver.,22,0
2026-08-08T13:38:38+08:00,VideoCall·COMPACT Ver.,22,0
2026-08-08T13:38:49+08:00,VideoCall·COMPACT Ver.,22,0
2026-08-08T13:39:12+08:00,VideoCall·COMPACT Ver.,22,0
2026-08-08T13:39:23+08:00,VideoCall·COMPACT Ver.,22,0
2026-08-08T13:39:33+08:00,VideoCall·COMPACT Ver.,22,0
2026-08-08T13:39:44+08:00,VideoCall·COMPACT Ver.,22,0
2026-08-08T13:39:54+08:00,VideoCall·COMPACT Ver.,22,0
2026-08-08T13:40:05+08:00,VideoCall·COMPACT Ver.,22,0
2026-08-08T13:40:27+08:00,VideoCall·COMPACT Ver.,22,0
2026-08-08T13:40:38+08:00,VideoCall·COMPACT Ver.,22,0
2026-08-08T13:40:49+08:00,VideoCall·COMPACT Ver.,22,0
2026-08-08T13:41:00+08:00,VideoCall·COMPACT Ver.,22,0
2026-08-08T13:41:10+08:00,VideoCall·COMPACT Ver.,22,0
2026-08-08T13:41:20+08:00,VideoCall·COMPACT Ver.,22,0
2026-08-08T13:41:43+08:00,VideoCall·COMPACT Ver.,22,0
2026-08-08T13:41:54+08:00,VideoCall·COMPACT Ver.,22,0
2026-08-08T13:42:04+08:00,VideoCall·COMPACT Ver.,22,0
2026-08-08T13:42:15+08:00,VideoCall·COMPACT Ver.,22,0
2026-08-08T13:42:25+08:00,VideoCall·COMPACT Ver.,22,0
2026-08-08T13:42:36+08:00,VideoCall·COMPACT Ver.,22,0
2026-08-08T13:43:00+08:00,VideoCall·COMPACT Ver.,22,0
2026-08-08T13:43:11+08:00,VideoCall·COMPACT Ver.,22,0
2026-08-08T13:43:21+08:00,VideoCall·COMPACT Ver.,22,0
2026-08-08T13:43:32+08:00,VideoCall·COMPACT Ver.,22,0
2026-08-08T13:43:43+08:00,VideoCall·COMPACT Ver.,22,0
2026-08-08T13:43:54+08:00,VideoCall·COMPACT Ver.,22,0
2026-08-08T13:44:16+08:00,VideoCall·COMPACT Ver.,22,0
2026-08-08T13:44:27+08:00,VideoCall·COMPACT Ver.,22,0
2026-08-08T13:44:37+08:00,VideoCall·COMPACT Ver.,22,0
2026-08-08T13:44:48+08:00,VideoCall·COMPACT Ver.,22,0
2026-08-08T13:45:02+08:00,VideoCall·COMPACT Ver.,22,0
2026-08-08T13:45:13+08:00,VideoCall·COMPACT Ver.,22,0
2026-08-08T13:45:35+08:00,VideoCall·COMPACT Ver.,22,0
2026-08-08T13:45:46+08:00,VideoCall·COMPACT Ver.,22,0
2026-08-08T13:45:57+08:00,VideoCall·COMPACT Ver.,22,0
2026-08-08T13:46:08+08:00,VideoCall·COMPACT Ver.,22,0
2026-08-08T13:46:18+08:00,VideoCall·COMPACT Ver.,22,0
2026-08-08T13:46:29+08:00,VideoCall·COMPACT Ver.,22,0
2026-08-08T13:46:52+08:00,VideoCall·COMPACT Ver.,22,0
2026-08-08T13:47:02+08:00,VideoCall·COMPACT Ver.,22,0
2026-08-08T13:47:13+08:00,VideoCall·COMPACT Ver.,22,0
2026-08-08T13:47:24+08:00,VideoCall·COMPACT Ver.,22,0
2026-08-08T13:47:34+08:00,VideoCall·COMPACT Ver.,22,0
2026-08-08T13:47:45+08:00,VideoCall·COMPACT Ver.,22,0
2026-08-08T13:48:08+08:00,VideoCall·COMPACT Ver.,22,0
2026-08-08T13:48:18+08:00,VideoCall·COMPACT Ver.,22,0
2026-08-08T13:48:29+08:00,VideoCall·COMPACT Ver.,22,0
2026-08-08T13:48:40+08:00,VideoCall·COMPACT Ver.,22,0
2026-08-08T13:48:50+08:00,VideoCall·COMPACT Ver.,22,0
2026-08-08T13:49:01+08:00,VideoCall·COMPACT Ver.,22,0
2026-08-08T13:49:24+08:00,VideoCall·COMPACT Ver.,22,0
2026-08-08T13:49:35+08:00,VideoCall·COMPACT Ver.,22,0
2026-08-08T13:49:45+08:00,VideoCall·COMPACT Ver.,22,0
2026-08-08T13:49:56+08:00,VideoCall·COMPACT Ver.,22,0
2026-08-08T13:50:07+08:00,VideoCall·COMPACT Ver.,22,0
2026-08-08T13:50:17+08:00,VideoCall·COMPACT Ver.,22,0
2026-08-08T13:50:39+08:00,VideoCall·COMPACT Ver.,22,0
2026-08-08T13:50:50+08:00,VideoCall·COMPACT Ver.,22,0
2026-08-08T13:51:01+08:00,VideoCall·COMPACT Ver.,22,0
2026-08-08T13:51:12+08:00,VideoCall·COMPACT Ver.,22,0
2026-08-08T13:51:22+08:00,VideoCall·COMPACT Ver.,22,0
2026-08-08T13:51:33+08:00,VideoCall·COMPACT Ver.,22,0
2026-08-08T13:51:55+08:00,VideoCall·COMPACT Ver.,22,0
2026-08-08T13:52:06+08:00,VideoCall·COMPACT Ver.,22,0
2026-08-08T13:52:16+08:00,VideoCall·COMPACT Ver.,22,0
2026-08-08T13:52:27+08:00,VideoCall·COMPACT Ver.,22,0
2026-08-08T13:52:37+08:00,VideoCall·COMPACT Ver.,22,0
2026-08-08T13:52:48+08:00,VideoCall·COMPACT Ver.,22,0
2026-08-08T13:53:10+08:00,VideoCall·COMPACT Ver.,22,0
2026-08-08T13:53:21+08:00,VideoCall·COMPACT Ver.,22,0
2026-08-08T13:53:31+08:00,VideoCall·COMPACT Ver.,22,0
2026-08-08T13:53:43+08:00,VideoCall·COMPACT Ver.,22,0
2026-08-08T13:53:53+08:00,VideoCall·COMPACT Ver.,22,0
2026-08-08T13:54:04+08:00,VideoCall·COMPACT Ver.,22,0
2026-08-08T13:54:25+08:00,VideoCall·COMPACT Ver.,22,0
2026-08-08T13:54:36+08:00,VideoCall·COMPACT Ver.,22,0
2026-08-08T13:54:47+08:00,VideoCall·COMPACT Ver.,22,0
2026-08-08T13:54:57+08:00,VideoCall·COMPACT Ver.,22,0
2026-08-08T13:55:07+08:00,VideoCall·COMPACT Ver.,22,0
2026-08-08T13:55:18+08:00,VideoCall·COMPACT Ver.,22,0
2026-08-08T13:55:41+08:00,VideoCall·COMPACT Ver.,22,0
2026-08-08T13:55:51+08:00,VideoCall·COMPACT Ver.,22,0
2026-08-08T13:56:02+08:00,VideoCall·COMPACT Ver.,22,0
2026-08-08T13:56:12+08:00,VideoCall·COMPACT Ver.,22,0
2026-08-08T13:57:29+08:00,VideoCall·COMPACT Ver.,22,0
2026-08-08T13:57:40+08:00,VideoCall·COMPACT Ver.,22,0
2026-08-08T13:57:51+08:00,VideoCall·COMPACT Ver.,22,0
2026-08-08T13:58:02+08:00,VideoCall·COMPACT Ver.,22,0
2026-08-08T13:58:13+08:00,VideoCall·COMPACT Ver.,22,0
2026-08-08T13:58:24+08:00,VideoCall·COMPACT Ver.,22,0
2026-08-08T13:58:35+08:00,VideoCall·COMPACT Ver.,22,0
2026-08-08T13:58:59+08:00,VideoCall·COMPACT Ver.,22,0
2026-08-08T13:59:10+08:00,VideoCall·COMPACT Ver.,22,0
2026-08-08T13:59:21+08:00,VideoCall·COMPACT Ver.,22,0
2026-08-08T13:59:32+08:00,VideoCall·COMPACT Ver.,22,0
2026-08-08T13:59:43+08:00,VideoCall·COMPACT Ver.,22,0
2026-08-08T13:59:54+08:00,VideoCall·COMPACT Ver.,22,0
2026-08-08T14:00:19+08:00,VideoCall·COMPACT Ver.,22,0
2026-08-08T14:00:30+08:00,VideoCall·COMPACT Ver.,22,0
2026-08-08T14:00:41+08:00,VideoCall·COMPACT Ver.,22,0
2026-08-08T14:00:51+08:00,VideoCall·COMPACT Ver.,22,0
2026-08-08T14:01:02+08:00,VideoCall·COMPACT Ver.,22,0
2026-08-08T14:01:14+08:00,VideoCall·COMPACT Ver.,22,0
2026-08-08T14:01:38+08:00,VideoCall·COMPACT Ver.,22,0
2026-08-08T14:01:49+08:00,VideoCall·COMPACT Ver.,22,0
2026-08-08T14:02:00+08:00,VideoCall·COMPACT Ver.,22,0
2026-08-08T14:02:12+08:00,VideoCall·COMPACT Ver.,22,0
2026-08-08T14:02:22+08:00,VideoCall·COMPACT Ver.,22,0
2026-08-08T14:02:33+08:00,VideoCall·COMPACT Ver.,22,0
2026-08-08T14:02:59+08:00,VideoCall·COMPACT Ver.,22,0
2026-08-08T14:03:10+08:00,VideoCall·COMPACT Ver.,22,0
2026-08-08T14:03:21+08:00,VideoCall·COMPACT Ver.,22,0
2026-08-08T14:03:32+08:00,VideoCall·COMPACT Ver.,22,0
2026-08-08T14:03:43+08:00,VideoCall·COMPACT Ver.,22,0
2026-08-08T14:03:54+08:00,VideoCall·COMPACT Ver.,22,0
2026-08-08T14:04:19+08:00,VideoCall·COMPACT Ver.,22,0
2026-08-08T14:04:29+08:00,VideoCall·COMPACT Ver.,22,0
2026-08-08T14:04:40+08:00,VideoCall·COMPACT Ver.,22,0
2026-08-08T14:04:50+08:00,VideoCall·COMPACT Ver.,22,0
2026-08-08T14:05:01+08:00,VideoCall·COMPACT Ver.,22,0
2026-08-08T14:05:12+08:00,VideoCall·COMPACT Ver.,22,0
2026-08-08T14:05:37+08:00,VideoCall·COMPACT Ver.,22,0
2026-08-08T14:05:47+08:00,VideoCall·COMPACT Ver.,22,0
2026-08-08T14:05:58+08:00,VideoCall·COMPACT Ver.,22,0
2026-08-08T14:06:09+08:00,VideoCall·COMPACT Ver.,22,0
2026-08-08T14:06:20+08:00,VideoCall·COMPACT Ver.,22,0
2026-08-08T14:06:31+08:00,VideoCall·COMPACT Ver.,22,0
2026-08-08T14:06:56+08:00,VideoCall·COMPACT Ver.,22,0
2026-08-08T14:07:07+08:00,VideoCall·COMPACT Ver.,22,0
2026-08-08T14:07:18+08:00,VideoCall·COMPACT Ver.,22,0
2026-08-08T14:07:29+08:00,VideoCall·COMPACT Ver.,22,0
2026-08-08T14:07:40+08:00,VideoCall·COMPACT Ver.,22,0
2026-08-08T14:07:52+08:00,VideoCall·COMPACT Ver.,22,0
2026-08-08T14:08:17+08:00,VideoCall·COMPACT Ver.,22,0
2026-08-08T14:08:28+08:00,VideoCall·COMPACT Ver.,22,0
2026-08-08T14:08:38+08:00,VideoCall·COMPACT Ver.,22,0
2026-08-08T14:08:50+08:00,VideoCall·COMPACT Ver.,22,0
2026-08-08T14:09:00+08:00,VideoCall·COMPACT Ver.,22,0
2026-08-08T14:09:11+08:00,VideoCall·COMPACT Ver.,22,0
2026-08-08T14:09:38+08:00,VideoCall·COMPACT Ver.,22,0
2026-08-08T14:09:49+08:00,VideoCall·COMPACT Ver.,22,0
2026-08-08T14:10:00+08:00,VideoCall·COMPACT Ver.,22,0
2026-08-08T14:10:11+08:00,VideoCall·COMPACT Ver.,22,0
2026-08-08T14:10:22+08:00,VideoCall·COMPACT Ver.,22,0
2026-08-08T14:10:32+08:00,VideoCall·COMPACT Ver.,22,0
2026-08-08T14:10:57+08:00,VideoCall·COMPACT Ver.,22,0
2026-08-08T14:11:07+08:00,VideoCall·COMPACT Ver.,22,0
2026-08-08T14:11:18+08:00,VideoCall·COMPACT Ver.,22,0
2026-08-08T14:11:29+08:00,VideoCall·COMPACT Ver.,22,0
2026-08-08T14:11:39+08:00,VideoCall·COMPACT Ver.,22,0
2026-08-08T14:11:50+08:00,VideoCall·COMPACT Ver.,22,0
2026-08-08T14:12:14+08:00,VideoCall·COMPACT Ver.,22,0
2026-08-08T14:12:25+08:00,VideoCall·COMPACT Ver.,22,0
2026-08-08T14:12:37+08:00,VideoCall·COMPACT Ver.,22,0
2026-08-08T14:12:48+08:00,VideoCall·COMPACT Ver.,22,0
2026-08-08T14:12:58+08:00,VideoCall·COMPACT Ver.,22,0
2026-08-08T14:13:09+08:00,VideoCall·COMPACT Ver.,22,0
2026-08-08T14:13:35+08:00,VideoCall·COMPACT Ver.,22,0
2026-08-08T14:13:46+08:00,VideoCall·COMPACT Ver.,22,0
2026-08-08T14:13:57+08:00,VideoCall·COMPACT Ver.,22,0
2026-08-08T14:14:08+08:00,VideoCall·COMPACT Ver.,22,0
2026-08-08T14:14:18+08:00,VideoCall·COMPACT Ver.,22,0
2026-08-08T14:14:30+08:00,VideoCall·COMPACT Ver.,22,0
2026-08-08T14:14:55+08:00,VideoCall·COMPACT Ver.,22,0
2026-08-08T14:15:05+08:00,VideoCall·COMPACT Ver.,22,0
2026-08-08T14:15:16+08:00,VideoCall·COMPACT Ver.,22,0
2026-08-08T14:15:27+08:00,VideoCall·COMPACT Ver.,22,0
2026-08-08T14:15:37+08:00,VideoCall·COMPACT Ver.,22,0
2026-08-08T14:15:48+08:00,VideoCall·COMPACT Ver.,22,0
2026-08-08T14:16:13+08:00,VideoCall·COMPACT Ver.,22,0
2026-08-08T14:16:24+08:00,VideoCall·COMPACT Ver.,22,0
2026-08-08T14:16:35+08:00,VideoCall·COMPACT Ver.,22,0
2026-08-08T14:16:46+08:00,VideoCall·COMPACT Ver.,22,0
2026-08-08T14:16:57+08:00,VideoCall·COMPACT Ver.,22,0
2026-08-08T14:17:08+08:00,VideoCall·COMPACT Ver.,22,0
2026-08-08T14:17:32+08:00,VideoCall·COMPACT Ver.,22,0
2026-08-08T14:17:44+08:00,VideoCall·COMPACT Ver.,22,0
2026-08-08T14:17:54+08:00,VideoCall·COMPACT Ver.,22,0
2026-08-08T14:18:04+08:00,VideoCall·COMPACT Ver.,22,0
2026-08-08T14:18:15+08:00,VideoCall·COMPACT Ver.,22,0
2026-08-08T14:18:26+08:00,VideoCall·COMPACT Ver.,22,0
2026-08-08T14:18:50+08:00,VideoCall·COMPACT Ver.,22,0
2026-08-08T14:19:01+08:00,VideoCall·COMPACT Ver.,22,0
2026-08-08T14:19:12+08:00,VideoCall·COMPACT Ver.,22,0
2026-08-08T14:19:23+08:00,VideoCall·COMPACT Ver.,22,0
2026-08-08T14:19:33+08:00,VideoCall·COMPACT Ver.,22,0
2026-08-08T14:19:44+08:00,VideoCall·COMPACT Ver.,22,0
2026-08-08T14:20:09+08:00,VideoCall·COMPACT Ver.,22,0
2026-08-08T14:20:19+08:00,VideoCall·COMPACT Ver.,22,0
2026-08-08T14:20:30+08:00,VideoCall·COMPACT Ver.,22,0
2026-08-08T14:20:41+08:00,VideoCall·COMPACT Ver.,22,0
2026-08-08T14:20:52+08:00,VideoCall·COMPACT Ver.,22,0
2026-08-08T14:21:03+08:00,VideoCall·COMPACT Ver.,22,0
2026-08-08T14:21:27+08:00,VideoCall·COMPACT Ver.,22,0
2026-08-08T14:21:38+08:00,VideoCall·COMPACT Ver.,22,0
2026-08-08T14:21:49+08:00,VideoCall·COMPACT Ver.,22,0
2026-08-08T14:22:00+08:00,VideoCall·COMPACT Ver.,22,0
2026-08-08T14:22:11+08:00,VideoCall·COMPACT Ver.,22,0
2026-08-08T14:22:22+08:00,VideoCall·COMPACT Ver.,22,0
2026-08-08T14:22:46+08:00,VideoCall·COMPACT Ver.,22,0
2026-08-08T14:22:57+08:00,VideoCall·COMPACT Ver.,22,0
2026-08-08T14:23:08+08:00,VideoCall·COMPACT Ver.,22,0
2026-08-08T14:23:19+08:00,VideoCall·COMPACT Ver.,22,0
2026-08-08T14:23:30+08:00,VideoCall·COMPACT Ver.,22,0
2026-08-08T14:23:41+08:00,VideoCall·COMPACT Ver.,22,0
2026-08-08T14:24:06+08:00,VideoCall·COMPACT Ver.,22,0
2026-08-08T14:24:17+08:00,VideoCall·COMPACT Ver.,22,0
2026-08-08T14:24:28+08:00,VideoCall·COMPACT Ver.,22,0
2026-08-08T14:24:39+08:00,VideoCall·COMPACT Ver.,22,0
2026-08-08T14:24:50+08:00,VideoCall·COMPACT Ver.,22,0
2026-08-08T14:25:00+08:00,VideoCall·COMPACT Ver.,22,0
2026-08-08T14:25:25+08:00,VideoCall·COMPACT Ver.,22,0
2026-08-08T14:25:36+08:00,VideoCall·COMPACT Ver.,22,0
2026-08-08T14:25:46+08:00,VideoCall·COMPACT Ver.,22,0
2026-08-08T14:25:57+08:00,VideoCall·COMPACT Ver.,22,0
2026-08-08T14:26:08+08:00,VideoCall·COMPACT Ver.,22,0
2026-08-08T14:26:19+08:00,VideoCall·COMPACT Ver.,22,0
2026-08-08T14:26:42+08:00,VideoCall·COMPACT Ver.,22,0
2026-08-08T14:26:54+08:00,VideoCall·COMPACT Ver.,22,0
2026-08-08T14:27:05+08:00,VideoCall·COMPACT Ver.,22,0
2026-08-08T14:27:16+08:00,VideoCall·COMPACT Ver.,22,0
2026-08-08T14:27:26+08:00,VideoCall·COMPACT Ver.,22,0
2026-08-08T14:27:37+08:00,VideoCall·COMPACT Ver.,22,0
2026-08-08T14:28:01+08:00,VideoCall·COMPACT Ver.,22,0
2026-08-08T14:28:13+08:00,VideoCall·COMPACT Ver.,22,0
2026-08-08T14:28:24+08:00,VideoCall·COMPACT Ver.,22,0
2026-08-08T14:28:34+08:00,VideoCall·COMPACT Ver.,22,0
2026-08-08T14:28:46+08:00,VideoCall·COMPACT Ver.,22,0
2026-08-08T14:28:57+08:00,VideoCall·COMPACT Ver.,22,0
2026-08-08T14:29:20+08:00,VideoCall·COMPACT Ver.,22,0
2026-08-08T14:29:31+08:00,VideoCall·COMPACT Ver.,22,0
2026-08-08T14:29:42+08:00,VideoCall·COMPACT Ver.,22,0
2026-08-08T14:29:52+08:00,VideoCall·COMPACT Ver.,22,0
2026-08-08T14:30:03+08:00,VideoCall·COMPACT Ver.,22,0
2026-08-08T14:30:14+08:00,VideoCall·COMPACT Ver.,22,0
2026-08-08T14:30:40+08:00,VideoCall·COMPACT Ver.,22,0
2026-08-08T14:30:50+08:00,VideoCall·COMPACT Ver.,22,0
2026-08-08T14:31:01+08:00,VideoCall·COMPACT Ver.,22,0
2026-08-08T14:31:12+08:00,VideoCall·COMPACT Ver.,22,0
2026-08-08T14:31:23+08:00,VideoCall·COMPACT Ver.,22,0
2026-08-08T14:31:34+08:00,VideoCall·COMPACT Ver.,22,0
2026-08-08T14:31:58+08:00,VideoCall·COMPACT Ver.,22,0
2026-08-08T14:32:09+08:00,VideoCall·COMPACT Ver.,22,0
2026-08-08T14:32:20+08:00,VideoCall·COMPACT Ver.,22,0
2026-08-08T14:32:31+08:00,VideoCall·COMPACT Ver.,22,0
2026-08-08T14:32:42+08:00,VideoCall·COMPACT Ver.,22,0
2026-08-08T14:32:53+08:00,VideoCall·COMPACT Ver.,22,0
2026-08-08T14:33:16+08:00,VideoCall·COMPACT Ver.,22,0
2026-08-08T14:33:27+08:00,VideoCall·COMPACT Ver.,22,0
2026-08-08T14:33:38+08:00,VideoCall·COMPACT Ver.,22,0
2026-08-08T14:33:48+08:00,VideoCall·COMPACT Ver.,22,0
2026-08-08T14:33:59+08:00,VideoCall·COMPACT Ver.,22,0
2026-08-08T14:34:10+08:00,VideoCall·COMPACT Ver.,22,0
2026-08-08T14:34:34+08:00,VideoCall·COMPACT Ver.,22,0
2026-08-08T14:34:45+08:00,VideoCall·COMPACT Ver.,22,0
2026-08-08T14:34:56+08:00,VideoCall·COMPACT Ver.,22,0
2026-08-08T14:35:07+08:00,VideoCall·COMPACT Ver.,22,0
2026-08-08T14:35:18+08:00,VideoCall·COMPACT Ver.,22,0
2026-08-08T14:35:29+08:00,VideoCall·COMPACT Ver.,22,0
2026-08-08T14:35:55+08:00,VideoCall·COMPACT Ver.,22,0
2026-08-08T14:36:06+08:00,VideoCall·COMPACT Ver.,22,0
2026-08-08T14:36:16+08:00,VideoCall·COMPACT Ver.,22,0
2026-08-08T14:36:28+08:00,VideoCall·COMPACT Ver.,22,0
2026-08-08T14:36:38+08:00,VideoCall·COMPACT Ver.,22,0
2026-08-08T14:36:50+08:00,VideoCall·COMPACT Ver.,22,0
2026-08-08T14:37:14+08:00,VideoCall·COMPACT Ver.,22,0
2026-08-08T14:37:26+08:00,VideoCall·COMPACT Ver.,22,0
2026-08-08T14:37:37+08:00,VideoCall·COMPACT Ver.,22,0
2026-08-08T14:37:48+08:00,VideoCall·COMPACT Ver.,22,0
2026-08-08T14:37:59+08:00,VideoCall·COMPACT Ver.,22,0
2026-08-08T14:38:10+08:00,VideoCall·COMPACT Ver.,22,0
2026-08-08T14:38:35+08:00,VideoCall·COMPACT Ver.,22,0
2026-08-08T14:38:46+08:00,VideoCall·COMPACT Ver.,22,0
2026-08-08T14:38:56+08:00,VideoCall·COMPACT Ver.,22,0
2026-08-08T14:39:07+08:00,VideoCall·COMPACT Ver.,22,0
2026-08-08T14:39:18+08:00,VideoCall·COMPACT Ver.,22,0
2026-08-08T14:39:29+08:00,VideoCall·COMPACT Ver.,22,0
2026-08-08T14:39:53+08:00,VideoCall·COMPACT Ver.,22,0
2026-08-08T14:40:04+08:00,VideoCall·COMPACT Ver.,22,0
2026-08-08T14:40:15+08:00,VideoCall·COMPACT Ver.,22,0
2026-08-08T14:40:25+08:00,VideoCall·COMPACT Ver.,22,0
2026-08-08T14:40:36+08:00,VideoCall·COMPACT Ver.,22,0
2026-08-08T14:40:46+08:00,VideoCall·COMPACT Ver.,22,0
2026-08-08T14:41:11+08:00,VideoCall·COMPACT Ver.,22,0
2026-08-08T14:41:23+08:00,VideoCall·COMPACT Ver.,22,0
2026-08-08T14:41:34+08:00,VideoCall·COMPACT Ver.,22,0
2026-08-08T14:41:44+08:00,VideoCall·COMPACT Ver.,22,0
2026-08-08T14:41:55+08:00,VideoCall·COMPACT Ver.,22,0
2026-08-08T14:42:06+08:00,VideoCall·COMPACT Ver.,22,0
2026-08-08T14:42:30+08:00,VideoCall·COMPACT Ver.,22,0
2026-08-08T14:42:41+08:00,VideoCall·COMPACT Ver.,22,0
2026-08-08T14:42:53+08:00,VideoCall·COMPACT Ver.,22,0
2026-08-08T14:43:03+08:00,VideoCall·COMPACT Ver.,22,0
2026-08-08T14:43:14+08:00,VideoCall·COMPACT Ver.,22,0
2026-08-08T14:43:25+08:00,VideoCall·COMPACT Ver.,22,0
2026-08-08T14:43:49+08:00,VideoCall·COMPACT Ver.,22,0
2026-08-08T14:44:00+08:00,VideoCall·COMPACT Ver.,22,0
2026-08-08T14:44:11+08:00,VideoCall·COMPACT Ver.,22,0
2026-08-08T14:44:22+08:00,VideoCall·COMPACT Ver.,22,0
2026-08-08T14:44:32+08:00,VideoCall·COMPACT Ver.,22,0
2026-08-08T14:44:43+08:00,VideoCall·COMPACT Ver.,22,0
2026-08-08T14:45:08+08:00,VideoCall·COMPACT Ver.,22,0
2026-08-08T14:45:20+08:00,VideoCall·COMPACT Ver.,22,0
2026-08-08T14:45:30+08:00,VideoCall·COMPACT Ver.,22,0
2026-08-08T14:45:41+08:00,VideoCall·COMPACT Ver.,22,0
2026-08-08T14:45:52+08:00,VideoCall·COMPACT Ver.,22,0
2026-08-08T14:46:03+08:00,VideoCall·COMPACT Ver.,22,0
2026-08-08T14:46:28+08:00,VideoCall·COMPACT Ver.,22,0
2026-08-08T14:46:39+08:00,VideoCall·COMPACT Ver.,22,0
2026-08-08T14:46:49+08:00,VideoCall·COMPACT Ver.,22,0
2026-08-08T14:47:00+08:00,VideoCall·COMPACT Ver.,22,0
2026-08-08T14:47:15+08:00,VideoCall·COMPACT Ver.,22,0
2026-08-08T14:47:55+08:00,VideoCall·COMPACT Ver.,22,0
2026-08-08T14:48:06+08:00,VideoCall·COMPACT Ver.,22,0
2026-08-08T14:48:17+08:00,VideoCall·COMPACT Ver.,22,0
2026-08-08T14:48:28+08:00,VideoCall·COMPACT Ver.,22,0
2026-08-08T14:48:38+08:00,VideoCall·COMPACT Ver.,22,0
2026-08-08T14:48:49+08:00,VideoCall·COMPACT Ver.,22,0
2026-08-08T14:49:00+08:00,VideoCall·COMPACT Ver.,22,0
2026-08-08T14:49:26+08:00,VideoCall·COMPACT Ver.,22,0
2026-08-08T14:49:37+08:00,VideoCall·COMPACT Ver.,22,0
2026-08-08T14:49:48+08:00,VideoCall·COMPACT Ver.,22,0
2026-08-08T14:49:59+08:00,VideoCall·COMPACT Ver.,22,0
2026-08-08T14:50:10+08:00,VideoCall·COMPACT Ver.,22,0
2026-08-08T14:50:22+08:00,VideoCall·COMPACT Ver.,22,0
2026-08-08T14:50:46+08:00,VideoCall·COMPACT Ver.,22,0
2026-08-08T14:50:58+08:00,VideoCall·COMPACT Ver.,22,0
2026-08-08T14:51:09+08:00,VideoCall·COMPACT Ver.,22,0
2026-08-08T14:51:20+08:00,VideoCall·COMPACT Ver.,22,0
2026-08-08T14:51:31+08:00,VideoCall·COMPACT Ver.,22,0
2026-08-08T14:51:41+08:00,VideoCall·COMPACT Ver.,22,0
2026-08-08T14:52:06+08:00,VideoCall·COMPACT Ver.,22,0
2026-08-08T14:52:17+08:00,VideoCall·COMPACT Ver.,22,0
2026-08-08T14:52:28+08:00,VideoCall·COMPACT Ver.,22,0
2026-08-08T14:52:39+08:00,VideoCall·COMPACT Ver.,22,0
2026-08-08T14:52:50+08:00,VideoCall·COMPACT Ver.,22,0
2026-08-08T14:53:00+08:00,VideoCall·COMPACT Ver.,22,0
2026-08-08T14:53:25+08:00,VideoCall·COMPACT Ver.,22,0
2026-08-08T14:53:36+08:00,VideoCall·COMPACT Ver.,22,0
2026-08-08T14:53:47+08:00,VideoCall·COMPACT Ver.,22,0
2026-08-08T14:53:58+08:00,VideoCall·COMPACT Ver.,22,0
2026-08-08T14:54:08+08:00,VideoCall·COMPACT Ver.,22,0
2026-08-08T14:54:19+08:00,VideoCall·COMPACT Ver.,22,0
2026-08-08T14:54:43+08:00,VideoCall·COMPACT Ver.,22,0
2026-08-08T14:54:54+08:00,VideoCall·COMPACT Ver.,22,0
2026-08-08T14:55:05+08:00,VideoCall·COMPACT Ver.,22,0
2026-08-08T14:55:15+08:00,VideoCall·COMPACT Ver.,22,0
2026-08-08T14:55:26+08:00,VideoCall·COMPACT Ver.,22,0
2026-08-08T14:55:37+08:00,VideoCall·COMPACT Ver.,22,0
2026-08-08T14:56:01+08:00,VideoCall·COMPACT Ver.,22,0
2026-08-08T14:56:11+08:00,VideoCall·COMPACT Ver.,22,0
2026-08-08T14:56:22+08:00,VideoCall·COMPACT Ver.,22,0
2026-08-08T14:56:34+08:00,VideoCall·COMPACT Ver.,22,0
2026-08-08T14:56:45+08:00,VideoCall·COMPACT Ver.,22,0
2026-08-08T14:56:56+08:00,VideoCall·COMPACT Ver.,22,0
2026-08-08T14:57:20+08:00,VideoCall·COMPACT Ver.,22,0
2026-08-08T14:57:31+08:00,VideoCall·COMPACT Ver.,22,0
2026-08-08T14:57:42+08:00,VideoCall·COMPACT Ver.,22,0
2026-08-08T14:57:53+08:00,VideoCall·COMPACT Ver.,22,0
2026-08-08T14:58:03+08:00,VideoCall·COMPACT Ver.,22,0
2026-08-08T14:58:14+08:00,VideoCall·COMPACT Ver.,22,0
2026-08-08T14:58:38+08:00,VideoCall·COMPACT Ver.,22,0
2026-08-08T14:58:49+08:00,VideoCall·COMPACT Ver.,22,0
2026-08-08T14:59:00+08:00,VideoCall·COMPACT Ver.,22,0
2026-08-08T14:59:10+08:00,VideoCall·COMPACT Ver.,22,0
2026-08-08T14:59:21+08:00,VideoCall·COMPACT Ver.,22,0
2026-08-08T14:59:32+08:00,VideoCall·COMPACT Ver.,22,0
2026-08-08T14:59:58+08:00,VideoCall·COMPACT Ver.,22,0
2026-08-08T15:00:09+08:00,VideoCall·COMPACT Ver.,22,0
2026-08-08T15:00:20+08:00,VideoCall·COMPACT Ver.,22,0
2026-08-08T15:00:31+08:00,VideoCall·COMPACT Ver.,22,0
2026-08-08T15:00:42+08:00,VideoCall·COMPACT Ver.,22,0
2026-08-08T15:00:52+08:00,VideoCall·COMPACT Ver.,22,0
2026-08-08T15:01:16+08:00,VideoCall·COMPACT Ver.,22,0
2026-08-08T15:01:27+08:00,VideoCall·COMPACT Ver.,22,0
2026-08-08T15:01:39+08:00,VideoCall·COMPACT Ver.,22,0
2026-08-08T15:01:49+08:00,VideoCall·COMPACT Ver.,22,0
2026-08-08T15:02:00+08:00,VideoCall·COMPACT Ver.,22,0
2026-08-08T15:02:11+08:00,VideoCall·COMPACT Ver.,22,0
2026-08-08T15:02:35+08:00,VideoCall·COMPACT Ver.,22,0
2026-08-08T15:02:46+08:00,VideoCall·COMPACT Ver.,22,0
2026-08-08T15:02:57+08:00,VideoCall·COMPACT Ver.,22,0
2026-08-08T15:03:07+08:00,VideoCall·COMPACT Ver.,22,0
2026-08-08T15:03:18+08:00,VideoCall·COMPACT Ver.,22,0
2026-08-08T15:03:29+08:00,VideoCall·COMPACT Ver.,22,0
2026-08-08T15:03:53+08:00,VideoCall·COMPACT Ver.,22,0
2026-08-08T15:04:04+08:00,VideoCall·COMPACT Ver.,22,0
2026-08-08T15:04:15+08:00,VideoCall·COMPACT Ver.,22,0
2026-08-08T15:04:26+08:00,VideoCall·COMPACT Ver.,22,0
2026-08-08T15:04:37+08:00,VideoCall·COMPACT Ver.,22,0
2026-08-08T15:04:48+08:00,VideoCall·COMPACT Ver.,22,0
2026-08-08T15:06:12+08:00,VideoCall·COMPACT Ver.,22,0
2026-08-08T15:06:24+08:00,VideoCall·COMPACT Ver.,22,0
2026-08-08T15:06:35+08:00,VideoCall·COMPACT Ver.,22,0
2026-08-08T15:06:45+08:00,VideoCall·COMPACT Ver.,22,0
2026-08-08T15:06:56+08:00,VideoCall·COMPACT Ver.,22,0
2026-08-08T15:07:07+08:00,VideoCall·COMPACT Ver.,22,0
2026-08-08T15:07:17+08:00,VideoCall·COMPACT Ver.,22,0
2026-08-08T15:07:42+08:00,VideoCall·COMPACT Ver.,22,0
2026-08-08T15:07:53+08:00,VideoCall·COMPACT Ver.,22,0
2026-08-08T15:08:04+08:00,VideoCall·COMPACT Ver.,22,0
2026-08-08T15:08:15+08:00,VideoCall·COMPACT Ver.,22,0
2026-08-08T15:08:26+08:00,VideoCall·COMPACT Ver.,22,0
2026-08-08T15:08:37+08:00,VideoCall·COMPACT Ver.,22,0
2026-08-08T15:09:03+08:00,VideoCall·COMPACT Ver.,22,0
2026-08-08T15:09:14+08:00,VideoCall·COMPACT Ver.,22,0
2026-08-08T15:09:25+08:00,VideoCall·COMPACT Ver.,22,0
2026-08-08T15:09:35+08:00,VideoCall·COMPACT Ver.,22,0
2026-08-08T15:09:46+08:00,VideoCall·COMPACT Ver.,22,0
2026-08-08T15:09:57+08:00,VideoCall·COMPACT Ver.,22,0
2026-08-08T15:10:23+08:00,VideoCall·COMPACT Ver.,22,0
2026-08-08T15:10:33+08:00,VideoCall·COMPACT Ver.,22,0
2026-08-08T15:10:44+08:00,VideoCall·COMPACT Ver.,22,0
2026-08-08T15:10:55+08:00,VideoCall·COMPACT Ver.,22,0
2026-08-08T15:11:06+08:00,VideoCall·COMPACT Ver.,22,0
2026-08-08T15:11:17+08:00,VideoCall·COMPACT Ver.,22,0
2026-08-08T15:11:41+08:00,VideoCall·COMPACT Ver.,22,0
2026-08-08T15:11:52+08:00,VideoCall·COMPACT Ver.,22,0
2026-08-08T15:12:03+08:00,VideoCall·COMPACT Ver.,22,0
2026-08-08T15:12:14+08:00,VideoCall·COMPACT Ver.,22,0
2026-08-08T15:12:25+08:00,VideoCall·COMPACT Ver.,22,0
2026-08-08T15:12:36+08:00,VideoCall·COMPACT Ver.,22,0
2026-08-08T15:13:00+08:00,VideoCall·COMPACT Ver.,22,0
2026-08-08T15:13:11+08:00,VideoCall·COMPACT Ver.,22,0
2026-08-08T15:13:22+08:00,VideoCall·COMPACT Ver.,22,0
2026-08-08T15:13:33+08:00,VideoCall·COMPACT Ver.,22,0
2026-08-08T15:13:43+08:00,VideoCall·COMPACT Ver.,22,0
2026-08-08T15:13:55+08:00,VideoCall·COMPACT Ver.,22,0
2026-08-08T15:14:18+08:00,VideoCall·COMPACT Ver.,22,0
2026-08-08T15:14:29+08:00,VideoCall·COMPACT Ver.,22,0
2026-08-08T15:14:40+08:00,VideoCall·COMPACT Ver.,22,0
2026-08-08T15:14:51+08:00,VideoCall·COMPACT Ver.,22,0
2026-08-08T15:15:01+08:00,VideoCall·COMPACT Ver.,22,0
2026-08-08T15:15:12+08:00,VideoCall·COMPACT Ver.,22,0
2026-08-08T15:15:38+08:00,VideoCall·COMPACT Ver.,22,0
2026-08-08T15:15:49+08:00,VideoCall·COMPACT Ver.,22,0
2026-08-08T15:16:00+08:00,VideoCall·COMPACT Ver.,22,0
2026-08-08T15:16:11+08:00,VideoCall·COMPACT Ver.,22,0
2026-08-08T15:16:22+08:00,VideoCall·COMPACT Ver.,22,0
2026-08-08T15:16:32+08:00,VideoCall·COMPACT Ver.,22,0
2026-08-08T15:16:57+08:00,VideoCall·COMPACT Ver.,22,0
2026-08-08T15:17:08+08:00,VideoCall·COMPACT Ver.,22,0
2026-08-08T15:17:18+08:00,VideoCall·COMPACT Ver.,22,0
2026-08-08T15:17:29+08:00,VideoCall·COMPACT Ver.,22,0
2026-08-08T15:17:40+08:00,VideoCall·COMPACT Ver.,22,0
2026-08-08T15:17:51+08:00,VideoCall·COMPACT Ver.,22,0
2026-08-08T15:18:14+08:00,VideoCall·COMPACT Ver.,22,0
2026-08-08T15:18:25+08:00,VideoCall·COMPACT Ver.,22,0
2026-08-08T15:18:37+08:00,VideoCall·COMPACT Ver.,22,0
2026-08-08T15:18:48+08:00,VideoCall·COMPACT Ver.,22,0
2026-08-08T15:18:59+08:00,VideoCall·COMPACT Ver.,22,0
2026-08-08T15:19:09+08:00,VideoCall·COMPACT Ver.,22,0
2026-08-08T15:19:34+08:00,VideoCall·COMPACT Ver.,22,0
2026-08-08T15:19:45+08:00,VideoCall·COMPACT Ver.,22,0
2026-08-08T15:19:56+08:00,VideoCall·COMPACT Ver.,22,0
2026-08-08T15:20:07+08:00,VideoCall·COMPACT Ver.,22,0
2026-08-08T15:20:18+08:00,VideoCall·COMPACT Ver.,22,0
2026-08-08T15:20:29+08:00,VideoCall·COMPACT Ver.,22,0
2026-08-08T15:20:52+08:00,VideoCall·COMPACT Ver.,22,0
2026-08-08T15:21:03+08:00,VideoCall·COMPACT Ver.,22,0
2026-08-08T15:21:14+08:00,VideoCall·COMPACT Ver.,22,0
2026-08-08T15:21:25+08:00,VideoCall·COMPACT Ver.,22,0
2026-08-08T15:21:35+08:00,VideoCall·COMPACT Ver.,22,0
2026-08-08T15:21:46+08:00,VideoCall·COMPACT Ver.,22,0
2026-08-08T15:22:11+08:00,VideoCall·COMPACT Ver.,22,0
2026-08-08T15:22:23+08:00,VideoCall·COMPACT Ver.,22,0
2026-08-08T15:22:33+08:00,VideoCall·COMPACT Ver.,22,0
2026-08-08T15:22:44+08:00,VideoCall·COMPACT Ver.,22,0
2026-08-08T15:22:55+08:00,VideoCall·COMPACT Ver.,22,0
2026-08-08T15:23:06+08:00,VideoCall·COMPACT Ver.,22,0
2026-08-08T15:23:30+08:00,VideoCall·COMPACT Ver.,22,0
2026-08-08T15:23:41+08:00,VideoCall·COMPACT Ver.,22,0
2026-08-08T15:23:52+08:00,VideoCall·COMPACT Ver.,22,0
2026-08-08T15:24:03+08:00,VideoCall·COMPACT Ver.,22,0
2026-08-08T15:24:13+08:00,VideoCall·COMPACT Ver.,22,0
2026-08-08T15:24:24+08:00,VideoCall·COMPACT Ver.,22,0
2026-08-08T15:24:50+08:00,VideoCall·COMPACT Ver.,22,0
2026-08-08T15:25:01+08:00,VideoCall·COMPACT Ver.,22,0
2026-08-08T15:25:12+08:00,VideoCall·COMPACT Ver.,22,0
2026-08-08T15:25:24+08:00,VideoCall·COMPACT Ver.,22,0
2026-08-08T15:25:35+08:00,VideoCall·COMPACT Ver.,22,0
2026-08-08T15:25:46+08:00,VideoCall·COMPACT Ver.,22,0
2026-08-08T15:26:11+08:00,VideoCall·COMPACT Ver.,22,0
2026-08-08T15:26:22+08:00,VideoCall·COMPACT Ver.,22,0
2026-08-08T15:26:32+08:00,VideoCall·COMPACT Ver.,22,0
2026-08-08T15:26:43+08:00,VideoCall·COMPACT Ver.,22,0
2026-08-08T15:26:54+08:00,VideoCall·COMPACT Ver.,22,0
2026-08-08T15:27:06+08:00,VideoCall·COMPACT Ver.,22,0
2026-08-08T15:27:29+08:00,VideoCall·COMPACT Ver.,22,0
2026-08-08T15:27:40+08:00,VideoCall·COMPACT Ver.,22,0
2026-08-08T15:27:51+08:00,VideoCall·COMPACT Ver.,22,0
2026-08-08T15:28:02+08:00,VideoCall·COMPACT Ver.,22,0
2026-08-08T15:28:13+08:00,VideoCall·COMPACT Ver.,22,0
2026-08-08T15:28:24+08:00,VideoCall·COMPACT Ver.,22,0
2026-08-08T15:28:49+08:00,VideoCall·COMPACT Ver.,22,0
2026-08-08T15:29:00+08:00,VideoCall·COMPACT Ver.,22,0
2026-08-08T15:29:11+08:00,VideoCall·COMPACT Ver.,22,0
2026-08-08T15:29:22+08:00,VideoCall·COMPACT Ver.,22,0
2026-08-08T15:29:33+08:00,VideoCall·COMPACT Ver.,22,0
2026-08-08T15:29:43+08:00,VideoCall·COMPACT Ver.,22,0
2026-08-08T15:30:07+08:00,VideoCall·COMPACT Ver.,22,0
2026-08-08T15:30:18+08:00,VideoCall·COMPACT Ver.,22,0
2026-08-08T15:30:29+08:00,VideoCall·COMPACT Ver.,22,0
2026-08-08T15:30:40+08:00,VideoCall·COMPACT Ver.,22,0
2026-08-08T15:30:51+08:00,VideoCall·COMPACT Ver.,22,0
2026-08-08T15:31:02+08:00,VideoCall·COMPACT Ver.,22,0
2026-08-08T15:31:27+08:00,VideoCall·COMPACT Ver.,22,0
2026-08-08T15:31:37+08:00,VideoCall·COMPACT Ver.,22,0
2026-08-08T15:31:48+08:00,VideoCall·COMPACT Ver.,22,0
2026-08-08T15:31:59+08:00,VideoCall·COMPACT Ver.,22,0
2026-08-08T15:32:10+08:00,VideoCall·COMPACT Ver.,22,0
2026-08-08T15:32:21+08:00,VideoCall·COMPACT Ver.,22,0
2026-08-08T15:32:44+08:00,VideoCall·COMPACT Ver.,22,0
2026-08-08T15:32:55+08:00,VideoCall·COMPACT Ver.,22,0
2026-08-08T15:33:06+08:00,VideoCall·COMPACT Ver.,22,0
2026-08-08T15:33:17+08:00,VideoCall·COMPACT Ver.,22,0
2026-08-08T15:33:28+08:00,VideoCall·COMPACT Ver.,22,0
2026-08-08T15:33:38+08:00,VideoCall·COMPACT Ver.,22,0
2026-08-08T15:34:05+08:00,VideoCall·COMPACT Ver.,22,0
2026-08-08T15:34:16+08:00,VideoCall·COMPACT Ver.,22,0
2026-08-08T15:34:27+08:00,VideoCall·COMPACT Ver.,22,0
2026-08-08T15:34:37+08:00,VideoCall·COMPACT Ver.,22,0
2026-08-08T15:34:48+08:00,VideoCall·COMPACT Ver.,22,0
2026-08-08T15:34:59+08:00,VideoCall·COMPACT Ver.,22,0
2026-08-08T15:35:23+08:00,VideoCall·COMPACT Ver.,22,0
2026-08-08T15:35:35+08:00,VideoCall·COMPACT Ver.,22,0
2026-08-08T15:35:46+08:00,VideoCall·COMPACT Ver.,22,0
2026-08-08T15:35:57+08:00,VideoCall·COMPACT Ver.,22,0
2026-08-08T15:36:08+08:00,VideoCall·COMPACT Ver.,22,0
2026-08-08T15:36:19+08:00,VideoCall·COMPACT Ver.,22,0
2026-08-08T15:36:42+08:00,VideoCall·COMPACT Ver.,22,0
2026-08-08T15:36:53+08:00,VideoCall·COMPACT Ver.,22,0
2026-08-08T15:37:04+08:00,VideoCall·COMPACT Ver.,22,0
2026-08-08T15:37:15+08:00,VideoCall·COMPACT Ver.,22,0
2026-08-08T15:37:26+08:00,VideoCall·COMPACT Ver.,22,0
2026-08-08T15:37:38+08:00,VideoCall·COMPACT Ver.,22,0
2026-08-08T15:38:02+08:00,VideoCall·COMPACT Ver.,22,0
2026-08-08T15:38:13+08:00,VideoCall·COMPACT Ver.,22,0
2026-08-08T15:38:24+08:00,VideoCall·COMPACT Ver.,22,0
2026-08-08T15:38:35+08:00,VideoCall·COMPACT Ver.,22,0
2026-08-08T15:38:45+08:00,VideoCall·COMPACT Ver.,22,0
2026-08-08T15:38:56+08:00,VideoCall·COMPACT Ver.,22,0
2026-08-08T15:39:20+08:00,VideoCall·COMPACT Ver.,22,0
2026-08-08T15:39:31+08:00,VideoCall·COMPACT Ver.,22,0
2026-08-08T15:39:42+08:00,VideoCall·COMPACT Ver.,22,0
2026-08-08T15:39:53+08:00,VideoCall·COMPACT Ver.,22,0
2026-08-08T15:40:04+08:00,VideoCall·COMPACT Ver.,22,0
2026-08-08T15:40:15+08:00,VideoCall·COMPACT Ver.,22,0
2026-08-08T15:40:41+08:00,VideoCall·COMPACT Ver.,22,0
2026-08-08T15:40:52+08:00,VideoCall·COMPACT Ver.,22,0
2026-08-08T15:41:03+08:00,VideoCall·COMPACT Ver.,22,0
2026-08-08T15:41:14+08:00,VideoCall·COMPACT Ver.,22,0
2026-08-08T15:41:25+08:00,VideoCall·COMPACT Ver.,22,0
2026-08-08T15:41:36+08:00,VideoCall·COMPACT Ver.,22,0
2026-08-08T15:42:02+08:00,VideoCall·COMPACT Ver.,22,0
2026-08-08T15:42:13+08:00,VideoCall·COMPACT Ver.,22,0
2026-08-08T15:42:24+08:00,VideoCall·COMPACT Ver.,22,0
2026-08-08T15:42:35+08:00,VideoCall·COMPACT Ver.,22,0
2026-08-08T15:42:46+08:00,VideoCall·COMPACT Ver.,22,0
2026-08-08T15:42:56+08:00,VideoCall·COMPACT Ver.,22,0
2026-08-08T15:43:22+08:00,VideoCall·COMPACT Ver.,22,0
2026-08-08T15:43:33+08:00,VideoCall·COMPACT Ver.,22,0
2026-08-08T15:43:44+08:00,VideoCall·COMPACT Ver.,22,0
2026-08-08T15:43:55+08:00,VideoCall·COMPACT Ver.,22,0
2026-08-08T15:44:06+08:00,VideoCall·COMPACT Ver.,22,0
2026-08-08T15:44:16+08:00,VideoCall·COMPACT Ver.,22,0
2026-08-08T15:44:41+08:00,VideoCall·COMPACT Ver.,22,0
2026-08-08T15:44:52+08:00,VideoCall·COMPACT Ver.,22,0
2026-08-08T15:45:03+08:00,VideoCall·COMPACT Ver.,22,0
2026-08-08T15:45:14+08:00,VideoCall·COMPACT Ver.,22,0
2026-08-08T15:45:24+08:00,VideoCall·COMPACT Ver.,22,0
2026-08-08T15:45:35+08:00,VideoCall·COMPACT Ver.,22,0
2026-08-08T15:45:59+08:00,VideoCall·COMPACT Ver.,22,0
2026-08-08T15:46:10+08:00,VideoCall·COMPACT Ver.,22,0
2026-08-08T15:46:21+08:00,VideoCall·COMPACT Ver.,22,0
2026-08-08T15:46:32+08:00,VideoCall·COMPACT Ver.,22,0
2026-08-08T15:46:43+08:00,VideoCall·COMPACT Ver.,22,0
2026-08-08T15:46:54+08:00,VideoCall·COMPACT Ver.,22,0
2026-08-08T15:47:17+08:00,VideoCall·COMPACT Ver.,22,0
2026-08-08T15:47:29+08:00,VideoCall·COMPACT Ver.,22,0
2026-08-08T15:47:39+08:00,VideoCall·COMPACT Ver.,22,0
2026-08-08T15:47:50+08:00,VideoCall·COMPACT Ver.,22,0
2026-08-08T15:48:01+08:00,VideoCall·COMPACT Ver.,22,0
2026-08-08T15:48:12+08:00,VideoCall·COMPACT Ver.,22,0
2026-08-08T15:48:35+08:00,VideoCall·COMPACT Ver.,22,0
2026-08-08T15:48:46+08:00,VideoCall·COMPACT Ver.,22,0
2026-08-08T15:48:57+08:00,VideoCall·COMPACT Ver.,22,0
2026-08-08T15:49:08+08:00,VideoCall·COMPACT Ver.,22,0
2026-08-08T15:49:19+08:00,VideoCall·COMPACT Ver.,22,0
2026-08-08T15:49:30+08:00,VideoCall·COMPACT Ver.,22,0
2026-08-08T15:49:54+08:00,VideoCall·COMPACT Ver.,22,0
2026-08-08T15:50:05+08:00,VideoCall·COMPACT Ver.,22,0
2026-08-08T15:50:15+08:00,VideoCall·COMPACT Ver.,22,0
2026-08-08T15:50:26+08:00,VideoCall·COMPACT Ver.,22,0
2026-08-08T15:50:36+08:00,VideoCall·COMPACT Ver.,22,0
2026-08-08T15:50:47+08:00,VideoCall·COMPACT Ver.,22,0
2026-08-08T15:51:11+08:00,VideoCall·COMPACT Ver.,22,0
2026-08-08T15:51:22+08:00,VideoCall·COMPACT Ver.,22,0
2026-08-08T15:51:34+08:00,VideoCall·COMPACT Ver.,22,0
2026-08-08T15:51:44+08:00,VideoCall·COMPACT Ver.,22,0
2026-08-08T15:51:55+08:00,VideoCall·COMPACT Ver.,22,0
2026-08-08T15:52:05+08:00,VideoCall·COMPACT Ver.,22,0
2026-08-08T15:52:30+08:00,VideoCall·COMPACT Ver.,22,0
2026-08-08T15:52:42+08:00,VideoCall·COMPACT Ver.,22,0
2026-08-08T15:52:52+08:00,VideoCall·COMPACT Ver.,22,0
2026-08-08T15:53:03+08:00,VideoCall·COMPACT Ver.,22,0
2026-08-08T15:53:14+08:00,VideoCall·COMPACT Ver.,22,0
2026-08-08T15:53:25+08:00,VideoCall·COMPACT Ver.,22,0
2026-08-08T15:53:51+08:00,VideoCall·COMPACT Ver.,22,0
2026-08-08T15:54:02+08:00,VideoCall·COMPACT Ver.,22,0
2026-08-08T15:54:12+08:00,VideoCall·COMPACT Ver.,22,0
2026-08-08T15:54:23+08:00,VideoCall·COMPACT Ver.,22,0
2026-08-08T15:54:34+08:00,VideoCall·COMPACT Ver.,22,0
2026-08-08T15:54:45+08:00,VideoCall·COMPACT Ver.,22,0
2026-08-08T15:55:09+08:00,VideoCall·COMPACT Ver.,22,0
2026-08-08T15:55:20+08:00,VideoCall·COMPACT Ver.,22,0
2026-08-08T15:55:30+08:00,VideoCall·COMPACT Ver.,22,0
2026-08-08T15:55:41+08:00,VideoCall·COMPACT Ver.,22,0
2026-08-08T15:55:51+08:00,VideoCall·COMPACT Ver.,22,0
2026-08-08T15:56:03+08:00,VideoCall·COMPACT Ver.,22,0
2026-08-08T15:56:40+08:00,VideoCall·COMPACT Ver.,22,0
2026-08-08T15:56:52+08:00,VideoCall·COMPACT Ver.,22,0
2026-08-08T15:57:02+08:00,VideoCall·COMPACT Ver.,22,0
2026-08-08T15:57:13+08:00,VideoCall·COMPACT Ver.,22,0
2026-08-08T15:57:24+08:00,VideoCall·COMPACT Ver.,22,0
2026-08-08T15:57:35+08:00,VideoCall·COMPACT Ver.,22,0
2026-08-08T15:57:46+08:00,VideoCall·COMPACT Ver.,22,0
2026-08-08T15:58:11+08:00,VideoCall·COMPACT Ver.,22,0
2026-08-08T15:58:21+08:00,VideoCall·COMPACT Ver.,22,0
2026-08-08T15:58:32+08:00,VideoCall·COMPACT Ver.,22,0
2026-08-08T15:58:43+08:00,VideoCall·COMPACT Ver.,22,0
2026-08-08T15:58:54+08:00,VideoCall·COMPACT Ver.,22,0
2026-08-08T15:59:05+08:00,VideoCall·COMPACT Ver.,22,0
2026-08-08T16:00:17+08:00,VideoCall·COMPACT Ver.,22,0
2026-08-08T16:00:29+08:00,VideoCall·COMPACT Ver.,22,0
2026-08-08T16:00:40+08:00,VideoCall·COMPACT Ver.,22,0
2026-08-08T16:00:51+08:00,VideoCall·COMPACT Ver.,22,0
2026-08-08T16:01:02+08:00,VideoCall·COMPACT Ver.,22,0
2026-08-08T16:01:13+08:00,VideoCall·COMPACT Ver.,22,0
2026-08-08T16:01:23+08:00,VideoCall·COMPACT Ver.,22,0
2026-08-08T16:01:48+08:00,VideoCall·COMPACT Ver.,22,0
2026-08-08T16:02:00+08:00,VideoCall·COMPACT Ver.,22,0
2026-08-08T16:02:11+08:00,VideoCall·COMPACT Ver.,22,0
2026-08-08T16:02:22+08:00,VideoCall·COMPACT Ver.,22,0
2026-08-08T16:02:32+08:00,VideoCall·COMPACT Ver.,22,0
2026-08-08T16:02:43+08:00,VideoCall·COMPACT Ver.,22,0
2026-08-08T16:03:08+08:00,VideoCall·COMPACT Ver.,22,0
2026-08-08T16:03:19+08:00,VideoCall·COMPACT Ver.,22,0
2026-08-08T16:03:30+08:00,VideoCall·COMPACT Ver.,22,0
2026-08-08T16:03:40+08:00,VideoCall·COMPACT Ver.,22,0
2026-08-08T16:03:52+08:00,VideoCall·COMPACT Ver.,22,0
2026-08-08T16:04:03+08:00,VideoCall·COMPACT Ver.,22,0
2026-08-08T16:04:26+08:00,VideoCall·COMPACT Ver.,22,0
2026-08-08T16:04:37+08:00,VideoCall·COMPACT Ver.,22,0
2026-08-08T16:04:48+08:00,VideoCall·COMPACT Ver.,22,0
2026-08-08T16:04:59+08:00,VideoCall·COMPACT Ver.,22,0
2026-08-08T16:05:09+08:00,VideoCall·COMPACT Ver.,22,0
2026-08-08T16:05:20+08:00,VideoCall·COMPACT Ver.,22,0
2026-08-08T16:05:45+08:00,VideoCall·COMPACT Ver.,22,0
2026-08-08T16:05:56+08:00,VideoCall·COMPACT Ver.,22,0
2026-08-08T16:06:07+08:00,VideoCall·COMPACT Ver.,22,0
2026-08-08T16:06:18+08:00,VideoCall·COMPACT Ver.,22,0
2026-08-08T16:06:29+08:00,VideoCall·COMPACT Ver.,22,0
2026-08-08T16:06:39+08:00,VideoCall·COMPACT Ver.,22,0
2026-08-08T16:07:04+08:00,VideoCall·COMPACT Ver.,22,0
2026-08-08T16:07:15+08:00,VideoCall·COMPACT Ver.,22,0
2026-08-08T16:07:26+08:00,VideoCall·COMPACT Ver.,22,0
2026-08-08T16:07:37+08:00,VideoCall·COMPACT Ver.,22,0
2026-08-08T16:07:48+08:00,VideoCall·COMPACT Ver.,22,0
2026-08-08T16:07:59+08:00,VideoCall·COMPACT Ver.,22,0
2026-08-08T16:08:23+08:00,VideoCall·COMPACT Ver.,22,0
2026-08-08T16:08:35+08:00,VideoCall·COMPACT Ver.,22,0
2026-08-08T16:08:45+08:00,VideoCall·COMPACT Ver.,22,0
2026-08-08T16:08:56+08:00,VideoCall·COMPACT Ver.,22,0
2026-08-08T16:09:08+08:00,VideoCall·COMPACT Ver.,22,0
2026-08-08T16:09:18+08:00,VideoCall·COMPACT Ver.,22,0
2026-08-08T16:09:42+08:00,VideoCall·COMPACT Ver.,22,0
2026-08-08T16:09:53+08:00,VideoCall·COMPACT Ver.,22,0
2026-08-08T16:10:03+08:00,VideoCall·COMPACT Ver.,22,0
2026-08-08T16:10:14+08:00,VideoCall·COMPACT Ver.,22,0
2026-08-08T16:10:25+08:00,VideoCall·COMPACT Ver.,22,0
2026-08-08T16:10:36+08:00,VideoCall·COMPACT Ver.,22,0
2026-08-08T16:11:01+08:00,VideoCall·COMPACT Ver.,22,0
2026-08-08T16:11:12+08:00,VideoCall·COMPACT Ver.,22,0
2026-08-08T16:11:23+08:00,VideoCall·COMPACT Ver.,22,0
2026-08-08T16:11:33+08:00,VideoCall·COMPACT Ver.,22,0
2026-08-08T16:11:44+08:00,VideoCall·COMPACT Ver.,22,0
2026-08-08T16:11:55+08:00,VideoCall·COMPACT Ver.,22,0
2026-08-08T16:12:19+08:00,VideoCall·COMPACT Ver.,22,0
2026-08-08T16:12:30+08:00,VideoCall·COMPACT Ver.,22,0
2026-08-08T16:12:42+08:00,VideoCall·COMPACT Ver.,22,0
2026-08-08T16:12:53+08:00,VideoCall·COMPACT Ver.,22,0
2026-08-08T16:13:04+08:00,VideoCall·COMPACT Ver.,22,0
2026-08-08T16:13:15+08:00,VideoCall·COMPACT Ver.,22,0
2026-08-08T16:13:39+08:00,VideoCall·COMPACT Ver.,22,0
2026-08-08T16:13:50+08:00,VideoCall·COMPACT Ver.,22,0
2026-08-08T16:14:01+08:00,VideoCall·COMPACT Ver.,22,0
2026-08-08T16:14:12+08:00,VideoCall·COMPACT Ver.,22,0
2026-08-08T16:14:23+08:00,VideoCall·COMPACT Ver.,22,0
2026-08-08T16:14:34+08:00,VideoCall·COMPACT Ver.,22,0
2026-08-08T16:14:59+08:00,VideoCall·COMPACT Ver.,22,0
2026-08-08T16:15:10+08:00,VideoCall·COMPACT Ver.,22,0
2026-08-08T16:15:21+08:00,VideoCall·COMPACT Ver.,22,0
2026-08-08T16:15:32+08:00,VideoCall·COMPACT Ver.,22,0
2026-08-08T16:15:43+08:00,VideoCall·COMPACT Ver.,22,0
2026-08-08T16:15:54+08:00,VideoCall·COMPACT Ver.,22,0
2026-08-08T16:16:18+08:00,VideoCall·COMPACT Ver.,22,0
2026-08-08T16:16:29+08:00,VideoCall·COMPACT Ver.,22,0
2026-08-08T16:16:39+08:00,VideoCall·COMPACT Ver.,22,0
2026-08-08T16:16:50+08:00,VideoCall·COMPACT Ver.,22,0
2026-08-08T16:17:01+08:00,VideoCall·COMPACT Ver.,22,0
2026-08-08T16:17:12+08:00,VideoCall·COMPACT Ver.,22,0
2026-08-08T16:17:36+08:00,VideoCall·COMPACT Ver.,22,0
2026-08-08T16:17:48+08:00,VideoCall·COMPACT Ver.,22,0
2026-08-08T16:17:59+08:00,VideoCall·COMPACT Ver.,22,0
2026-08-08T16:18:10+08:00,VideoCall·COMPACT Ver.,22,0
2026-08-08T16:18:20+08:00,VideoCall·COMPACT Ver.,22,0
2026-08-08T16:18:31+08:00,VideoCall·COMPACT Ver.,22,0
2026-08-08T16:18:55+08:00,VideoCall·COMPACT Ver.,22,0
2026-08-08T16:19:06+08:00,VideoCall·COMPACT Ver.,22,0
2026-08-08T16:19:17+08:00,VideoCall·COMPACT Ver.,22,0
2026-08-08T16:19:28+08:00,VideoCall·COMPACT Ver.,22,0
2026-08-08T16:19:38+08:00,VideoCall·COMPACT Ver.,22,0
2026-08-08T16:19:50+08:00,VideoCall·COMPACT Ver.,22,0
2026-08-08T16:20:15+08:00,VideoCall·COMPACT Ver.,22,0
2026-08-08T16:20:26+08:00,VideoCall·COMPACT Ver.,22,0
2026-08-08T16:20:37+08:00,VideoCall·COMPACT Ver.,22,0
2026-08-08T16:20:48+08:00,VideoCall·COMPACT Ver.,22,0
2026-08-08T16:20:58+08:00,VideoCall·COMPACT Ver.,22,0
2026-08-08T16:21:09+08:00,VideoCall·COMPACT Ver.,22,0
2026-08-08T16:21:34+08:00,VideoCall·COMPACT Ver.,22,0
2026-08-08T16:21:45+08:00,VideoCall·COMPACT Ver.,22,0
2026-08-08T16:21:56+08:00,VideoCall·COMPACT Ver.,22,0
2026-08-08T16:22:07+08:00,VideoCall·COMPACT Ver.,22,0
2026-08-08T16:22:18+08:00,VideoCall·COMPACT Ver.,22,0
2026-08-08T16:22:29+08:00,VideoCall·COMPACT Ver.,22,0
2026-08-08T16:22:54+08:00,VideoCall·COMPACT Ver.,22,0
2026-08-08T16:23:05+08:00,VideoCall·COMPACT Ver.,22,0
2026-08-08T16:23:16+08:00,VideoCall·COMPACT Ver.,22,0
2026-08-08T16:23:27+08:00,VideoCall·COMPACT Ver.,22,0
2026-08-08T16:23:38+08:00,VideoCall·COMPACT Ver.,22,0
2026-08-08T16:23:49+08:00,VideoCall·COMPACT Ver.,22,0
2026-08-08T16:24:13+08:00,VideoCall·COMPACT Ver.,22,0
2026-08-08T16:24:24+08:00,VideoCall·COMPACT Ver.,22,0
2026-08-08T16:24:35+08:00,VideoCall·COMPACT Ver.,22,0
2026-08-08T16:24:46+08:00,VideoCall·COMPACT Ver.,22,0
2026-08-08T16:24:57+08:00,VideoCall·COMPACT Ver.,22,0
2026-08-08T16:25:08+08:00,VideoCall·COMPACT Ver.,22,0
2026-08-08T16:25:33+08:00,VideoCall·COMPACT Ver.,22,0
2026-08-08T16:25:44+08:00,VideoCall·COMPACT Ver.,22,0
2026-08-08T16:25:55+08:00,VideoCall·COMPACT Ver.,22,0
2026-08-08T16:26:06+08:00,VideoCall·COMPACT Ver.,22,0
2026-08-08T16:26:17+08:00,VideoCall·COMPACT Ver.,22,0
2026-08-08T16:26:28+08:00,VideoCall·COMPACT Ver.,22,0
2026-08-08T16:26:55+08:00,VideoCall·COMPACT Ver.,22,0
2026-08-08T16:27:06+08:00,VideoCall·COMPACT Ver.,22,0
2026-08-08T16:27:17+08:00,VideoCall·COMPACT Ver.,22,0
2026-08-08T16:27:28+08:00,VideoCall·COMPACT Ver.,22,0
2026-08-08T16:27:39+08:00,VideoCall·COMPACT Ver.,22,0
2026-08-08T16:27:50+08:00,VideoCall·COMPACT Ver.,22,0
2026-08-08T16:28:16+08:00,VideoCall·COMPACT Ver.,22,0
2026-08-08T16:28:27+08:00,VideoCall·COMPACT Ver.,22,0
2026-08-08T16:28:38+08:00,VideoCall·COMPACT Ver.,22,0
2026-08-08T16:28:49+08:00,VideoCall·COMPACT Ver.,22,0
2026-08-08T16:29:00+08:00,VideoCall·COMPACT Ver.,22,0
2026-08-08T16:29:11+08:00,VideoCall·COMPACT Ver.,22,0
2026-08-08T16:29:35+08:00,VideoCall·COMPACT Ver.,22,0
2026-08-08T16:29:46+08:00,VideoCall·COMPACT Ver.,22,0
2026-08-08T16:29:57+08:00,VideoCall·COMPACT Ver.,22,0
2026-08-08T16:30:08+08:00,VideoCall·COMPACT Ver.,22,0
2026-08-08T16:30:19+08:00,VideoCall·COMPACT Ver.,22,0
2026-08-08T16:30:29+08:00,VideoCall·COMPACT Ver.,22,0
2026-08-08T16:30:55+08:00,VideoCall·COMPACT Ver.,22,0
2026-08-08T16:31:06+08:00,VideoCall·COMPACT Ver.,22,0
2026-08-08T16:31:17+08:00,VideoCall·COMPACT Ver.,22,0
2026-08-08T16:31:28+08:00,VideoCall·COMPACT Ver.,22,0
2026-08-08T16:31:39+08:00,VideoCall·COMPACT Ver.,22,0
2026-08-08T16:31:50+08:00,VideoCall·COMPACT Ver.,22,0
2026-08-08T16:32:14+08:00,VideoCall·COMPACT Ver.,22,0
2026-08-08T16:32:25+08:00,VideoCall·COMPACT Ver.,22,0
2026-08-08T16:32:36+08:00,VideoCall·COMPACT Ver.,22,0
2026-08-08T16:32:47+08:00,VideoCall·COMPACT Ver.,22,0
2026-08-08T16:32:58+08:00,VideoCall·COMPACT Ver.,22,0
2026-08-08T16:33:09+08:00,VideoCall·COMPACT Ver.,22,0
2026-08-08T16:33:32+08:00,VideoCall·COMPACT Ver.,22,0
2026-08-08T16:33:43+08:00,VideoCall·COMPACT Ver.,22,0
2026-08-08T16:33:54+08:00,VideoCall·COMPACT Ver.,22,0
2026-08-08T16:34:05+08:00,VideoCall·COMPACT Ver.,22,0
2026-08-08T16:34:16+08:00,VideoCall·COMPACT Ver.,22,0
2026-08-08T16:34:27+08:00,VideoCall·COMPACT Ver.,22,0
2026-08-08T16:34:52+08:00,VideoCall·COMPACT Ver.,22,0
2026-08-08T16:35:03+08:00,VideoCall·COMPACT Ver.,22,0
2026-08-08T16:35:14+08:00,VideoCall·COMPACT Ver.,22,0
2026-08-08T16:35:24+08:00,VideoCall·COMPACT Ver.,22,0
2026-08-08T16:35:35+08:00,VideoCall·COMPACT Ver.,22,0
2026-08-08T16:35:46+08:00,VideoCall·COMPACT Ver.,22,0
2026-08-08T16:36:12+08:00,VideoCall·COMPACT Ver.,22,0
2026-08-08T16:36:22+08:00,VideoCall·COMPACT Ver.,22,0
2026-08-08T16:36:33+08:00,VideoCall·COMPACT Ver.,22,0
2026-08-08T16:36:44+08:00,VideoCall·COMPACT Ver.,22,0
2026-08-08T16:36:55+08:00,VideoCall·COMPACT Ver.,22,0
2026-08-08T16:37:06+08:00,VideoCall·COMPACT Ver.,22,0
2026-08-08T16:37:30+08:00,VideoCall·COMPACT Ver.,22,0
2026-08-08T16:37:41+08:00,VideoCall·COMPACT Ver.,22,0
2026-08-08T16:37:52+08:00,VideoCall·COMPACT Ver.,22,0
2026-08-08T16:38:03+08:00,VideoCall·COMPACT Ver.,22,0
2026-08-08T16:38:14+08:00,VideoCall·COMPACT Ver.,22,0
2026-08-08T16:38:25+08:00,VideoCall·COMPACT Ver.,22,0
2026-08-08T16:38:49+08:00,VideoCall·COMPACT Ver.,22,0
2026-08-08T16:39:00+08:00,VideoCall·COMPACT Ver.,22,0
2026-08-08T16:39:11+08:00,VideoCall·COMPACT Ver.,22,0
2026-08-08T16:39:22+08:00,VideoCall·COMPACT Ver.,22,0
2026-08-08T16:39:33+08:00,VideoCall·COMPACT Ver.,22,0
2026-08-08T16:39:44+08:00,VideoCall·COMPACT Ver.,22,0
2026-08-08T16:40:08+08:00,VideoCall·COMPACT Ver.,22,0
2026-08-08T16:40:19+08:00,VideoCall·COMPACT Ver.,22,0
2026-08-08T16:40:29+08:00,VideoCall·COMPACT Ver.,22,0
2026-08-08T16:40:40+08:00,VideoCall·COMPACT Ver.,22,0
2026-08-08T16:40:51+08:00,VideoCall·COMPACT Ver.,22,0
2026-08-08T16:41:02+08:00,VideoCall·COMPACT Ver.,22,0
2026-08-08T16:41:27+08:00,VideoCall·COMPACT Ver.,22,0
2026-08-08T16:41:37+08:00,VideoCall·COMPACT Ver.,22,0
2026-08-08T16:41:48+08:00,VideoCall·COMPACT Ver.,22,0
2026-08-08T16:42:00+08:00,VideoCall·COMPACT Ver.,22,0
2026-08-08T16:42:10+08:00,VideoCall·COMPACT Ver.,22,0
2026-08-08T16:42:21+08:00,VideoCall·COMPACT Ver.,22,0
2026-08-08T16:42:46+08:00,VideoCall·COMPACT Ver.,22,0
2026-08-08T16:42:57+08:00,VideoCall·COMPACT Ver.,22,0
2026-08-08T16:43:08+08:00,VideoCall·COMPACT Ver.,22,0
2026-08-08T16:43:19+08:00,VideoCall·COMPACT Ver.,22,0
2026-08-08T16:43:30+08:00,VideoCall·COMPACT Ver.,22,0
2026-08-08T16:43:41+08:00,VideoCall·COMPACT Ver.,22,0
2026-08-08T16:44:04+08:00,VideoCall·COMPACT Ver.,22,0
2026-08-08T16:44:15+08:00,VideoCall·COMPACT Ver.,22,0
2026-08-08T16:44:26+08:00,VideoCall·COMPACT Ver.,22,0
2026-08-08T16:44:37+08:00,VideoCall·COMPACT Ver.,22,0
2026-08-08T16:44:48+08:00,VideoCall·COMPACT Ver.,22,0
2026-08-08T16:44:59+08:00,VideoCall·COMPACT Ver.,22,0
2026-08-08T16:45:22+08:00,VideoCall·COMPACT Ver.,22,0
2026-08-08T16:45:33+08:00,VideoCall·COMPACT Ver.,22,0
2026-08-08T16:45:44+08:00,VideoCall·COMPACT Ver.,22,0
2026-08-08T16:45:55+08:00,VideoCall·COMPACT Ver.,22,0
2026-08-08T16:46:06+08:00,VideoCall·COMPACT Ver.,22,0
2026-08-08T16:46:17+08:00,VideoCall·COMPACT Ver.,22,0
2026-08-08T16:46:41+08:00,VideoCall·COMPACT Ver.,22,0
2026-08-08T16:46:52+08:00,VideoCall·COMPACT Ver.,22,0
2026-08-08T16:47:03+08:00,VideoCall·COMPACT Ver.,22,0
2026-08-08T16:47:14+08:00,VideoCall·COMPACT Ver.,22,0
2026-08-08T16:47:25+08:00,VideoCall·COMPACT Ver.,22,0
2026-08-08T16:47:36+08:00,VideoCall·COMPACT Ver.,22,0
2026-08-08T16:48:00+08:00,VideoCall·COMPACT Ver.,22,0
2026-08-08T16:48:11+08:00,VideoCall·COMPACT Ver.,22,0
2026-08-08T16:48:22+08:00,VideoCall·COMPACT Ver.,22,0
2026-08-08T16:48:33+08:00,VideoCall·COMPACT Ver.,22,0
2026-08-08T16:48:44+08:00,VideoCall·COMPACT Ver.,22,0
2026-08-08T16:48:55+08:00,VideoCall·COMPACT Ver.,22,0
2026-08-08T16:49:18+08:00,VideoCall·COMPACT Ver.,22,0
2026-08-08T16:49:29+08:00,VideoCall·COMPACT Ver.,22,0
2026-08-08T16:49:40+08:00,VideoCall·COMPACT Ver.,22,0
2026-08-08T16:49:51+08:00,VideoCall·COMPACT Ver.,22,0
2026-08-08T16:50:02+08:00,VideoCall·COMPACT Ver.,22,0
2026-08-08T16:50:13+08:00,VideoCall·COMPACT Ver.,22,0
2026-08-08T16:50:58+08:00,VideoCall·COMPACT Ver.,22,0
2026-08-08T16:51:09+08:00,VideoCall·COMPACT Ver.,22,0
2026-08-08T16:51:20+08:00,VideoCall·COMPACT Ver.,22,0
2026-08-08T16:51:31+08:00,VideoCall·COMPACT Ver.,22,0
2026-08-08T16:51:42+08:00,VideoCall·COMPACT Ver.,22,0
2026-08-08T16:51:53+08:00,VideoCall·COMPACT Ver.,22,0
2026-08-08T16:52:04+08:00,VideoCall·COMPACT Ver.,22,0
2026-08-08T16:52:27+08:00,VideoCall·COMPACT Ver.,22,0
2026-08-08T16:52:38+08:00,VideoCall·COMPACT Ver.,22,0
2026-08-08T16:52:49+08:00,VideoCall·COMPACT Ver.,22,0
2026-08-08T16:53:00+08:00,VideoCall·COMPACT Ver.,22,0
2026-08-08T16:53:10+08:00,VideoCall·COMPACT Ver.,22,0
2026-08-08T16:53:21+08:00,VideoCall·COMPACT Ver.,22,0
2026-08-08T17:41:15+08:00,VideoCall·COMPACT Ver.,23,1
2026-08-08T17:41:26+08:00,VideoCall·COMPACT Ver.,23,0
2026-08-08T17:41:37+08:00,VideoCall·COMPACT Ver.,23,0
2026-08-08T17:41:48+08:00,VideoCall·COMPACT Ver.,23,0
2026-08-08T17:41:59+08:00,VideoCall·COMPACT Ver.,23,0
2026-08-08T17:42:10+08:00,VideoCall·COMPACT Ver.,23,0
2026-08-08T17:42:21+08:00,VideoCall·COMPACT Ver.,23,0
2026-08-08T17:42:43+08:00,VideoCall·COMPACT Ver.,23,0
2026-08-08T17:42:54+08:00,VideoCall·COMPACT Ver.,23,0
2026-08-08T17:43:05+08:00,VideoCall·COMPACT Ver.,23,0
2026-08-08T17:43:16+08:00,VideoCall·COMPACT Ver.,23,0
2026-08-08T17:43:27+08:00,VideoCall·COMPACT Ver.,23,0
2026-08-08T17:43:38+08:00,VideoCall·COMPACT Ver.,23,0
2026-08-08T17:44:01+08:00,VideoCall·COMPACT Ver.,23,0
2026-08-08T17:44:12+08:00,VideoCall·COMPACT Ver.,23,0
2026-08-08T17:44:22+08:00,VideoCall·COMPACT Ver.,23,0
2026-08-08T17:44:33+08:00,VideoCall·COMPACT Ver.,23,0
2026-08-08T17:44:44+08:00,VideoCall·COMPACT Ver.,23,0
2026-08-08T17:44:54+08:00,VideoCall·COMPACT Ver.,23,0
2026-08-08T17:45:17+08:00,VideoCall·COMPACT Ver.,23,0
2026-08-08T17:45:28+08:00,VideoCall·COMPACT Ver.,23,0
2026-08-08T17:45:38+08:00,VideoCall·COMPACT Ver.,23,0
2026-08-08T17:45:49+08:00,VideoCall·COMPACT Ver.,23,0
2026-08-08T17:46:00+08:00,VideoCall·COMPACT Ver.,23,0
2026-08-08T17:46:11+08:00,VideoCall·COMPACT Ver.,23,0
2026-08-08T17:46:34+08:00,VideoCall·COMPACT Ver.,23,0
2026-08-08T17:46:45+08:00,VideoCall·COMPACT Ver.,23,0
2026-08-08T17:46:55+08:00,VideoCall·COMPACT Ver.,23,0
2026-08-08T17:47:06+08:00,VideoCall·COMPACT Ver.,23,0
2026-08-08T17:47:16+08:00,VideoCall·COMPACT Ver.,23,0
2026-08-08T17:47:27+08:00,VideoCall·COMPACT Ver.,23,0
2026-08-08T17:47:49+08:00,VideoCall·COMPACT Ver.,23,0
2026-08-08T17:48:00+08:00,VideoCall·COMPACT Ver.,23,0
2026-08-08T17:48:11+08:00,VideoCall·COMPACT Ver.,23,0
2026-08-08T17:48:22+08:00,VideoCall·COMPACT Ver.,23,0
2026-08-08T17:48:33+08:00,VideoCall·COMPACT Ver.,23,0
2026-08-08T17:48:44+08:00,VideoCall·COMPACT Ver.,23,0
2026-08-08T17:49:07+08:00,VideoCall·COMPACT Ver.,23,0
2026-08-08T17:49:18+08:00,VideoCall·COMPACT Ver.,23,0
2026-08-08T17:49:28+08:00,VideoCall·COMPACT Ver.,23,0
2026-08-08T17:49:39+08:00,VideoCall·COMPACT Ver.,23,0
2026-08-08T17:49:50+08:00,VideoCall·COMPACT Ver.,23,0
2026-08-08T17:50:01+08:00,VideoCall·COMPACT Ver.,23,0
2026-08-08T17:50:24+08:00,VideoCall·COMPACT Ver.,23,0
2026-08-08T17:50:35+08:00,VideoCall·COMPACT Ver.,23,0
2026-08-08T17:50:45+08:00,VideoCall·COMPACT Ver.,23,0
2026-08-08T17:50:56+08:00,VideoCall·COMPACT Ver.,23,0
2026-08-08T17:51:07+08:00,VideoCall·COMPACT Ver.,23,0
2026-08-08T17:51:17+08:00,VideoCall·COMPACT Ver.,23,0
2026-08-08T17:51:41+08:00,VideoCall·COMPACT Ver.,23,0
2026-08-08T17:51:52+08:00,VideoCall·COMPACT Ver.,23,0
2026-08-08T17:52:02+08:00,VideoCall·COMPACT Ver.,23,0
2026-08-08T17:52:13+08:00,VideoCall·COMPACT Ver.,23,0
2026-08-08T17:52:23+08:00,VideoCall·COMPACT Ver.,23,0
2026-08-08T17:52:34+08:00,VideoCall·COMPACT Ver.,23,0
2026-08-08T17:52:57+08:00,VideoCall·COMPACT Ver.,23,0
2026-08-08T17:53:08+08:00,VideoCall·COMPACT Ver.,23,0
2026-08-08T17:53:19+08:00,VideoCall·COMPACT Ver.,23,0
2026-08-08T17:53:30+08:00,VideoCall·COMPACT Ver.,23,0
2026-08-08T17:53:41+08:00,VideoCall·COMPACT Ver.,23,0
2026-08-08T17:53:52+08:00,VideoCall·COMPACT Ver.,23,0
2026-08-08T17:54:15+08:00,VideoCall·COMPACT Ver.,23,0
2026-08-08T17:54:26+08:00,VideoCall·COMPACT Ver.,23,0
2026-08-08T17:54:37+08:00,VideoCall·COMPACT Ver.,23,0
2026-08-08T17:54:47+08:00,VideoCall·COMPACT Ver.,23,0
2026-08-08T17:54:58+08:00,VideoCall·COMPACT Ver.,23,0
2026-08-08T17:55:09+08:00,VideoCall·COMPACT Ver.,23,0
2026-08-08T17:55:32+08:00,VideoCall·COMPACT Ver.,23,0
2026-08-08T17:55:43+08:00,VideoCall·COMPACT Ver.,23,0
2026-08-08T17:55:54+08:00,VideoCall·COMPACT Ver.,23,0
2026-08-08T17:56:04+08:00,VideoCall·COMPACT Ver.,23,0
2026-08-08T17:56:15+08:00,VideoCall·COMPACT Ver.,23,0
2026-08-08T17:56:26+08:00,VideoCall·COMPACT Ver.,23,0
2026-08-08T17:56:49+08:00,VideoCall·COMPACT Ver.,23,0
2026-08-08T17:57:00+08:00,VideoCall·COMPACT Ver.,23,0
2026-08-08T17:57:10+08:00,VideoCall·COMPACT Ver.,23,0
2026-08-08T17:57:21+08:00,VideoCall·COMPACT Ver.,23,0
2026-08-08T17:57:31+08:00,VideoCall·COMPACT Ver.,23,0
2026-08-08T17:57:42+08:00,VideoCall·COMPACT Ver.,23,0
2026-08-08T17:58:05+08:00,VideoCall·COMPACT Ver.,23,0
2026-08-08T17:58:15+08:00,VideoCall·COMPACT Ver.,23,0
2026-08-08T17:58:26+08:00,VideoCall·COMPACT Ver.,23,0
2026-08-08T17:58:37+08:00,VideoCall·COMPACT Ver.,23,0
2026-08-08T17:58:48+08:00,VideoCall·COMPACT Ver.,23,0
2026-08-08T17:58:59+08:00,VideoCall·COMPACT Ver.,23,0
2026-08-08T17:59:21+08:00,VideoCall·COMPACT Ver.,23,0
2026-08-08T17:59:32+08:00,VideoCall·COMPACT Ver.,23,0
2026-08-08T17:59:43+08:00,VideoCall·COMPACT Ver.,23,0
2026-08-08T17:59:54+08:00,VideoCall·COMPACT Ver.,23,0
2026-08-08T18:00:05+08:00,VideoCall·COMPACT Ver.,23,0
2026-08-08T18:00:16+08:00,VideoCall·COMPACT Ver.,23,0
2026-08-08T18:00:40+08:00,VideoCall·COMPACT Ver.,23,0
2026-08-08T18:00:50+08:00,VideoCall·COMPACT Ver.,23,0
2026-08-08T18:01:01+08:00,VideoCall·COMPACT Ver.,23,0
2026-08-08T18:01:12+08:00,VideoCall·COMPACT Ver.,23,0
2026-08-08T18:01:23+08:00,VideoCall·COMPACT Ver.,23,0
2026-08-08T18:01:34+08:00,VideoCall·COMPACT Ver.,23,0
2026-08-08T18:01:57+08:00,VideoCall·COMPACT Ver.,23,0
2026-08-08T18:02:08+08:00,VideoCall·COMPACT Ver.,23,0
2026-08-08T18:02:18+08:00,VideoCall·COMPACT Ver.,23,0
2026-08-08T18:02:29+08:00,VideoCall·COMPACT Ver.,23,0
2026-08-08T18:02:40+08:00,VideoCall·COMPACT Ver.,23,0
2026-08-08T18:02:51+08:00,VideoCall·COMPACT Ver.,23,0
2026-08-08T18:03:15+08:00,VideoCall·COMPACT Ver.,23,0
2026-08-08T18:03:26+08:00,VideoCall·COMPACT Ver.,23,0
2026-08-08T18:03:36+08:00,VideoCall·COMPACT Ver.,23,0
2026-08-08T18:03:47+08:00,VideoCall·COMPACT Ver.,23,0
2026-08-08T18:03:58+08:00,VideoCall·COMPACT Ver.,23,0
2026-08-08T18:04:09+08:00,VideoCall·COMPACT Ver.,23,0
2026-08-08T18:04:33+08:00,VideoCall·COMPACT Ver.,23,0
2026-08-08T18:04:43+08:00,VideoCall·COMPACT Ver.,23,0
2026-08-08T18:04:54+08:00,VideoCall·COMPACT Ver.,23,0
2026-08-08T18:05:05+08:00,VideoCall·COMPACT Ver.,23,0
2026-08-08T18:05:15+08:00,VideoCall·COMPACT Ver.,23,0
2026-08-08T18:05:27+08:00,VideoCall·COMPACT Ver.,23,0
2026-08-08T18:05:50+08:00,VideoCall·COMPACT Ver.,23,0
2026-08-08T18:06:02+08:00,VideoCall·COMPACT Ver.,23,0
2026-08-08T18:06:12+08:00,VideoCall·COMPACT Ver.,23,0
2026-08-08T18:06:23+08:00,VideoCall·COMPACT Ver.,23,0
2026-08-08T18:06:33+08:00,VideoCall·COMPACT Ver.,23,0
2026-08-08T18:06:44+08:00,VideoCall·COMPACT Ver.,23,0
2026-08-08T18:07:07+08:00,VideoCall·COMPACT Ver.,23,0
2026-08-08T18:07:17+08:00,VideoCall·COMPACT Ver.,23,0
2026-08-08T18:07:28+08:00,VideoCall·COMPACT Ver.,23,0
2026-08-08T18:07:39+08:00,VideoCall·COMPACT Ver.,23,0
2026-08-08T18:07:50+08:00,VideoCall·COMPACT Ver.,23,0
2026-08-08T18:08:01+08:00,VideoCall·COMPACT Ver.,23,0
2026-08-08T18:08:24+08:00,VideoCall·COMPACT Ver.,23,0
2026-08-08T18:08:34+08:00,VideoCall·COMPACT Ver.,23,0
2026-08-08T18:08:45+08:00,VideoCall·COMPACT Ver.,23,0
2026-08-08T18:08:55+08:00,VideoCall·COMPACT Ver.,23,0
2026-08-08T18:09:06+08:00,VideoCall·COMPACT Ver.,23,0
2026-08-08T18:09:17+08:00,VideoCall·COMPACT Ver.,23,0
2026-08-08T18:09:40+08:00,VideoCall·COMPACT Ver.,23,0
2026-08-08T18:09:51+08:00,VideoCall·COMPACT Ver.,23,0
2026-08-08T18:10:02+08:00,VideoCall·COMPACT Ver.,23,0
2026-08-08T18:10:12+08:00,VideoCall·COMPACT Ver.,23,0
2026-08-08T18:10:23+08:00,VideoCall·COMPACT Ver.,23,0
2026-08-08T18:10:34+08:00,VideoCall·COMPACT Ver.,23,0
2026-08-08T18:10:56+08:00,VideoCall·COMPACT Ver.,23,0
2026-08-08T18:11:07+08:00,VideoCall·COMPACT Ver.,23,0
2026-08-08T18:11:18+08:00,VideoCall·COMPACT Ver.,23,0
2026-08-08T18:11:29+08:00,VideoCall·COMPACT Ver.,23,0
2026-08-08T18:11:39+08:00,VideoCall·COMPACT Ver.,23,0
2026-08-08T18:11:50+08:00,VideoCall·COMPACT Ver.,23,0
2026-08-08T18:12:13+08:00,VideoCall·COMPACT Ver.,23,0
2026-08-08T18:12:24+08:00,VideoCall·COMPACT Ver.,23,0
2026-08-08T18:12:34+08:00,VideoCall·COMPACT Ver.,23,0
2026-08-08T18:12:45+08:00,VideoCall·COMPACT Ver.,23,0
2026-08-08T18:12:56+08:00,VideoCall·COMPACT Ver.,23,0
2026-08-08T18:13:07+08:00,VideoCall·COMPACT Ver.,23,0
2026-08-08T18:14:18+08:00,VideoCall·COMPACT Ver.,23,0
2026-08-08T18:14:29+08:00,VideoCall·COMPACT Ver.,23,0
2026-08-08T18:14:40+08:00,VideoCall·COMPACT Ver.,23,0
2026-08-08T18:14:50+08:00,VideoCall·COMPACT Ver.,23,0
2026-08-08T18:15:01+08:00,VideoCall·COMPACT Ver.,23,0
2026-08-08T18:15:13+08:00,VideoCall·COMPACT Ver.,23,0
2026-08-08T18:15:23+08:00,VideoCall·COMPACT Ver.,23,0
2026-08-08T18:15:48+08:00,VideoCall·COMPACT Ver.,23,0
2026-08-08T18:15:59+08:00,VideoCall·COMPACT Ver.,23,0
2026-08-08T18:16:10+08:00,VideoCall·COMPACT Ver.,23,0
2026-08-08T18:16:21+08:00,VideoCall·COMPACT Ver.,23,0
2026-08-08T18:16:32+08:00,VideoCall·COMPACT Ver.,23,0
2026-08-08T18:16:43+08:00,VideoCall·COMPACT Ver.,23,0
2026-08-08T18:17:08+08:00,VideoCall·COMPACT Ver.,23,0
2026-08-08T18:17:19+08:00,VideoCall·COMPACT Ver.,23,0
2026-08-08T18:17:29+08:00,VideoCall·COMPACT Ver.,23,0
2026-08-08T18:17:40+08:00,VideoCall·COMPACT Ver.,23,0
2026-08-08T18:17:51+08:00,VideoCall·COMPACT Ver.,23,0
2026-08-08T18:18:02+08:00,VideoCall·COMPACT Ver.,23,0
2026-08-08T18:18:27+08:00,VideoCall·COMPACT Ver.,23,0
2026-08-08T18:18:38+08:00,VideoCall·COMPACT Ver.,23,0
2026-08-08T18:18:49+08:00,VideoCall·COMPACT Ver.,23,0
2026-08-08T18:19:00+08:00,VideoCall·COMPACT Ver.,23,0
2026-08-08T18:19:11+08:00,VideoCall·COMPACT Ver.,23,0
2026-08-08T18:19:21+08:00,VideoCall·COMPACT Ver.,23,0
2026-08-08T18:19:46+08:00,VideoCall·COMPACT Ver.,23,0
2026-08-08T18:19:57+08:00,VideoCall·COMPACT Ver.,23,0
2026-08-08T18:20:08+08:00,VideoCall·COMPACT Ver.,23,0
2026-08-08T18:20:19+08:00,VideoCall·COMPACT Ver.,23,0
2026-08-08T18:20:30+08:00,VideoCall·COMPACT Ver.,23,0
2026-08-08T18:20:40+08:00,VideoCall·COMPACT Ver.,23,0
2026-08-08T18:21:05+08:00,VideoCall·COMPACT Ver.,23,0
2026-08-08T18:21:16+08:00,VideoCall·COMPACT Ver.,23,0
2026-08-08T18:21:27+08:00,VideoCall·COMPACT Ver.,23,0
2026-08-08T18:21:38+08:00,VideoCall·COMPACT Ver.,23,0
2026-08-08T18:21:49+08:00,VideoCall·COMPACT Ver.,23,0
2026-08-08T18:22:00+08:00,VideoCall·COMPACT Ver.,23,0
2026-08-08T18:22:23+08:00,VideoCall·COMPACT Ver.,23,0
2026-08-08T18:22:34+08:00,VideoCall·COMPACT Ver.,23,0
2026-08-08T18:22:45+08:00,VideoCall·COMPACT Ver.,23,0
2026-08-08T18:22:56+08:00,VideoCall·COMPACT Ver.,23,0
2026-08-08T18:23:06+08:00,VideoCall·COMPACT Ver.,23,0
2026-08-08T18:23:17+08:00,VideoCall·COMPACT Ver.,23,0
2026-08-08T18:23:41+08:00,VideoCall·COMPACT Ver.,23,0
2026-08-08T18:23:52+08:00,VideoCall·COMPACT Ver.,23,0
2026-08-08T18:24:03+08:00,VideoCall·COMPACT Ver.,23,0
2026-08-08T18:24:14+08:00,VideoCall·COMPACT Ver.,23,0
2026-08-08T18:24:25+08:00,VideoCall·COMPACT Ver.,23,0
2026-08-08T18:24:35+08:00,VideoCall·COMPACT Ver.,23,0
2026-08-08T18:24:59+08:00,VideoCall·COMPACT Ver.,23,0
2026-08-08T18:25:10+08:00,VideoCall·COMPACT Ver.,23,0
2026-08-08T18:25:21+08:00,VideoCall·COMPACT Ver.,23,0
2026-08-08T18:25:32+08:00,VideoCall·COMPACT Ver.,23,0
2026-08-08T18:25:43+08:00,VideoCall·COMPACT Ver.,23,0
2026-08-08T18:25:54+08:00,VideoCall·COMPACT Ver.,23,0
2026-08-08T18:26:18+08:00,VideoCall·COMPACT Ver.,23,0
2026-08-08T18:26:28+08:00,VideoCall·COMPACT Ver.,23,0
2026-08-08T18:26:39+08:00,VideoCall·COMPACT Ver.,23,0
2026-08-08T18:26:50+08:00,VideoCall·COMPACT Ver.,23,0
2026-08-08T18:27:01+08:00,VideoCall·COMPACT Ver.,23,0
2026-08-08T18:27:12+08:00,VideoCall·COMPACT Ver.,23,0
2026-08-08T18:27:36+08:00,VideoCall·COMPACT Ver.,23,0
2026-08-08T18:27:46+08:00,VideoCall·COMPACT Ver.,23,0
2026-08-08T18:27:57+08:00,VideoCall·COMPACT Ver.,23,0
2026-08-08T18:28:08+08:00,VideoCall·COMPACT Ver.,23,0
2026-08-08T18:28:19+08:00,VideoCall·COMPACT Ver.,23,0
2026-08-08T18:28:30+08:00,VideoCall·COMPACT Ver.,23,0
2026-08-08T18:28:55+08:00,VideoCall·COMPACT Ver.,23,0
2026-08-08T18:29:06+08:00,VideoCall·COMPACT Ver.,23,0
2026-08-08T18:29:17+08:00,VideoCall·COMPACT Ver.,23,0
2026-08-08T18:29:27+08:00,VideoCall·COMPACT Ver.,23,0
2026-08-08T18:29:38+08:00,VideoCall·COMPACT Ver.,23,0
2026-08-08T18:29:49+08:00,VideoCall·COMPACT Ver.,23,0
2026-08-08T18:30:13+08:00,VideoCall·COMPACT Ver.,23,0
2026-08-08T18:30:24+08:00,VideoCall·COMPACT Ver.,23,0
2026-08-08T18:30:35+08:00,VideoCall·COMPACT Ver.,23,0
2026-08-08T18:30:46+08:00,VideoCall·COMPACT Ver.,23,0
2026-08-08T18:30:57+08:00,VideoCall·COMPACT Ver.,23,0
2026-08-08T18:31:08+08:00,VideoCall·COMPACT Ver.,23,0
2026-08-08T18:31:33+08:00,VideoCall·COMPACT Ver.,23,0
2026-08-08T18:31:44+08:00,VideoCall·COMPACT Ver.,23,0
2026-08-08T18:31:55+08:00,VideoCall·COMPACT Ver.,23,0
2026-08-08T18:32:06+08:00,VideoCall·COMPACT Ver.,23,0
2026-08-08T18:32:17+08:00,VideoCall·COMPACT Ver.,23,0
2026-08-08T18:32:29+08:00,VideoCall·COMPACT Ver.,23,0
2026-08-08T18:32:54+08:00,VideoCall·COMPACT Ver.,23,0
2026-08-08T18:33:05+08:00,VideoCall·COMPACT Ver.,23,0
2026-08-08T18:33:15+08:00,VideoCall·COMPACT Ver.,23,0
2026-08-08T18:33:26+08:00,VideoCall·COMPACT Ver.,23,0
2026-08-08T18:33:37+08:00,VideoCall·COMPACT Ver.,23,0
2026-08-08T18:33:48+08:00,VideoCall·COMPACT Ver.,23,0
2026-08-08T18:34:14+08:00,VideoCall·COMPACT Ver.,23,0
2026-08-08T18:34:25+08:00,VideoCall·COMPACT Ver.,23,0
2026-08-08T18:34:35+08:00,VideoCall·COMPACT Ver.,23,0
2026-08-08T18:34:46+08:00,VideoCall·COMPACT Ver.,23,0
2026-08-08T18:34:57+08:00,VideoCall·COMPACT Ver.,23,0
2026-08-08T18:35:08+08:00,VideoCall·COMPACT Ver.,23,0
2026-08-08T18:35:33+08:00,VideoCall·COMPACT Ver.,23,0
2026-08-08T18:35:44+08:00,VideoCall·COMPACT Ver.,23,0
2026-08-08T18:35:55+08:00,VideoCall·COMPACT Ver.,23,0
2026-08-08T18:36:05+08:00,VideoCall·COMPACT Ver.,23,0
2026-08-08T18:36:16+08:00,VideoCall·COMPACT Ver.,23,0
2026-08-08T18:36:28+08:00,VideoCall·COMPACT Ver.,23,0
2026-08-08T18:36:50+08:00,VideoCall·COMPACT Ver.,23,0
2026-08-08T18:37:01+08:00,VideoCall·COMPACT Ver.,23,0
2026-08-08T18:37:12+08:00,VideoCall·COMPACT Ver.,23,0
2026-08-08T18:37:23+08:00,VideoCall·COMPACT Ver.,23,0
2026-08-08T18:37:34+08:00,VideoCall·COMPACT Ver.,23,0
2026-08-08T18:37:45+08:00,VideoCall·COMPACT Ver.,23,0
2026-08-08T18:38:09+08:00,VideoCall·COMPACT Ver.,23,0
2026-08-08T18:38:20+08:00,VideoCall·COMPACT Ver.,23,0
2026-08-08T18:38:31+08:00,VideoCall·COMPACT Ver.,23,0
2026-08-08T18:38:42+08:00,VideoCall·COMPACT Ver.,23,0
2026-08-08T18:38:53+08:00,VideoCall·COMPACT Ver.,23,0
2026-08-08T18:39:03+08:00,VideoCall·COMPACT Ver.,23,0
2026-08-08T18:39:28+08:00,VideoCall·COMPACT Ver.,23,0
2026-08-08T18:39:39+08:00,VideoCall·COMPACT Ver.,23,0
2026-08-08T18:39:49+08:00,VideoCall·COMPACT Ver.,23,0
2026-08-08T18:40:00+08:00,VideoCall·COMPACT Ver.,23,0
2026-08-08T18:40:11+08:00,VideoCall·COMPACT Ver.,23,0
2026-08-08T18:40:22+08:00,VideoCall·COMPACT Ver.,23,0
2026-08-08T18:40:47+08:00,VideoCall·COMPACT Ver.,23,0
2026-08-08T18:40:58+08:00,VideoCall·COMPACT Ver.,23,0
2026-08-08T18:41:09+08:00,VideoCall·COMPACT Ver.,23,0
2026-08-08T18:41:20+08:00,VideoCall·COMPACT Ver.,23,0
2026-08-08T18:41:31+08:00,VideoCall·COMPACT Ver.,23,0
2026-08-08T18:41:41+08:00,VideoCall·COMPACT Ver.,23,0
2026-08-08T18:42:04+08:00,VideoCall·COMPACT Ver.,23,0
2026-08-08T18:42:15+08:00,VideoCall·COMPACT Ver.,23,0
2026-08-08T18:42:26+08:00,VideoCall·COMPACT Ver.,23,0
2026-08-08T18:42:37+08:00,VideoCall·COMPACT Ver.,23,0
2026-08-08T18:42:48+08:00,VideoCall·COMPACT Ver.,23,0
2026-08-08T18:42:59+08:00,VideoCall·COMPACT Ver.,23,0
2026-08-08T18:43:23+08:00,VideoCall·COMPACT Ver.,23,0
2026-08-08T18:43:34+08:00,VideoCall·COMPACT Ver.,23,0
2026-08-08T18:43:45+08:00,VideoCall·COMPACT Ver.,23,0
2026-08-08T18:43:56+08:00,VideoCall·COMPACT Ver.,23,0
2026-08-08T18:44:07+08:00,VideoCall·COMPACT Ver.,23,0
2026-08-08T18:44:18+08:00,VideoCall·COMPACT Ver.,23,0
2026-08-08T18:44:42+08:00,VideoCall·COMPACT Ver.,23,0
2026-08-08T18:44:53+08:00,VideoCall·COMPACT Ver.,23,0
2026-08-08T18:45:03+08:00,VideoCall·COMPACT Ver.,23,0
2026-08-08T18:45:14+08:00,VideoCall·COMPACT Ver.,23,0
2026-08-08T18:45:25+08:00,VideoCall·COMPACT Ver.,23,0
2026-08-08T18:45:36+08:00,VideoCall·COMPACT Ver.,23,0
2026-08-08T18:46:01+08:00,VideoCall·COMPACT Ver.,23,0
2026-08-08T18:46:12+08:00,VideoCall·COMPACT Ver.,23,0
2026-08-08T18:46:23+08:00,VideoCall·COMPACT Ver.,23,0
2026-08-08T18:46:34+08:00,VideoCall·COMPACT Ver.,23,0
2026-08-08T18:46:44+08:00,VideoCall·COMPACT Ver.,23,0
2026-08-08T18:46:55+08:00,VideoCall·COMPACT Ver.,23,0
2026-08-08T18:47:19+08:00,VideoCall·COMPACT Ver.,23,0
2026-08-08T18:47:29+08:00,VideoCall·COMPACT Ver.,23,0
2026-08-08T18:47:40+08:00,VideoCall·COMPACT Ver.,23,0
2026-08-08T18:47:51+08:00,VideoCall·COMPACT Ver.,23,0
2026-08-08T18:48:02+08:00,VideoCall·COMPACT Ver.,23,0
2026-08-08T18:48:12+08:00,VideoCall·COMPACT Ver.,23,0
2026-08-08T18:48:36+08:00,VideoCall·COMPACT Ver.,23,0
2026-08-08T18:48:47+08:00,VideoCall·COMPACT Ver.,23,0
2026-08-08T18:48:58+08:00,VideoCall·COMPACT Ver.,23,0
2026-08-08T18:49:09+08:00,VideoCall·COMPACT Ver.,23,0
2026-08-08T18:49:20+08:00,VideoCall·COMPACT Ver.,23,0
2026-08-08T18:49:30+08:00,VideoCall·COMPACT Ver.,23,0
2026-08-08T18:49:55+08:00,VideoCall·COMPACT Ver.,23,0
2026-08-08T18:50:06+08:00,VideoCall·COMPACT Ver.,23,0
2026-08-08T18:50:17+08:00,VideoCall·COMPACT Ver.,23,0
2026-08-08T18:50:28+08:00,VideoCall·COMPACT Ver.,23,0
2026-08-08T18:50:39+08:00,VideoCall·COMPACT Ver.,23,0
2026-08-08T18:50:50+08:00,VideoCall·COMPACT Ver.,23,0
2026-08-08T18:51:14+08:00,VideoCall·COMPACT Ver.,23,0
2026-08-08T18:51:25+08:00,VideoCall·COMPACT Ver.,23,0
2026-08-08T18:51:36+08:00,VideoCall·COMPACT Ver.,23,0
2026-08-08T18:51:47+08:00,VideoCall·COMPACT Ver.,23,0
2026-08-08T18:51:58+08:00,VideoCall·COMPACT Ver.,23,0
2026-08-08T18:52:09+08:00,VideoCall·COMPACT Ver.,23,0
2026-08-08T18:52:33+08:00,VideoCall·COMPACT Ver.,23,0
2026-08-08T18:52:44+08:00,VideoCall·COMPACT Ver.,23,0
2026-08-08T18:52:55+08:00,VideoCall·COMPACT Ver.,23,0
2026-08-08T18:53:06+08:00,VideoCall·COMPACT Ver.,23,0
2026-08-08T18:53:17+08:00,VideoCall·COMPACT Ver.,23,0
2026-08-08T18:53:28+08:00,VideoCall·COMPACT Ver.,23,0
2026-08-08T18:54:26+08:00,VideoCall·COMPACT Ver.,23,0
2026-08-08T18:54:38+08:00,VideoCall·COMPACT Ver.,23,0
2026-08-08T18:54:49+08:00,VideoCall·COMPACT Ver.,23,0
2026-08-08T18:55:00+08:00,VideoCall·COMPACT Ver.,23,0
2026-08-08T18:55:11+08:00,VideoCall·COMPACT Ver.,23,0
2026-08-08T18:55:21+08:00,VideoCall·COMPACT Ver.,23,0
2026-08-08T18:55:32+08:00,VideoCall·COMPACT Ver.,23,0
2026-08-08T18:55:57+08:00,VideoCall·COMPACT Ver.,23,0
2026-08-08T18:56:07+08:00,VideoCall·COMPACT Ver.,23,0
2026-08-08T18:56:19+08:00,VideoCall·COMPACT Ver.,23,0
2026-08-08T18:56:30+08:00,VideoCall·COMPACT Ver.,23,0
2026-08-08T18:56:40+08:00,VideoCall·COMPACT Ver.,23,0
2026-08-08T18:56:51+08:00,VideoCall·COMPACT Ver.,23,0
2026-08-08T18:57:16+08:00,VideoCall·COMPACT Ver.,23,0
2026-08-08T18:57:26+08:00,VideoCall·COMPACT Ver.,23,0
2026-08-08T18:57:37+08:00,VideoCall·COMPACT Ver.,23,0
2026-08-08T18:57:47+08:00,VideoCall·COMPACT Ver.,23,0
2026-08-08T18:57:59+08:00,VideoCall·COMPACT Ver.,23,0
2026-08-08T18:58:09+08:00,VideoCall·COMPACT Ver.,23,0
2026-08-08T18:58:34+08:00,VideoCall·COMPACT Ver.,23,0
2026-08-08T18:58:45+08:00,VideoCall·COMPACT Ver.,23,0
2026-08-08T18:58:56+08:00,VideoCall·COMPACT Ver.,23,0
2026-08-08T18:59:07+08:00,VideoCall·COMPACT Ver.,23,0
2026-08-08T18:59:18+08:00,VideoCall·COMPACT Ver.,23,0
2026-08-08T18:59:29+08:00,VideoCall·COMPACT Ver.,23,0
2026-08-08T18:59:53+08:00,VideoCall·COMPACT Ver.,23,0
2026-08-08T19:00:04+08:00,VideoCall·COMPACT Ver.,23,0
2026-08-08T19:00:15+08:00,VideoCall·COMPACT Ver.,23,0
2026-08-08T19:00:26+08:00,VideoCall·COMPACT Ver.,23,0
2026-08-08T19:00:37+08:00,VideoCall·COMPACT Ver.,23,0
2026-08-08T19:00:48+08:00,VideoCall·COMPACT Ver.,23,0
2026-08-08T19:01:11+08:00,VideoCall·COMPACT Ver.,23,0
2026-08-08T19:01:22+08:00,VideoCall·COMPACT Ver.,23,0
2026-08-08T19:01:33+08:00,VideoCall·COMPACT Ver.,23,0
2026-08-08T19:01:44+08:00,VideoCall·COMPACT Ver.,23,0
2026-08-08T19:01:55+08:00,VideoCall·COMPACT Ver.,23,0
2026-08-08T19:02:06+08:00,VideoCall·COMPACT Ver.,23,0
2026-08-08T19:02:30+08:00,VideoCall·COMPACT Ver.,23,0
2026-08-08T19:02:41+08:00,VideoCall·COMPACT Ver.,23,0
2026-08-08T19:02:52+08:00,VideoCall·COMPACT Ver.,23,0
2026-08-08T19:03:03+08:00,VideoCall·COMPACT Ver.,23,0
2026-08-08T19:03:14+08:00,VideoCall·COMPACT Ver.,23,0
2026-08-08T19:03:25+08:00,VideoCall·COMPACT Ver.,23,0
2026-08-08T19:03:49+08:00,VideoCall·COMPACT Ver.,23,0
2026-08-08T19:03:59+08:00,VideoCall·COMPACT Ver.,23,0
2026-08-08T19:04:10+08:00,VideoCall·COMPACT Ver.,23,0
2026-08-08T19:04:20+08:00,VideoCall·COMPACT Ver.,23,0
2026-08-08T19:04:31+08:00,VideoCall·COMPACT Ver.,23,0
2026-08-08T19:04:42+08:00,VideoCall·COMPACT Ver.,23,0
2026-08-08T19:05:05+08:00,VideoCall·COMPACT Ver.,23,0
2026-08-08T19:05:17+08:00,VideoCall·COMPACT Ver.,23,0
2026-08-08T19:05:28+08:00,VideoCall·COMPACT Ver.,23,0
2026-08-08T19:05:39+08:00,VideoCall·COMPACT Ver.,23,0
2026-08-08T19:05:50+08:00,VideoCall·COMPACT Ver.,23,0
2026-08-08T19:06:01+08:00,VideoCall·COMPACT Ver.,23,0
2026-08-08T19:06:28+08:00,VideoCall·COMPACT Ver.,23,0
2026-08-08T19:06:39+08:00,VideoCall·COMPACT Ver.,23,0
2026-08-08T19:06:50+08:00,VideoCall·COMPACT Ver.,23,0
2026-08-08T19:07:01+08:00,VideoCall·COMPACT Ver.,23,0
2026-08-08T19:07:12+08:00,VideoCall·COMPACT Ver.,23,0
2026-08-08T19:07:23+08:00,VideoCall·COMPACT Ver.,23,0
2026-08-08T19:07:47+08:00,VideoCall·COMPACT Ver.,23,0
2026-08-08T19:07:58+08:00,VideoCall·COMPACT Ver.,23,0
2026-08-08T19:08:09+08:00,VideoCall·COMPACT Ver.,23,0
2026-08-08T19:08:20+08:00,VideoCall·COMPACT Ver.,23,0
2026-08-08T19:08:31+08:00,VideoCall·COMPACT Ver.,23,0
2026-08-08T19:08:42+08:00,VideoCall·COMPACT Ver.,23,0
2026-08-08T19:09:06+08:00,VideoCall·COMPACT Ver.,23,0
2026-08-08T19:09:17+08:00,VideoCall·COMPACT Ver.,23,0
2026-08-08T19:09:28+08:00,VideoCall·COMPACT Ver.,23,0
2026-08-08T19:09:39+08:00,VideoCall·COMPACT Ver.,23,0
2026-08-08T19:09:49+08:00,VideoCall·COMPACT Ver.,23,0
2026-08-08T19:10:00+08:00,VideoCall·COMPACT Ver.,23,0
2026-08-08T19:10:25+08:00,VideoCall·COMPACT Ver.,23,0
2026-08-08T19:10:36+08:00,VideoCall·COMPACT Ver.,23,0
2026-08-08T19:10:47+08:00,VideoCall·COMPACT Ver.,23,0
2026-08-08T19:10:57+08:00,VideoCall·COMPACT Ver.,23,0
2026-08-08T19:11:08+08:00,VideoCall·COMPACT Ver.,23,0
2026-08-08T19:11:19+08:00,VideoCall·COMPACT Ver.,23,0
2026-08-08T19:11:44+08:00,VideoCall·COMPACT Ver.,23,0
2026-08-08T19:11:55+08:00,VideoCall·COMPACT Ver.,23,0
2026-08-08T19:12:06+08:00,VideoCall·COMPACT Ver.,23,0
2026-08-08T19:12:17+08:00,VideoCall·COMPACT Ver.,23,0
2026-08-08T19:12:27+08:00,VideoCall·COMPACT Ver.,23,0
2026-08-08T19:12:38+08:00,VideoCall·COMPACT Ver.,23,0
2026-08-08T19:13:03+08:00,VideoCall·COMPACT Ver.,23,0
2026-08-08T19:13:14+08:00,VideoCall·COMPACT Ver.,23,0
2026-08-08T19:13:25+08:00,VideoCall·COMPACT Ver.,23,0
2026-08-08T19:13:36+08:00,VideoCall·COMPACT Ver.,23,0
2026-08-08T19:13:47+08:00,VideoCall·COMPACT Ver.,23,0
2026-08-08T19:13:57+08:00,VideoCall·COMPACT Ver.,23,0
2026-08-08T19:14:22+08:00,VideoCall·COMPACT Ver.,23,0
2026-08-08T19:14:33+08:00,VideoCall·COMPACT Ver.,23,0
2026-08-08T19:14:44+08:00,VideoCall·COMPACT Ver.,23,0
2026-08-08T19:14:54+08:00,VideoCall·COMPACT Ver.,23,0
2026-08-08T19:15:05+08:00,VideoCall·COMPACT Ver.,23,0
2026-08-08T19:15:17+08:00,VideoCall·COMPACT Ver.,23,0
2026-08-08T19:15:41+08:00,VideoCall·COMPACT Ver.,23,0
2026-08-08T19:15:52+08:00,VideoCall·COMPACT Ver.,23,0
2026-08-08T19:16:03+08:00,VideoCall·COMPACT Ver.,23,0
2026-08-08T19:16:14+08:00,VideoCall·COMPACT Ver.,23,0
2026-08-08T19:16:25+08:00,VideoCall·COMPACT Ver.,23,0
2026-08-08T19:16:35+08:00,VideoCall·COMPACT Ver.,23,0
2026-08-08T19:16:59+08:00,VideoCall·COMPACT Ver.,23,0
2026-08-08T19:17:10+08:00,VideoCall·COMPACT Ver.,23,0
2026-08-08T19:17:21+08:00,VideoCall·COMPACT Ver.,23,0
2026-08-08T19:17:32+08:00,VideoCall·COMPACT Ver.,23,0
2026-08-08T19:17:43+08:00,VideoCall·COMPACT Ver.,23,0
2026-08-08T19:17:54+08:00,VideoCall·COMPACT Ver.,23,0
2026-08-08T19:18:17+08:00,VideoCall·COMPACT Ver.,23,0
2026-08-08T19:18:28+08:00,VideoCall·COMPACT Ver.,23,0
2026-08-08T19:18:38+08:00,VideoCall·COMPACT Ver.,23,0
2026-08-08T19:18:49+08:00,VideoCall·COMPACT Ver.,23,0
2026-08-08T19:19:00+08:00,VideoCall·COMPACT Ver.,23,0
2026-08-08T19:19:11+08:00,VideoCall·COMPACT Ver.,23,0
2026-08-08T19:19:36+08:00,VideoCall·COMPACT Ver.,23,0
2026-08-08T19:19:47+08:00,VideoCall·COMPACT Ver.,23,0
2026-08-08T19:19:58+08:00,VideoCall·COMPACT Ver.,23,0
2026-08-08T19:20:09+08:00,VideoCall·COMPACT Ver.,23,0
2026-08-08T19:20:20+08:00,VideoCall·COMPACT Ver.,23,0
2026-08-08T19:20:31+08:00,VideoCall·COMPACT Ver.,23,0
2026-08-08T19:20:56+08:00,VideoCall·COMPACT Ver.,23,0
2026-08-08T19:21:07+08:00,VideoCall·COMPACT Ver.,23,0
2026-08-08T19:21:18+08:00,VideoCall·COMPACT Ver.,23,0
2026-08-08T19:21:28+08:00,VideoCall·COMPACT Ver.,23,0
2026-08-08T19:21:39+08:00,VideoCall·COMPACT Ver.,23,0
2026-08-08T19:21:50+08:00,VideoCall·COMPACT Ver.,23,0
2026-08-08T19:22:14+08:00,VideoCall·COMPACT Ver.,23,0
2026-08-08T19:22:24+08:00,VideoCall·COMPACT Ver.,23,0
2026-08-08T19:22:35+08:00,VideoCall·COMPACT Ver.,23,0
2026-08-08T19:22:46+08:00,VideoCall·COMPACT Ver.,23,0
2026-08-08T19:22:56+08:00,VideoCall·COMPACT Ver.,23,0
2026-08-08T19:23:07+08:00,VideoCall·COMPACT Ver.,23,0
2026-08-08T19:23:30+08:00,VideoCall·COMPACT Ver.,23,0
2026-08-08T19:23:42+08:00,VideoCall·COMPACT Ver.,23,0
2026-08-08T19:23:53+08:00,VideoCall·COMPACT Ver.,23,0
2026-08-08T19:24:03+08:00,VideoCall·COMPACT Ver.,23,0
2026-08-08T19:24:14+08:00,VideoCall·COMPACT Ver.,23,0
2026-08-08T19:24:25+08:00,VideoCall·COMPACT Ver.,23,0
2026-08-08T19:24:50+08:00,VideoCall·COMPACT Ver.,23,0
2026-08-08T19:25:01+08:00,VideoCall·COMPACT Ver.,23,0
2026-08-08T19:25:12+08:00,VideoCall·COMPACT Ver.,23,0
2026-08-08T19:25:22+08:00,VideoCall·COMPACT Ver.,23,0
2026-08-08T19:25:33+08:00,VideoCall·COMPACT Ver.,23,0
2026-08-08T19:25:44+08:00,VideoCall·COMPACT Ver.,23,0
2026-08-08T19:26:09+08:00,VideoCall·COMPACT Ver.,23,0
2026-08-08T19:26:20+08:00,VideoCall·COMPACT Ver.,23,0
2026-08-08T19:26:31+08:00,VideoCall·COMPACT Ver.,23,0
2026-08-08T19:26:41+08:00,VideoCall·COMPACT Ver.,23,0
2026-08-08T19:26:52+08:00,VideoCall·COMPACT Ver.,23,0
2026-08-08T19:27:03+08:00,VideoCall·COMPACT Ver.,23,0
2026-08-08T19:27:27+08:00,VideoCall·COMPACT Ver.,23,0
2026-08-08T19:27:38+08:00,VideoCall·COMPACT Ver.,23,0
2026-08-08T19:27:49+08:00,VideoCall·COMPACT Ver.,23,0
2026-08-08T19:28:00+08:00,VideoCall·COMPACT Ver.,23,0
2026-08-08T19:28:11+08:00,VideoCall·COMPACT Ver.,23,0
2026-08-08T19:28:22+08:00,VideoCall·COMPACT Ver.,23,0
2026-08-08T19:28:46+08:00,VideoCall·COMPACT Ver.,23,0
2026-08-08T19:28:57+08:00,VideoCall·COMPACT Ver.,23,0
2026-08-08T19:29:08+08:00,VideoCall·COMPACT Ver.,23,0
2026-08-08T19:29:19+08:00,VideoCall·COMPACT Ver.,23,0
2026-08-08T19:29:29+08:00,VideoCall·COMPACT Ver.,23,0
2026-08-08T19:29:40+08:00,VideoCall·COMPACT Ver.,23,0
2026-08-08T19:30:06+08:00,VideoCall·COMPACT Ver.,23,0
2026-08-08T19:30:17+08:00,VideoCall·COMPACT Ver.,23,0
2026-08-08T19:30:28+08:00,VideoCall·COMPACT Ver.,23,0
2026-08-08T19:30:39+08:00,VideoCall·COMPACT Ver.,23,0
2026-08-08T19:30:50+08:00,VideoCall·COMPACT Ver.,23,0
2026-08-08T19:31:01+08:00,VideoCall·COMPACT Ver.,23,0
2026-08-08T19:32:34+08:00,VideoCall·COMPACT Ver.,23,0
2026-08-08T19:32:45+08:00,VideoCall·COMPACT Ver.,23,0
2026-08-08T19:32:56+08:00,VideoCall·COMPACT Ver.,23,0
2026-08-08T19:33:06+08:00,VideoCall·COMPACT Ver.,23,0
2026-08-08T19:33:17+08:00,VideoCall·COMPACT Ver.,23,0
2026-08-08T19:33:28+08:00,VideoCall·COMPACT Ver.,23,0
2026-08-08T19:33:38+08:00,VideoCall·COMPACT Ver.,23,0
2026-08-08T19:34:03+08:00,VideoCall·COMPACT Ver.,23,0
2026-08-08T19:34:13+08:00,VideoCall·COMPACT Ver.,23,0
2026-08-08T19:34:25+08:00,VideoCall·COMPACT Ver.,23,0
2026-08-08T19:34:35+08:00,VideoCall·COMPACT Ver.,23,0
2026-08-08T19:34:47+08:00,VideoCall·COMPACT Ver.,23,0
2026-08-08T19:34:58+08:00,VideoCall·COMPACT Ver.,23,0
2026-08-08T19:35:21+08:00,VideoCall·COMPACT Ver.,23,0
2026-08-08T19:35:32+08:00,VideoCall·COMPACT Ver.,23,0
2026-08-08T19:35:43+08:00,VideoCall·COMPACT Ver.,23,0
2026-08-08T19:35:54+08:00,VideoCall·COMPACT Ver.,23,0
2026-08-08T19:36:05+08:00,VideoCall·COMPACT Ver.,23,0
2026-08-08T19:36:16+08:00,VideoCall·COMPACT Ver.,23,0
2026-08-08T19:36:40+08:00,VideoCall·COMPACT Ver.,23,0
2026-08-08T19:36:51+08:00,VideoCall·COMPACT Ver.,23,0
2026-08-08T19:37:02+08:00,VideoCall·COMPACT Ver.,23,0
2026-08-08T19:37:13+08:00,VideoCall·COMPACT Ver.,23,0
2026-08-08T19:37:24+08:00,VideoCall·COMPACT Ver.,23,0
2026-08-08T19:37:36+08:00,VideoCall·COMPACT Ver.,23,0
2026-08-08T19:37:59+08:00,VideoCall·COMPACT Ver.,23,0
2026-08-08T19:38:11+08:00,VideoCall·COMPACT Ver.,23,0
2026-08-08T19:38:22+08:00,VideoCall·COMPACT Ver.,23,0
2026-08-08T19:38:32+08:00,VideoCall·COMPACT Ver.,23,0
2026-08-08T19:38:43+08:00,VideoCall·COMPACT Ver.,23,0
2026-08-08T19:38:54+08:00,VideoCall·COMPACT Ver.,23,0
2026-08-08T19:39:18+08:00,VideoCall·COMPACT Ver.,23,0
2026-08-08T19:39:29+08:00,VideoCall·COMPACT Ver.,23,0
2026-08-08T19:39:40+08:00,VideoCall·COMPACT Ver.,23,0
2026-08-08T19:39:50+08:00,VideoCall·COMPACT Ver.,23,0
2026-08-08T19:40:02+08:00,VideoCall·COMPACT Ver.,23,0
2026-08-08T19:40:13+08:00,VideoCall·COMPACT Ver.,23,0
2026-08-08T19:40:36+08:00,VideoCall·COMPACT Ver.,23,0
2026-08-08T19:40:47+08:00,VideoCall·COMPACT Ver.,23,0
2026-08-08T19:40:58+08:00,VideoCall·COMPACT Ver.,23,0
2026-08-08T19:41:09+08:00,VideoCall·COMPACT Ver.,23,0
2026-08-08T19:41:20+08:00,VideoCall·COMPACT Ver.,23,0
2026-08-08T19:41:31+08:00,VideoCall·COMPACT Ver.,23,0
2026-08-08T19:41:56+08:00,VideoCall·COMPACT Ver.,23,0
2026-08-08T19:42:07+08:00,VideoCall·COMPACT Ver.,23,0
2026-08-08T19:42:18+08:00,VideoCall·COMPACT Ver.,23,0
2026-08-08T19:42:29+08:00,VideoCall·COMPACT Ver.,23,0
2026-08-08T19:42:39+08:00,VideoCall·COMPACT Ver.,23,0
2026-08-08T19:42:50+08:00,VideoCall·COMPACT Ver.,23,0
2026-08-08T19:43:15+08:00,VideoCall·COMPACT Ver.,23,0
2026-08-08T19:43:26+08:00,VideoCall·COMPACT Ver.,23,0
2026-08-08T19:43:37+08:00,VideoCall·COMPACT Ver.,23,0
2026-08-08T19:43:48+08:00,VideoCall·COMPACT Ver.,23,0
2026-08-08T19:43:59+08:00,VideoCall·COMPACT Ver.,23,0
2026-08-08T19:44:10+08:00,VideoCall·COMPACT Ver.,23,0
2026-08-08T19:44:35+08:00,VideoCall·COMPACT Ver.,23,0
2026-08-08T19:44:46+08:00,VideoCall·COMPACT Ver.,23,0
2026-08-08T19:44:57+08:00,VideoCall·COMPACT Ver.,23,0
2026-08-08T19:45:07+08:00,VideoCall·COMPACT Ver.,23,0
2026-08-08T19:45:18+08:00,VideoCall·COMPACT Ver.,23,0
2026-08-08T19:45:29+08:00,VideoCall·COMPACT Ver.,23,0
2026-08-08T19:45:52+08:00,VideoCall·COMPACT Ver.,23,0
2026-08-08T19:46:03+08:00,VideoCall·COMPACT Ver.,23,0
2026-08-08T19:46:14+08:00,VideoCall·COMPACT Ver.,23,0
2026-08-08T19:46:24+08:00,VideoCall·COMPACT Ver.,23,0
2026-08-08T19:46:35+08:00,VideoCall·COMPACT Ver.,23,0
2026-08-08T19:46:46+08:00,VideoCall·COMPACT Ver.,23,0
2026-08-08T19:47:11+08:00,VideoCall·COMPACT Ver.,23,0
2026-08-08T19:47:22+08:00,VideoCall·COMPACT Ver.,23,0
2026-08-08T19:47:33+08:00,VideoCall·COMPACT Ver.,23,0
2026-08-08T19:47:44+08:00,VideoCall·COMPACT Ver.,23,0
2026-08-08T19:47:55+08:00,VideoCall·COMPACT Ver.,23,0
2026-08-08T19:48:06+08:00,VideoCall·COMPACT Ver.,23,0
2026-08-08T19:48:30+08:00,VideoCall·COMPACT Ver.,23,0
2026-08-08T19:48:41+08:00,VideoCall·COMPACT Ver.,23,0
2026-08-08T19:48:52+08:00,VideoCall·COMPACT Ver.,23,0
2026-08-08T19:49:03+08:00,VideoCall·COMPACT Ver.,23,0
2026-08-08T19:49:14+08:00,VideoCall·COMPACT Ver.,23,0
2026-08-08T19:49:24+08:00,VideoCall·COMPACT Ver.,23,0
2026-08-08T19:49:49+08:00,VideoCall·COMPACT Ver.,23,0
2026-08-08T19:50:00+08:00,VideoCall·COMPACT Ver.,23,0
2026-08-08T19:50:10+08:00,VideoCall·COMPACT Ver.,23,0
2026-08-08T19:50:21+08:00,VideoCall·COMPACT Ver.,23,0
2026-08-08T19:50:32+08:00,VideoCall·COMPACT Ver.,23,0
2026-08-08T19:50:44+08:00,VideoCall·COMPACT Ver.,23,0
2026-08-08T19:51:08+08:00,VideoCall·COMPACT Ver.,23,0
2026-08-08T19:51:19+08:00,VideoCall·COMPACT Ver.,23,0
2026-08-08T19:51:29+08:00,VideoCall·COMPACT Ver.,23,0
2026-08-08T19:51:40+08:00,VideoCall·COMPACT Ver.,23,0
2026-08-08T19:51:51+08:00,VideoCall·COMPACT Ver.,23,0
2026-08-08T19:52:02+08:00,VideoCall·COMPACT Ver.,23,0
2026-08-08T19:52:26+08:00,VideoCall·COMPACT Ver.,23,0
2026-08-08T19:52:37+08:00,VideoCall·COMPACT Ver.,23,0
2026-08-08T19:52:48+08:00,VideoCall·COMPACT Ver.,23,0
2026-08-08T19:52:59+08:00,VideoCall·COMPACT Ver.,23,0
2026-08-08T19:53:10+08:00,VideoCall·COMPACT Ver.,23,0
2026-08-08T19:53:20+08:00,VideoCall·COMPACT Ver.,23,0
2026-08-08T19:53:45+08:00,VideoCall·COMPACT Ver.,23,0
2026-08-08T19:53:56+08:00,VideoCall·COMPACT Ver.,23,0
2026-08-08T19:54:11+08:00,VideoCall·COMPACT Ver.,23,0
2026-08-08T19:54:22+08:00,VideoCall·COMPACT Ver.,23,0
2026-08-08T19:54:33+08:00,VideoCall·COMPACT Ver.,23,0
2026-08-08T19:54:56+08:00,VideoCall·COMPACT Ver.,23,0
2026-08-08T19:55:07+08:00,VideoCall·COMPACT Ver.,23,0
2026-08-08T19:55:18+08:00,VideoCall·COMPACT Ver.,23,0
2026-08-08T19:55:29+08:00,VideoCall·COMPACT Ver.,23,0
2026-08-08T19:55:40+08:00,VideoCall·COMPACT Ver.,23,0
2026-08-08T19:55:51+08:00,VideoCall·COMPACT Ver.,23,0
2026-08-08T19:56:15+08:00,VideoCall·COMPACT Ver.,23,0
2026-08-08T19:56:26+08:00,VideoCall·COMPACT Ver.,23,0
2026-08-08T19:56:37+08:00,VideoCall·COMPACT Ver.,23,0
2026-08-08T19:56:48+08:00,VideoCall·COMPACT Ver.,23,0
2026-08-08T19:56:58+08:00,VideoCall·COMPACT Ver.,23,0
2026-08-08T19:57:09+08:00,VideoCall·COMPACT Ver.,23,0
2026-08-08T19:57:36+08:00,VideoCall·COMPACT Ver.,23,0
2026-08-08T19:57:47+08:00,VideoCall·COMPACT Ver.,23,0
2026-08-08T19:57:58+08:00,VideoCall·COMPACT Ver.,23,0
2026-08-08T19:58:09+08:00,VideoCall·COMPACT Ver.,23,0
2026-08-08T19:58:19+08:00,VideoCall·COMPACT Ver.,23,0
2026-08-08T19:58:30+08:00,VideoCall·COMPACT Ver.,23,0
2026-08-08T19:58:56+08:00,VideoCall·COMPACT Ver.,23,0
2026-08-08T19:59:07+08:00,VideoCall·COMPACT Ver.,23,0
2026-08-08T19:59:18+08:00,VideoCall·COMPACT Ver.,23,0
2026-08-08T19:59:29+08:00,VideoCall·COMPACT Ver.,23,0
2026-08-08T19:59:39+08:00,VideoCall·COMPACT Ver.,23,0
2026-08-08T19:59:50+08:00,VideoCall·COMPACT Ver.,23,0
2026-08-08T20:00:15+08:00,VideoCall·COMPACT Ver.,23,0
2026-08-08T20:00:26+08:00,VideoCall·COMPACT Ver.,23,0
2026-08-08T20:00:37+08:00,VideoCall·COMPACT Ver.,23,0
2026-08-08T20:00:49+08:00,VideoCall·COMPACT Ver.,23,0
2026-08-08T20:01:00+08:00,VideoCall·COMPACT Ver.,23,0
2026-08-08T20:01:11+08:00,VideoCall·COMPACT Ver.,23,0
2026-08-08T20:01:36+08:00,VideoCall·COMPACT Ver.,23,0
2026-08-08T20:01:46+08:00,VideoCall·COMPACT Ver.,23,0
2026-08-08T20:01:57+08:00,VideoCall·COMPACT Ver.,23,0
2026-08-08T20:02:08+08:00,VideoCall·COMPACT Ver.,23,0
2026-08-08T20:02:19+08:00,VideoCall·COMPACT Ver.,23,0
2026-08-08T20:02:30+08:00,VideoCall·COMPACT Ver.,23,0
2026-08-08T20:03:10+08:00,VideoCall·COMPACT Ver.,23,0
2026-08-08T20:03:21+08:00,VideoCall·COMPACT Ver.,23,0
2026-08-08T20:03:31+08:00,VideoCall·COMPACT Ver.,23,0
2026-08-08T20:03:41+08:00,VideoCall·COMPACT Ver.,23,0
2026-08-08T20:03:52+08:00,VideoCall·COMPACT Ver.,23,0
2026-08-08T20:04:02+08:00,VideoCall·COMPACT Ver.,23,0
2026-08-08T20:04:13+08:00,VideoCall·COMPACT Ver.,23,0
2026-08-08T20:04:35+08:00,VideoCall·COMPACT Ver.,23,0
2026-08-08T20:04:45+08:00,VideoCall·COMPACT Ver.,23,0
2026-08-08T20:04:55+08:00,VideoCall·COMPACT Ver.,23,0
2026-08-08T20:05:06+08:00,VideoCall·COMPACT Ver.,23,0
2026-08-08T20:05:16+08:00,VideoCall·COMPACT Ver.,23,0
2026-08-08T20:05:26+08:00,VideoCall·COMPACT Ver.,23,0
2026-08-08T20:05:49+08:00,VideoCall·COMPACT Ver.,23,0
2026-08-08T20:06:00+08:00,VideoCall·COMPACT Ver.,23,0
2026-08-08T20:06:10+08:00,VideoCall·COMPACT Ver.,23,0
2026-08-08T20:06:21+08:00,VideoCall·COMPACT Ver.,23,0
2026-08-08T20:06:32+08:00,VideoCall·COMPACT Ver.,23,0
2026-08-08T20:06:43+08:00,VideoCall·COMPACT Ver.,23,0
2026-08-08T20:07:04+08:00,VideoCall·COMPACT Ver.,23,0
2026-08-08T20:07:14+08:00,VideoCall·COMPACT Ver.,23,0
2026-08-08T20:07:25+08:00,VideoCall·COMPACT Ver.,23,0
2026-08-08T20:07:36+08:00,VideoCall·COMPACT Ver.,23,0
2026-08-08T20:07:46+08:00,VideoCall·COMPACT Ver.,23,0
2026-08-08T20:07:57+08:00,VideoCall·COMPACT Ver.,23,0
2026-08-08T20:08:19+08:00,VideoCall·COMPACT Ver.,23,0
2026-08-08T20:08:29+08:00,VideoCall·COMPACT Ver.,23,0
2026-08-08T20:08:40+08:00,VideoCall·COMPACT Ver.,23,0
2026-08-08T20:08:50+08:00,VideoCall·COMPACT Ver.,23,0
2026-08-08T20:09:01+08:00,VideoCall·COMPACT Ver.,23,0
2026-08-08T20:09:11+08:00,VideoCall·COMPACT Ver.,23,0
2026-08-08T20:09:34+08:00,VideoCall·COMPACT Ver.,23,0
2026-08-08T20:09:45+08:00,VideoCall·COMPACT Ver.,23,0
2026-08-08T20:09:55+08:00,VideoCall·COMPACT Ver.,23,0
2026-08-08T20:10:06+08:00,VideoCall·COMPACT Ver.,23,0
2026-08-08T20:10:16+08:00,VideoCall·COMPACT Ver.,23,0
2026-08-08T20:10:27+08:00,VideoCall·COMPACT Ver.,23,0
2026-08-08T20:10:48+08:00,VideoCall·COMPACT Ver.,23,0
2026-08-08T20:10:58+08:00,VideoCall·COMPACT Ver.,23,0
2026-08-08T20:11:09+08:00,VideoCall·COMPACT Ver.,23,0
2026-08-08T20:11:20+08:00,VideoCall·COMPACT Ver.,23,0
2026-08-08T20:11:30+08:00,VideoCall·COMPACT Ver.,23,0
2026-08-08T20:11:41+08:00,VideoCall·COMPACT Ver.,23,0
2026-08-08T20:12:02+08:00,VideoCall·COMPACT Ver.,23,0
2026-08-08T20:12:13+08:00,VideoCall·COMPACT Ver.,23,0
2026-08-08T20:12:23+08:00,VideoCall·COMPACT Ver.,23,0
2026-08-08T20:12:33+08:00,VideoCall·COMPACT Ver.,23,0
2026-08-08T20:12:44+08:00,VideoCall·COMPACT Ver.,23,0
2026-08-08T20:12:54+08:00,VideoCall·COMPACT Ver.,23,0
2026-08-08T20:13:16+08:00,VideoCall·COMPACT Ver.,23,0
2026-08-08T20:13:27+08:00,VideoCall·COMPACT Ver.,23,0
2026-08-08T20:13:38+08:00,VideoCall·COMPACT Ver.,23,0
2026-08-08T20:13:48+08:00,VideoCall·COMPACT Ver.,23,0
2026-08-08T20:13:58+08:00,VideoCall·COMPACT Ver.,23,0
2026-08-08T20:14:09+08:00,VideoCall·COMPACT Ver.,23,0
2026-08-08T20:14:31+08:00,VideoCall·COMPACT Ver.,23,0
2026-08-08T20:14:42+08:00,VideoCall·COMPACT Ver.,23,0
2026-08-08T20:14:52+08:00,VideoCall·COMPACT Ver.,23,0
2026-08-08T20:15:02+08:00,VideoCall·COMPACT Ver.,23,0
2026-08-08T20:15:13+08:00,VideoCall·COMPACT Ver.,23,0
2026-08-08T20:15:23+08:00,VideoCall·COMPACT Ver.,23,0
2026-08-08T20:15:45+08:00,VideoCall·COMPACT Ver.,23,0
2026-08-08T20:15:56+08:00,VideoCall·COMPACT Ver.,23,0
2026-08-08T20:16:06+08:00,VideoCall·COMPACT Ver.,23,0
2026-08-08T20:16:17+08:00,VideoCall·COMPACT Ver.,23,0
2026-08-08T20:16:27+08:00,VideoCall·COMPACT Ver.,23,0
2026-08-08T20:16:37+08:00,VideoCall·COMPACT Ver.,23,0
2026-08-08T20:16:59+08:00,VideoCall·COMPACT Ver.,23,0
2026-08-08T20:17:10+08:00,VideoCall·COMPACT Ver.,23,0
2026-08-08T20:17:20+08:00,VideoCall·COMPACT Ver.,23,0
2026-08-08T20:17:30+08:00,VideoCall·COMPACT Ver.,23,0
2026-08-08T20:17:41+08:00,VideoCall·COMPACT Ver.,23,0
2026-08-08T20:17:52+08:00,VideoCall·COMPACT Ver.,23,0
2026-08-08T20:18:14+08:00,VideoCall·COMPACT Ver.,23,0
2026-08-08T20:18:25+08:00,VideoCall·COMPACT Ver.,23,0
2026-08-08T20:18:35+08:00,VideoCall·COMPACT Ver.,23,0
2026-08-08T20:18:46+08:00,VideoCall·COMPACT Ver.,23,0
2026-08-08T20:18:56+08:00,VideoCall·COMPACT Ver.,23,0
2026-08-08T20:19:07+08:00,VideoCall·COMPACT Ver.,23,0
2026-08-08T20:19:29+08:00,VideoCall·COMPACT Ver.,23,0
2026-08-08T20:19:39+08:00,VideoCall·COMPACT Ver.,23,0
2026-08-08T20:19:50+08:00,VideoCall·COMPACT Ver.,23,0
2026-08-08T20:20:00+08:00,VideoCall·COMPACT Ver.,23,0
2026-08-08T20:20:11+08:00,VideoCall·COMPACT Ver.,23,0
2026-08-08T20:20:22+08:00,VideoCall·COMPACT Ver.,23,0
2026-08-08T20:20:43+08:00,VideoCall·COMPACT Ver.,23,0
2026-08-08T20:20:54+08:00,VideoCall·COMPACT Ver.,23,0
2026-08-08T20:21:04+08:00,VideoCall·COMPACT Ver.,23,0
2026-08-08T20:21:15+08:00,VideoCall·COMPACT Ver.,23,0
2026-08-08T20:21:25+08:00,VideoCall·COMPACT Ver.,23,0
2026-08-08T20:21:35+08:00,VideoCall·COMPACT Ver.,23,0
2026-08-08T20:21:57+08:00,VideoCall·COMPACT Ver.,23,0
2026-08-08T20:22:07+08:00,VideoCall·COMPACT Ver.,23,0
2026-08-08T20:22:18+08:00,VideoCall·COMPACT Ver.,23,0
2026-08-08T20:22:28+08:00,VideoCall·COMPACT Ver.,23,0
2026-08-08T20:22:39+08:00,VideoCall·COMPACT Ver.,23,0
2026-08-08T20:22:49+08:00,VideoCall·COMPACT Ver.,23,0
2026-08-08T20:23:11+08:00,VideoCall·COMPACT Ver.,23,0
2026-08-08T20:23:25+08:00,VideoCall·COMPACT Ver.,23,0
2026-08-08T20:23:35+08:00,VideoCall·COMPACT Ver.,23,0
2026-08-08T20:23:46+08:00,VideoCall·COMPACT Ver.,23,0
2026-08-08T20:23:56+08:00,VideoCall·COMPACT Ver.,23,0
2026-08-08T20:24:07+08:00,VideoCall·COMPACT Ver.,23,0
2026-08-08T20:24:29+08:00,VideoCall·COMPACT Ver.,23,0
2026-08-08T20:24:39+08:00,VideoCall·COMPACT Ver.,23,0
2026-08-08T20:24:50+08:00,VideoCall·COMPACT Ver.,23,0
2026-08-08T20:25:00+08:00,VideoCall·COMPACT Ver.,23,0
2026-08-08T20:25:10+08:00,VideoCall·COMPACT Ver.,23,0
2026-08-08T20:25:21+08:00,VideoCall·COMPACT Ver.,23,0
2026-08-08T20:25:42+08:00,VideoCall·COMPACT Ver.,23,0
2026-08-08T20:25:53+08:00,VideoCall·COMPACT Ver.,23,0
2026-08-08T20:26:03+08:00,VideoCall·COMPACT Ver.,23,0
2026-08-08T20:26:13+08:00,VideoCall·COMPACT Ver.,23,0
2026-08-08T20:26:24+08:00,VideoCall·COMPACT Ver.,23,0
2026-08-08T20:26:34+08:00,VideoCall·COMPACT Ver.,23,0
2026-08-08T20:26:56+08:00,VideoCall·COMPACT Ver.,23,0
2026-08-08T20:27:07+08:00,VideoCall·COMPACT Ver.,23,0
2026-08-08T20:27:17+08:00,VideoCall·COMPACT Ver.,23,0
2026-08-08T20:27:28+08:00,VideoCall·COMPACT Ver.,23,0
2026-08-08T20:27:38+08:00,VideoCall·COMPACT Ver.,23,0
2026-08-08T20:27:48+08:00,VideoCall·COMPACT Ver.,23,0
2026-08-08T20:28:11+08:00,VideoCall·COMPACT Ver.,23,0
2026-08-08T20:28:22+08:00,VideoCall·COMPACT Ver.,23,0
2026-08-08T20:28:32+08:00,VideoCall·COMPACT Ver.,23,0
2026-08-08T20:28:43+08:00,VideoCall·COMPACT Ver.,23,0
2026-08-08T20:28:54+08:00,VideoCall·COMPACT Ver.,23,0
2026-08-08T20:29:04+08:00,VideoCall·COMPACT Ver.,23,0
2026-08-08T20:29:27+08:00,VideoCall·COMPACT Ver.,23,0
2026-08-08T20:29:38+08:00,VideoCall·COMPACT Ver.,23,0
2026-08-08T20:29:48+08:00,VideoCall·COMPACT Ver.,23,0
2026-08-08T20:29:59+08:00,VideoCall·COMPACT Ver.,23,0
2026-08-08T20:30:09+08:00,VideoCall·COMPACT Ver.,23,0
2026-08-08T20:30:20+08:00,VideoCall·COMPACT Ver.,23,0
2026-08-08T20:30:41+08:00,VideoCall·COMPACT Ver.,23,0
2026-08-08T20:30:51+08:00,VideoCall·COMPACT Ver.,23,0
2026-08-08T20:31:02+08:00,VideoCall·COMPACT Ver.,23,0
2026-08-08T20:31:12+08:00,VideoCall·COMPACT Ver.,23,0
2026-08-08T20:31:23+08:00,VideoCall·COMPACT Ver.,23,0
2026-08-08T20:31:33+08:00,VideoCall·COMPACT Ver.,23,0
2026-08-08T20:31:55+08:00,VideoCall·COMPACT Ver.,23,0
2026-08-08T20:32:05+08:00,VideoCall·COMPACT Ver.,23,0
2026-08-08T20:32:16+08:00,VideoCall·COMPACT Ver.,23,0
2026-08-08T20:32:26+08:00,VideoCall·COMPACT Ver.,23,0
2026-08-08T20:32:36+08:00,VideoCall·COMPACT Ver.,23,0
2026-08-08T20:32:47+08:00,VideoCall·COMPACT Ver.,23,0
2026-08-08T20:33:09+08:00,VideoCall·COMPACT Ver.,23,0
2026-08-08T20:33:19+08:00,VideoCall·COMPACT Ver.,23,0
2026-08-08T20:33:30+08:00,VideoCall·COMPACT Ver.,23,0
2026-08-08T20:33:40+08:00,VideoCall·COMPACT Ver.,23,0
2026-08-08T20:33:51+08:00,VideoCall·COMPACT Ver.,23,0
2026-08-08T20:34:02+08:00,VideoCall·COMPACT Ver.,23,0
2026-08-08T20:34:23+08:00,VideoCall·COMPACT Ver.,23,0
2026-08-08T20:34:34+08:00,VideoCall·COMPACT Ver.,23,0
2026-08-08T20:34:44+08:00,VideoCall·COMPACT Ver.,23,0
2026-08-08T20:34:54+08:00,VideoCall·COMPACT Ver.,23,0
2026-08-08T20:35:05+08:00,VideoCall·COMPACT Ver.,23,0
2026-08-08T20:35:15+08:00,VideoCall·COMPACT Ver.,23,0
2026-08-08T20:35:36+08:00,VideoCall·COMPACT Ver.,23,0
2026-08-08T20:35:46+08:00,VideoCall·COMPACT Ver.,23,0
2026-08-08T20:35:57+08:00,VideoCall·COMPACT Ver.,23,0
2026-08-08T20:36:07+08:00,VideoCall·COMPACT Ver.,23,0
2026-08-08T20:36:17+08:00,VideoCall·COMPACT Ver.,23,0
2026-08-08T20:36:28+08:00,VideoCall·COMPACT Ver.,23,0
2026-08-08T20:36:49+08:00,VideoCall·COMPACT Ver.,23,0
2026-08-08T20:36:59+08:00,VideoCall·COMPACT Ver.,23,0
2026-08-08T20:37:10+08:00,VideoCall·COMPACT Ver.,23,0
2026-08-08T20:37:21+08:00,VideoCall·COMPACT Ver.,23,0
2026-08-08T20:37:31+08:00,VideoCall·COMPACT Ver.,23,0
2026-08-08T20:37:42+08:00,VideoCall·COMPACT Ver.,23,0
2026-08-08T20:38:03+08:00,VideoCall·COMPACT Ver.,23,0
2026-08-08T20:38:13+08:00,VideoCall·COMPACT Ver.,23,0
2026-08-08T20:38:24+08:00,VideoCall·COMPACT Ver.,23,0
2026-08-08T20:38:34+08:00,VideoCall·COMPACT Ver.,23,0
2026-08-08T20:38:45+08:00,VideoCall·COMPACT Ver.,23,0
2026-08-08T20:38:55+08:00,VideoCall·COMPACT Ver.,23,0
2026-08-08T20:39:17+08:00,VideoCall·COMPACT Ver.,23,0
2026-08-08T20:39:27+08:00,VideoCall·COMPACT Ver.,23,0
2026-08-08T20:39:37+08:00,VideoCall·COMPACT Ver.,23,0
2026-08-08T20:39:48+08:00,VideoCall·COMPACT Ver.,23,0
2026-08-08T20:39:58+08:00,VideoCall·COMPACT Ver.,23,0
2026-08-08T20:40:09+08:00,VideoCall·COMPACT Ver.,23,0
2026-08-08T20:40:31+08:00,VideoCall·COMPACT Ver.,23,0
2026-08-08T20:40:41+08:00,VideoCall·COMPACT Ver.,23,0
2026-08-08T20:40:51+08:00,VideoCall·COMPACT Ver.,23,0
2026-08-08T20:41:02+08:00,VideoCall·COMPACT Ver.,23,0
2026-08-08T20:41:13+08:00,VideoCall·COMPACT Ver.,23,0
2026-08-08T20:41:23+08:00,VideoCall·COMPACT Ver.,23,0
2026-08-08T20:41:44+08:00,VideoCall·COMPACT Ver.,23,0
2026-08-08T20:41:55+08:00,VideoCall·COMPACT Ver.,23,0
2026-08-08T20:42:05+08:00,VideoCall·COMPACT Ver.,23,0
2026-08-08T20:42:16+08:00,VideoCall·COMPACT Ver.,23,0
2026-08-08T20:42:27+08:00,VideoCall·COMPACT Ver.,23,0
2026-08-08T20:42:37+08:00,VideoCall·COMPACT Ver.,23,0
2026-08-08T20:42:59+08:00,VideoCall·COMPACT Ver.,23,0
2026-08-08T20:43:09+08:00,VideoCall·COMPACT Ver.,23,0
2026-08-08T20:43:19+08:00,VideoCall·COMPACT Ver.,23,0
2026-08-08T20:43:30+08:00,VideoCall·COMPACT Ver.,23,0
2026-08-08T20:43:40+08:00,VideoCall·COMPACT Ver.,23,0
2026-08-08T20:43:50+08:00,VideoCall·COMPACT Ver.,23,0
2026-08-08T20:44:12+08:00,VideoCall·COMPACT Ver.,23,0
2026-08-08T20:44:22+08:00,VideoCall·COMPACT Ver.,23,0
2026-08-08T20:44:33+08:00,VideoCall·COMPACT Ver.,23,0
2026-08-08T20:44:44+08:00,VideoCall·COMPACT Ver.,23,0
2026-08-08T20:44:54+08:00,VideoCall·COMPACT Ver.,23,0
2026-08-08T20:45:04+08:00,VideoCall·COMPACT Ver.,23,0
2026-08-08T20:45:26+08:00,VideoCall·COMPACT Ver.,23,0
2026-08-08T20:45:36+08:00,VideoCall·COMPACT Ver.,23,0
2026-08-08T20:45:47+08:00,VideoCall·COMPACT Ver.,23,0
2026-08-08T20:45:57+08:00,VideoCall·COMPACT Ver.,23,0
2026-08-08T20:46:08+08:00,VideoCall·COMPACT Ver.,23,0
2026-08-08T20:46:18+08:00,VideoCall·COMPACT Ver.,23,0
2026-08-08T20:46:39+08:00,VideoCall·COMPACT Ver.,23,0
2026-08-08T20:46:50+08:00,VideoCall·COMPACT Ver.,23,0
2026-08-08T20:47:00+08:00,VideoCall·COMPACT Ver.,23,0
2026-08-08T20:47:11+08:00,VideoCall·COMPACT Ver.,23,0
2026-08-08T20:47:21+08:00,VideoCall·COMPACT Ver.,23,0
2026-08-08T20:47:31+08:00,VideoCall·COMPACT Ver.,23,0
2026-08-08T20:47:54+08:00,VideoCall·COMPACT Ver.,23,0
2026-08-08T20:48:04+08:00,VideoCall·COMPACT Ver.,23,0
2026-08-08T20:48:15+08:00,VideoCall·COMPACT Ver.,23,0
2026-08-08T20:48:25+08:00,VideoCall·COMPACT Ver.,23,0
2026-08-08T20:48:36+08:00,VideoCall·COMPACT Ver.,23,0
2026-08-08T20:48:46+08:00,VideoCall·COMPACT Ver.,23,0
2026-08-08T20:49:07+08:00,VideoCall·COMPACT Ver.,23,0
2026-08-08T20:49:18+08:00,VideoCall·COMPACT Ver.,23,0
2026-08-08T20:49:28+08:00,VideoCall·COMPACT Ver.,23,0
2026-08-08T20:49:39+08:00,VideoCall·COMPACT Ver.,23,0
2026-08-08T20:49:49+08:00,VideoCall·COMPACT Ver.,23,0
2026-08-08T20:50:00+08:00,VideoCall·COMPACT Ver.,23,0
2026-08-08T20:50:21+08:00,VideoCall·COMPACT Ver.,23,0
2026-08-08T20:50:31+08:00,VideoCall·COMPACT Ver.,23,0
2026-08-08T20:50:42+08:00,VideoCall·COMPACT Ver.,23,0
2026-08-08T20:50:52+08:00,VideoCall·COMPACT Ver.,23,0
2026-08-08T20:51:02+08:00,VideoCall·COMPACT Ver.,23,0
2026-08-08T20:51:13+08:00,VideoCall·COMPACT Ver.,23,0
2026-08-08T20:51:35+08:00,VideoCall·COMPACT Ver.,23,0
2026-08-08T20:51:45+08:00,VideoCall·COMPACT Ver.,23,0
2026-08-08T20:51:55+08:00,VideoCall·COMPACT Ver.,23,0
2026-08-08T20:52:06+08:00,VideoCall·COMPACT Ver.,23,0
2026-08-08T20:52:16+08:00,VideoCall·COMPACT Ver.,23,0
2026-08-08T20:52:26+08:00,VideoCall·COMPACT Ver.,23,0
2026-08-08T20:52:47+08:00,VideoCall·COMPACT Ver.,23,0
2026-08-08T20:52:58+08:00,VideoCall·COMPACT Ver.,23,0
2026-08-08T20:53:08+08:00,VideoCall·COMPACT Ver.,23,0
2026-08-08T20:53:41+08:00,VideoCall·COMPACT Ver.,23,0
2026-08-08T20:53:53+08:00,VideoCall·COMPACT Ver.,23,0
2026-08-08T20:54:04+08:00,VideoCall·COMPACT Ver.,23,0
2026-08-08T20:54:14+08:00,VideoCall·COMPACT Ver.,23,0
2026-08-08T20:54:25+08:00,VideoCall·COMPACT Ver.,23,0
2026-08-08T20:54:36+08:00,VideoCall·COMPACT Ver.,23,0
2026-08-08T20:54:47+08:00,VideoCall·COMPACT Ver.,23,0
2026-08-08T20:55:11+08:00,VideoCall·COMPACT Ver.,23,0
2026-08-08T20:55:22+08:00,VideoCall·COMPACT Ver.,23,0
2026-08-08T20:55:32+08:00,VideoCall·COMPACT Ver.,23,0
2026-08-08T20:55:44+08:00,VideoCall·COMPACT Ver.,23,0
2026-08-08T20:55:54+08:00,VideoCall·COMPACT Ver.,23,0
2026-08-08T20:56:05+08:00,VideoCall·COMPACT Ver.,23,0
2026-08-08T20:56:29+08:00,VideoCall·COMPACT Ver.,23,0
2026-08-08T20:56:40+08:00,VideoCall·COMPACT Ver.,23,0
2026-08-08T20:56:51+08:00,VideoCall·COMPACT Ver.,23,0
2026-08-08T20:57:02+08:00,VideoCall·COMPACT Ver.,23,0
2026-08-08T20:57:13+08:00,VideoCall·COMPACT Ver.,23,0
2026-08-08T20:57:23+08:00,VideoCall·COMPACT Ver.,23,0
2026-08-08T20:57:48+08:00,VideoCall·COMPACT Ver.,23,0
2026-08-08T20:57:59+08:00,VideoCall·COMPACT Ver.,23,0
2026-08-08T20:58:10+08:00,VideoCall·COMPACT Ver.,23,0
2026-08-08T20:58:20+08:00,VideoCall·COMPACT Ver.,23,0
2026-08-08T20:58:31+08:00,VideoCall·COMPACT Ver.,23,0
2026-08-08T20:58:42+08:00,VideoCall·COMPACT Ver.,23,0
2026-08-08T20:59:07+08:00,VideoCall·COMPACT Ver.,23,0
2026-08-08T20:59:18+08:00,VideoCall·COMPACT Ver.,23,0
2026-08-08T20:59:29+08:00,VideoCall·COMPACT Ver.,23,0
2026-08-08T20:59:39+08:00,VideoCall·COMPACT Ver.,23,0
2026-08-08T20:59:50+08:00,VideoCall·COMPACT Ver.,23,0
2026-08-08T21:00:01+08:00,VideoCall·COMPACT Ver.,23,0
2026-08-08T21:00:24+08:00,VideoCall·COMPACT Ver.,23,0
2026-08-08T21:00:35+08:00,VideoCall·COMPACT Ver.,23,0
2026-08-08T21:00:45+08:00,VideoCall·COMPACT Ver.,23,0
2026-08-08T21:00:56+08:00,VideoCall·COMPACT Ver.,23,0
2026-08-08T21:01:07+08:00,VideoCall·COMPACT Ver.,23,0
2026-08-08T21:01:18+08:00,VideoCall·COMPACT Ver.,23,0
2026-08-08T21:01:41+08:00,VideoCall·COMPACT Ver.,23,0
2026-08-08T21:01:52+08:00,VideoCall·COMPACT Ver.,23,0
2026-08-08T21:02:03+08:00,VideoCall·COMPACT Ver.,23,0
2026-08-08T21:02:14+08:00,VideoCall·COMPACT Ver.,23,0
2026-08-08T21:02:25+08:00,VideoCall·COMPACT Ver.,23,0
2026-08-08T21:02:36+08:00,VideoCall·COMPACT Ver.,23,0
2026-08-08T21:02:59+08:00,VideoCall·COMPACT Ver.,23,0
2026-08-08T21:03:10+08:00,VideoCall·COMPACT Ver.,23,0
2026-08-08T21:03:21+08:00,VideoCall·COMPACT Ver.,23,0
2026-08-08T21:03:32+08:00,VideoCall·COMPACT Ver.,23,0
2026-08-08T21:03:43+08:00,VideoCall·COMPACT Ver.,23,0
2026-08-08T21:03:54+08:00,VideoCall·COMPACT Ver.,23,0
2026-08-08T21:04:18+08:00,VideoCall·COMPACT Ver.,23,0
2026-08-08T21:04:30+08:00,VideoCall·COMPACT Ver.,23,0
2026-08-08T21:04:40+08:00,VideoCall·COMPACT Ver.,23,0
2026-08-08T21:04:51+08:00,VideoCall·COMPACT Ver.,23,0
2026-08-08T21:05:02+08:00,VideoCall·COMPACT Ver.,23,0
2026-08-08T21:05:13+08:00,VideoCall·COMPACT Ver.,23,0
2026-08-08T21:05:37+08:00,VideoCall·COMPACT Ver.,23,0
2026-08-08T21:05:47+08:00,VideoCall·COMPACT Ver.,23,0
2026-08-08T21:05:58+08:00,VideoCall·COMPACT Ver.,23,0
2026-08-08T21:06:08+08:00,VideoCall·COMPACT Ver.,23,0
2026-08-08T21:06:19+08:00,VideoCall·COMPACT Ver.,23,0
2026-08-08T21:06:30+08:00,VideoCall·COMPACT Ver.,23,0
2026-08-08T21:06:52+08:00,VideoCall·COMPACT Ver.,23,0
2026-08-08T21:07:03+08:00,VideoCall·COMPACT Ver.,23,0
2026-08-08T21:07:14+08:00,VideoCall·COMPACT Ver.,23,0
2026-08-08T21:07:25+08:00,VideoCall·COMPACT Ver.,23,0
2026-08-08T21:07:36+08:00,VideoCall·COMPACT Ver.,23,0
2026-08-08T21:07:47+08:00,VideoCall·COMPACT Ver.,23,0
2026-08-08T21:08:10+08:00,VideoCall·COMPACT Ver.,23,0
2026-08-08T21:08:21+08:00,VideoCall·COMPACT Ver.,23,0
2026-08-08T21:08:32+08:00,VideoCall·COMPACT Ver.,23,0
2026-08-08T21:08:43+08:00,VideoCall·COMPACT Ver.,23,0
2026-08-08T21:08:54+08:00,VideoCall·COMPACT Ver.,23,0
2026-08-08T21:09:05+08:00,VideoCall·COMPACT Ver.,23,0
2026-08-08T21:09:29+08:00,VideoCall·COMPACT Ver.,23,0
2026-08-08T21:09:39+08:00,VideoCall·COMPACT Ver.,23,0
2026-08-08T21:09:50+08:00,VideoCall·COMPACT Ver.,23,0
2026-08-08T21:10:01+08:00,VideoCall·COMPACT Ver.,23,0
2026-08-08T21:10:12+08:00,VideoCall·COMPACT Ver.,23,0
2026-08-08T21:10:23+08:00,VideoCall·COMPACT Ver.,23,0
2026-08-08T21:10:47+08:00,VideoCall·COMPACT Ver.,23,0
2026-08-08T21:10:59+08:00,VideoCall·COMPACT Ver.,23,0
2026-08-08T21:11:09+08:00,VideoCall·COMPACT Ver.,23,0
2026-08-08T21:11:20+08:00,VideoCall·COMPACT Ver.,23,0
2026-08-08T21:11:30+08:00,VideoCall·COMPACT Ver.,23,0
2026-08-08T21:11:41+08:00,VideoCall·COMPACT Ver.,23,0
2026-08-08T21:13:23+08:00,VideoCall·COMPACT Ver.,23,0
2026-08-08T21:13:34+08:00,VideoCall·COMPACT Ver.,23,0
2026-08-08T21:13:44+08:00,VideoCall·COMPACT Ver.,23,0
2026-08-08T21:13:55+08:00,VideoCall·COMPACT Ver.,23,0
2026-08-08T21:14:05+08:00,VideoCall·COMPACT Ver.,23,0
2026-08-08T21:14:16+08:00,VideoCall·COMPACT Ver.,23,0
2026-08-08T21:14:26+08:00,VideoCall·COMPACT Ver.,23,0
2026-08-08T21:14:49+08:00,VideoCall·COMPACT Ver.,23,0
2026-08-08T21:15:00+08:00,VideoCall·COMPACT Ver.,23,0
2026-08-08T21:15:10+08:00,VideoCall·COMPACT Ver.,23,0
2026-08-08T21:15:21+08:00,VideoCall·COMPACT Ver.,23,0
2026-08-08T21:15:32+08:00,VideoCall·COMPACT Ver.,23,0
2026-08-08T21:15:42+08:00,VideoCall·COMPACT Ver.,23,0
2026-08-08T21:16:04+08:00,VideoCall·COMPACT Ver.,23,0
2026-08-08T21:16:14+08:00,VideoCall·COMPACT Ver.,23,0
2026-08-08T21:16:25+08:00,VideoCall·COMPACT Ver.,23,0
2026-08-08T21:16:35+08:00,VideoCall·COMPACT Ver.,23,0
2026-08-08T21:16:46+08:00,VideoCall·COMPACT Ver.,23,0
2026-08-08T21:16:56+08:00,VideoCall·COMPACT Ver.,23,0
2026-08-08T21:17:19+08:00,VideoCall·COMPACT Ver.,23,0
2026-08-08T21:17:30+08:00,VideoCall·COMPACT Ver.,23,0
2026-08-08T21:17:41+08:00,VideoCall·COMPACT Ver.,23,0
2026-08-08T21:17:51+08:00,VideoCall·COMPACT Ver.,23,0
2026-08-08T21:18:02+08:00,VideoCall·COMPACT Ver.,23,0
2026-08-08T21:18:13+08:00,VideoCall·COMPACT Ver.,23,0
2026-08-08T21:18:35+08:00,VideoCall·COMPACT Ver.,23,0
2026-08-08T21:18:46+08:00,VideoCall·COMPACT Ver.,23,0
2026-08-08T21:18:57+08:00,VideoCall·COMPACT Ver.,23,0
2026-08-08T21:19:07+08:00,VideoCall·COMPACT Ver.,23,0
2026-08-08T21:19:18+08:00,VideoCall·COMPACT Ver.,23,0
2026-08-08T21:19:29+08:00,VideoCall·COMPACT Ver.,23,0
2026-08-08T21:19:50+08:00,VideoCall·COMPACT Ver.,23,0
2026-08-08T21:20:00+08:00,VideoCall·COMPACT Ver.,23,0
2026-08-08T21:20:11+08:00,VideoCall·COMPACT Ver.,23,0
2026-08-08T21:20:22+08:00,VideoCall·COMPACT Ver.,23,0
2026-08-08T21:20:32+08:00,VideoCall·COMPACT Ver.,23,0
2026-08-08T21:20:43+08:00,VideoCall·COMPACT Ver.,23,0
2026-08-08T21:21:05+08:00,VideoCall·COMPACT Ver.,23,0
2026-08-08T21:21:16+08:00,VideoCall·COMPACT Ver.,23,0
2026-08-08T21:21:26+08:00,VideoCall·COMPACT Ver.,23,0
2026-08-08T21:21:36+08:00,VideoCall·COMPACT Ver.,23,0
2026-08-08T21:21:47+08:00,VideoCall·COMPACT Ver.,23,0
2026-08-08T21:21:57+08:00,VideoCall·COMPACT Ver.,23,0
2026-08-08T21:22:20+08:00,VideoCall·COMPACT Ver.,23,0
2026-08-08T21:22:31+08:00,VideoCall·COMPACT Ver.,23,0
2026-08-08T21:22:41+08:00,VideoCall·COMPACT Ver.,23,0
2026-08-08T21:22:51+08:00,VideoCall·COMPACT Ver.,23,0
2026-08-08T21:23:02+08:00,VideoCall·COMPACT Ver.,23,0
2026-08-08T21:23:12+08:00,VideoCall·COMPACT Ver.,23,0
2026-08-08T21:23:36+08:00,VideoCall·COMPACT Ver.,23,0
2026-08-08T21:23:46+08:00,VideoCall·COMPACT Ver.,23,0
2026-08-08T21:23:57+08:00,VideoCall·COMPACT Ver.,23,0
2026-08-08T21:24:08+08:00,VideoCall·COMPACT Ver.,23,0
2026-08-08T21:24:18+08:00,VideoCall·COMPACT Ver.,23,0
2026-08-08T21:24:29+08:00,VideoCall·COMPACT Ver.,23,0
2026-08-08T21:24:52+08:00,VideoCall·COMPACT Ver.,23,0
2026-08-08T21:25:02+08:00,VideoCall·COMPACT Ver.,23,0
2026-08-08T21:25:13+08:00,VideoCall·COMPACT Ver.,23,0
2026-08-08T21:25:24+08:00,VideoCall·COMPACT Ver.,23,0
2026-08-08T21:25:34+08:00,VideoCall·COMPACT Ver.,23,0
2026-08-08T21:25:45+08:00,VideoCall·COMPACT Ver.,23,0
2026-08-08T21:26:07+08:00,VideoCall·COMPACT Ver.,23,0
2026-08-08T21:26:18+08:00,VideoCall·COMPACT Ver.,23,0
2026-08-08T21:26:29+08:00,VideoCall·COMPACT Ver.,23,0
2026-08-08T21:26:40+08:00,VideoCall·COMPACT Ver.,23,0
2026-08-08T21:26:50+08:00,VideoCall·COMPACT Ver.,23,0
2026-08-08T21:27:01+08:00,VideoCall·COMPACT Ver.,23,0
2026-08-08T21:27:22+08:00,VideoCall·COMPACT Ver.,23,0
2026-08-08T21:27:33+08:00,VideoCall·COMPACT Ver.,23,0
2026-08-08T21:27:43+08:00,VideoCall·COMPACT Ver.,23,0
2026-08-08T21:27:54+08:00,VideoCall·COMPACT Ver.,23,0
2026-08-08T21:28:04+08:00,VideoCall·COMPACT Ver.,23,0
2026-08-08T21:28:15+08:00,VideoCall·COMPACT Ver.,23,0
2026-08-08T21:28:37+08:00,VideoCall·COMPACT Ver.,23,0
2026-08-08T21:28:48+08:00,VideoCall·COMPACT Ver.,23,0
2026-08-08T21:28:58+08:00,VideoCall·COMPACT Ver.,23,0
2026-08-08T21:29:09+08:00,VideoCall·COMPACT Ver.,23,0
2026-08-08T21:29:20+08:00,VideoCall·COMPACT Ver.,23,0
2026-08-08T21:29:31+08:00,VideoCall·COMPACT Ver.,23,0
2026-08-08T21:29:54+08:00,VideoCall·COMPACT Ver.,23,0
2026-08-08T21:30:04+08:00,VideoCall·COMPACT Ver.,23,0
2026-08-08T21:30:15+08:00,VideoCall·COMPACT Ver.,23,0
2026-08-08T21:30:25+08:00,VideoCall·COMPACT Ver.,23,0
2026-08-08T21:30:35+08:00,VideoCall·COMPACT Ver.,23,0
2026-08-08T21:30:46+08:00,VideoCall·COMPACT Ver.,23,0
2026-08-08T21:31:08+08:00,VideoCall·COMPACT Ver.,23,0
2026-08-08T21:31:18+08:00,VideoCall·COMPACT Ver.,23,0
2026-08-08T21:31:29+08:00,VideoCall·COMPACT Ver.,23,0
2026-08-08T21:31:39+08:00,VideoCall·COMPACT Ver.,23,0
2026-08-08T21:31:50+08:00,VideoCall·COMPACT Ver.,23,0
2026-08-08T21:32:00+08:00,VideoCall·COMPACT Ver.,23,0
2026-08-08T21:32:22+08:00,VideoCall·COMPACT Ver.,23,0
2026-08-08T21:32:32+08:00,VideoCall·COMPACT Ver.,23,0
2026-08-08T21:32:43+08:00,VideoCall·COMPACT Ver.,23,0
2026-08-08T21:32:53+08:00,VideoCall·COMPACT Ver.,23,0
2026-08-08T21:33:03+08:00,VideoCall·COMPACT Ver.,23,0
2026-08-08T21:33:14+08:00,VideoCall·COMPACT Ver.,23,0
2026-08-08T21:33:37+08:00,VideoCall·COMPACT Ver.,23,0
2026-08-08T21:33:47+08:00,VideoCall·COMPACT Ver.,23,0
2026-08-08T21:33:58+08:00,VideoCall·COMPACT Ver.,23,0
2026-08-08T21:34:09+08:00,VideoCall·COMPACT Ver.,23,0
2026-08-08T21:34:19+08:00,VideoCall·COMPACT Ver.,23,0
2026-08-08T21:34:30+08:00,VideoCall·COMPACT Ver.,23,0
2026-08-08T21:34:52+08:00,VideoCall·COMPACT Ver.,23,0
2026-08-08T21:35:02+08:00,VideoCall·COMPACT Ver.,23,0
2026-08-08T21:35:13+08:00,VideoCall·COMPACT Ver.,23,0
2026-08-08T21:35:23+08:00,VideoCall·COMPACT Ver.,23,0
2026-08-08T21:35:34+08:00,VideoCall·COMPACT Ver.,23,0
2026-08-08T21:35:44+08:00,VideoCall·COMPACT Ver.,23,0
2026-08-08T21:36:06+08:00,VideoCall·COMPACT Ver.,23,0
2026-08-08T21:36:16+08:00,VideoCall·COMPACT Ver.,23,0
2026-08-08T21:36:27+08:00,VideoCall·COMPACT Ver.,23,0
2026-08-08T21:36:37+08:00,VideoCall·COMPACT Ver.,23,0
2026-08-08T21:36:48+08:00,VideoCall·COMPACT Ver.,23,0
2026-08-08T21:36:59+08:00,VideoCall·COMPACT Ver.,23,0
2026-08-08T21:37:20+08:00,VideoCall·COMPACT Ver.,23,0
2026-08-08T21:37:30+08:00,VideoCall·COMPACT Ver.,23,0
2026-08-08T21:37:41+08:00,VideoCall·COMPACT Ver.,23,0
2026-08-08T21:37:52+08:00,VideoCall·COMPACT Ver.,23,0
2026-08-08T21:38:02+08:00,VideoCall·COMPACT Ver.,23,0
2026-08-08T21:38:12+08:00,VideoCall·COMPACT Ver.,23,0
2026-08-08T21:38:35+08:00,VideoCall·COMPACT Ver.,23,0
2026-08-08T21:38:45+08:00,VideoCall·COMPACT Ver.,23,0
2026-08-08T21:38:56+08:00,VideoCall·COMPACT Ver.,23,0
2026-08-08T21:39:06+08:00,VideoCall·COMPACT Ver.,23,0
2026-08-08T21:39:17+08:00,VideoCall·COMPACT Ver.,23,0
2026-08-08T21:39:28+08:00,VideoCall·COMPACT Ver.,23,0
2026-08-08T21:39:50+08:00,VideoCall·COMPACT Ver.,23,0
2026-08-08T21:40:00+08:00,VideoCall·COMPACT Ver.,23,0
2026-08-08T21:40:10+08:00,VideoCall·COMPACT Ver.,23,0
2026-08-08T21:40:21+08:00,VideoCall·COMPACT Ver.,23,0
2026-08-08T21:40:31+08:00,VideoCall·COMPACT Ver.,23,0
2026-08-08T21:40:42+08:00,VideoCall·COMPACT Ver.,23,0
2026-08-08T21:41:04+08:00,VideoCall·COMPACT Ver.,23,0
2026-08-08T21:41:15+08:00,VideoCall·COMPACT Ver.,23,0
2026-08-08T21:41:26+08:00,VideoCall·COMPACT Ver.,23,0
2026-08-08T21:41:36+08:00,VideoCall·COMPACT Ver.,23,0
2026-08-08T21:41:47+08:00,VideoCall·COMPACT Ver.,23,0
2026-08-08T21:41:57+08:00,VideoCall·COMPACT Ver.,23,0
2026-08-08T21:42:20+08:00,VideoCall·COMPACT Ver.,23,0
2026-08-08T21:42:31+08:00,VideoCall·COMPACT Ver.,23,0
2026-08-08T21:42:41+08:00,VideoCall·COMPACT Ver.,23,0
2026-08-08T21:42:52+08:00,VideoCall·COMPACT Ver.,23,0
2026-08-08T21:43:02+08:00,VideoCall·COMPACT Ver.,23,0
2026-08-08T21:43:13+08:00,VideoCall·COMPACT Ver.,23,0
2026-08-08T21:43:36+08:00,VideoCall·COMPACT Ver.,23,0
2026-08-08T21:43:46+08:00,VideoCall·COMPACT Ver.,23,0
2026-08-08T21:43:57+08:00,VideoCall·COMPACT Ver.,23,0
2026-08-08T21:44:08+08:00,VideoCall·COMPACT Ver.,23,0
2026-08-08T21:44:19+08:00,VideoCall·COMPACT Ver.,23,0
2026-08-08T21:44:30+08:00,VideoCall·COMPACT Ver.,23,0
2026-08-08T21:44:52+08:00,VideoCall·COMPACT Ver.,23,0
2026-08-08T21:45:02+08:00,VideoCall·COMPACT Ver.,23,0
2026-08-08T21:45:13+08:00,VideoCall·COMPACT Ver.,23,0
2026-08-08T21:45:23+08:00,VideoCall·COMPACT Ver.,23,0
2026-08-08T21:45:34+08:00,VideoCall·COMPACT Ver.,23,0
2026-08-08T21:45:44+08:00,VideoCall·COMPACT Ver.,23,0
2026-08-08T21:46:07+08:00,VideoCall·COMPACT Ver.,23,0
2026-08-08T21:46:17+08:00,VideoCall·COMPACT Ver.,23,0
2026-08-08T21:46:28+08:00,VideoCall·COMPACT Ver.,23,0
2026-08-08T21:46:38+08:00,VideoCall·COMPACT Ver.,23,0
2026-08-08T21:46:48+08:00,VideoCall·COMPACT Ver.,23,0
2026-08-08T21:46:59+08:00,VideoCall·COMPACT Ver.,23,0
2026-08-08T21:47:22+08:00,VideoCall·COMPACT Ver.,23,0
2026-08-08T21:47:33+08:00,VideoCall·COMPACT Ver.,23,0
2026-08-08T21:47:43+08:00,VideoCall·COMPACT Ver.,23,0
2026-08-08T21:47:54+08:00,VideoCall·COMPACT Ver.,23,0
2026-08-08T21:48:04+08:00,VideoCall·COMPACT Ver.,23,0
2026-08-08T21:48:15+08:00,VideoCall·COMPACT Ver.,23,0
2026-08-08T21:48:37+08:00,VideoCall·COMPACT Ver.,23,0
2026-08-08T21:48:47+08:00,VideoCall·COMPACT Ver.,23,0
2026-08-08T21:48:58+08:00,VideoCall·COMPACT Ver.,23,0
2026-08-08T21:49:09+08:00,VideoCall·COMPACT Ver.,23,0
2026-08-08T21:49:19+08:00,VideoCall·COMPACT Ver.,23,0
2026-08-08T21:49:29+08:00,VideoCall·COMPACT Ver.,23,0
2026-08-08T21:49:51+08:00,VideoCall·COMPACT Ver.,23,0
2026-08-08T21:50:02+08:00,VideoCall·COMPACT Ver.,23,0
2026-08-08T21:50:12+08:00,VideoCall·COMPACT Ver.,23,0
2026-08-08T21:50:22+08:00,VideoCall·COMPACT Ver.,23,0
2026-08-08T21:50:33+08:00,VideoCall·COMPACT Ver.,23,0
2026-08-08T21:50:43+08:00,VideoCall·COMPACT Ver.,23,0
2026-08-08T21:51:05+08:00,VideoCall·COMPACT Ver.,23,0
2026-08-08T21:51:15+08:00,VideoCall·COMPACT Ver.,23,0
2026-08-08T21:51:26+08:00,VideoCall·COMPACT Ver.,23,0
2026-08-08T21:51:36+08:00,VideoCall·COMPACT Ver.,23,0
2026-08-08T21:51:47+08:00,VideoCall·COMPACT Ver.,23,0
2026-08-08T21:51:58+08:00,VideoCall·COMPACT Ver.,23,0
2026-08-08T21:52:19+08:00,VideoCall·COMPACT Ver.,23,0
2026-08-08T21:52:30+08:00,VideoCall·COMPACT Ver.,23,0
2026-08-08T21:52:40+08:00,VideoCall·COMPACT Ver.,23,0
2026-08-08T21:52:51+08:00,VideoCall·COMPACT Ver.,23,0
2026-08-08T21:53:01+08:00,VideoCall·COMPACT Ver.,23,0
2026-08-08T21:53:11+08:00,VideoCall·COMPACT Ver.,23,0
2026-08-08T21:53:34+08:00,VideoCall·COMPACT Ver.,23,0
2026-08-08T21:53:44+08:00,VideoCall·COMPACT Ver.,23,0
2026-08-08T21:53:55+08:00,VideoCall·COMPACT Ver.,23,0
2026-08-08T21:54:06+08:00,VideoCall·COMPACT Ver.,23,0
2026-08-08T21:54:16+08:00,VideoCall·COMPACT Ver.,23,0
2026-08-08T21:54:27+08:00,VideoCall·COMPACT Ver.,23,0
2026-08-08T21:54:50+08:00,VideoCall·COMPACT Ver.,23,0
2026-08-08T21:55:01+08:00,VideoCall·COMPACT Ver.,23,0
2026-08-08T21:55:11+08:00,VideoCall·COMPACT Ver.,23,0
2026-08-08T21:55:22+08:00,VideoCall·COMPACT Ver.,23,0
2026-08-08T21:55:33+08:00,VideoCall·COMPACT Ver.,23,0
2026-08-08T21:55:44+08:00,VideoCall·COMPACT Ver.,23,0
2026-08-08T21:56:06+08:00,VideoCall·COMPACT Ver.,23,0
2026-08-08T21:56:17+08:00,VideoCall·COMPACT Ver.,23,0
2026-08-08T21:56:27+08:00,VideoCall·COMPACT Ver.,23,0
2026-08-08T21:56:38+08:00,VideoCall·COMPACT Ver.,23,0
2026-08-08T21:56:49+08:00,VideoCall·COMPACT Ver.,23,0
2026-08-08T21:56:59+08:00,VideoCall·COMPACT Ver.,23,0
2026-08-08T21:57:22+08:00,VideoCall·COMPACT Ver.,23,0
2026-08-08T21:57:32+08:00,VideoCall·COMPACT Ver.,23,0
2026-08-08T21:57:43+08:00,VideoCall·COMPACT Ver.,23,0
2026-08-08T21:57:53+08:00,VideoCall·COMPACT Ver.,23,0
2026-08-08T21:58:05+08:00,VideoCall·COMPACT Ver.,23,0
2026-08-08T21:58:15+08:00,VideoCall·COMPACT Ver.,23,0
2026-08-08T21:58:38+08:00,VideoCall·COMPACT Ver.,23,0
2026-08-08T21:58:48+08:00,VideoCall·COMPACT Ver.,23,0
2026-08-08T21:58:59+08:00,VideoCall·COMPACT Ver.,23,0
2026-08-08T21:59:10+08:00,VideoCall·COMPACT Ver.,23,0
2026-08-08T21:59:21+08:00,VideoCall·COMPACT Ver.,23,0
2026-08-08T21:59:31+08:00,VideoCall·COMPACT Ver.,23,0
2026-08-08T22:00:18+08:00,VideoCall·COMPACT Ver.,23,0
2026-08-08T22:00:29+08:00,VideoCall·COMPACT Ver.,23,0
2026-08-08T22:00:40+08:00,VideoCall·COMPACT Ver.,23,0
2026-08-08T22:00:51+08:00,VideoCall·COMPACT Ver.,23,0
2026-08-08T22:01:02+08:00,VideoCall·COMPACT Ver.,23,0
2026-08-08T22:01:13+08:00,VideoCall·COMPACT Ver.,23,0
2026-08-08T22:01:24+08:00,VideoCall·COMPACT Ver.,23,0
2026-08-08T22:01:49+08:00,VideoCall·COMPACT Ver.,23,0
2026-08-08T22:02:00+08:00,VideoCall·COMPACT Ver.,23,0
2026-08-08T22:02:11+08:00,VideoCall·COMPACT Ver.,23,0
2026-08-08T22:02:22+08:00,VideoCall·COMPACT Ver.,23,0
2026-08-08T22:02:32+08:00,VideoCall·COMPACT Ver.,23,0
2026-08-08T22:02:43+08:00,VideoCall·COMPACT Ver.,23,0
2026-08-08T22:03:07+08:00,VideoCall·COMPACT Ver.,23,0
2026-08-08T22:03:18+08:00,VideoCall·COMPACT Ver.,23,0
2026-08-08T22:03:28+08:00,VideoCall·COMPACT Ver.,23,0
2026-08-08T22:03:39+08:00,VideoCall·COMPACT Ver.,23,0
2026-08-08T22:03:50+08:00,VideoCall·COMPACT Ver.,23,0
2026-08-08T22:04:01+08:00,VideoCall·COMPACT Ver.,23,0
2026-08-08T22:04:25+08:00,VideoCall·COMPACT Ver.,23,0
2026-08-08T22:04:35+08:00,VideoCall·COMPACT Ver.,23,0
2026-08-08T22:04:46+08:00,VideoCall·COMPACT Ver.,23,0
2026-08-08T22:04:57+08:00,VideoCall·COMPACT Ver.,23,0
2026-08-08T22:05:07+08:00,VideoCall·COMPACT Ver.,23,0
2026-08-08T22:05:18+08:00,VideoCall·COMPACT Ver.,23,0
2026-08-08T22:05:41+08:00,VideoCall·COMPACT Ver.,23,0
2026-08-08T22:05:52+08:00,VideoCall·COMPACT Ver.,23,0
2026-08-08T22:06:03+08:00,VideoCall·COMPACT Ver.,23,0
2026-08-08T22:06:13+08:00,VideoCall·COMPACT Ver.,23,0
2026-08-08T22:06:24+08:00,VideoCall·COMPACT Ver.,23,0
2026-08-08T22:06:35+08:00,VideoCall·COMPACT Ver.,27,4
2026-08-08T22:06:59+08:00,VideoCall·COMPACT Ver.,27,0
2026-08-08T22:07:11+08:00,VideoCall·COMPACT Ver.,27,0
2026-08-08T22:07:21+08:00,VideoCall·COMPACT Ver.,27,0
2026-08-08T22:07:32+08:00,VideoCall·COMPACT Ver.,27,0
2026-08-08T22:07:43+08:00,VideoCall·COMPACT Ver.,27,0
2026-08-08T22:07:54+08:00,VideoCall·COMPACT Ver.,27,0
2026-08-08T22:08:17+08:00,VideoCall·COMPACT Ver.,27,0
2026-08-08T22:08:28+08:00,VideoCall·COMPACT Ver.,27,0
2026-08-08T22:08:39+08:00,VideoCall·COMPACT Ver.,27,0
2026-08-08T22:08:50+08:00,VideoCall·COMPACT Ver.,27,0
2026-08-08T22:09:00+08:00,VideoCall·COMPACT Ver.,27,0
2026-08-08T22:09:11+08:00,VideoCall·COMPACT Ver.,27,0
2026-08-08T22:09:35+08:00,VideoCall·COMPACT Ver.,27,0
2026-08-08T22:09:45+08:00,VideoCall·COMPACT Ver.,27,0
2026-08-08T22:09:56+08:00,VideoCall·COMPACT Ver.,27,0
2026-08-08T22:10:07+08:00,VideoCall·COMPACT Ver.,27,0
2026-08-08T22:10:17+08:00,VideoCall·COMPACT Ver.,27,0
2026-08-08T22:10:29+08:00,VideoCall·COMPACT Ver.,27,0
2026-08-08T22:10:54+08:00,VideoCall·COMPACT Ver.,27,0
2026-08-08T22:11:04+08:00,VideoCall·COMPACT Ver.,27,0
2026-08-08T22:11:15+08:00,VideoCall·COMPACT Ver.,27,0
2026-08-08T22:11:26+08:00,VideoCall·COMPACT Ver.,27,0
2026-08-08T22:11:36+08:00,VideoCall·COMPACT Ver.,27,0
2026-08-08T22:11:47+08:00,VideoCall·COMPACT Ver.,27,0
2026-08-08T22:12:11+08:00,VideoCall·COMPACT Ver.,27,0
2026-08-08T22:12:22+08:00,VideoCall·COMPACT Ver.,27,0
2026-08-08T22:12:33+08:00,VideoCall·COMPACT Ver.,27,0
2026-08-08T22:12:43+08:00,VideoCall·COMPACT Ver.,27,0
2026-08-08T22:12:54+08:00,VideoCall·COMPACT Ver.,27,0
2026-08-08T22:13:05+08:00,VideoCall·COMPACT Ver.,27,0
2026-08-08T22:13:28+08:00,VideoCall·COMPACT Ver.,27,0
2026-08-08T22:13:39+08:00,VideoCall·COMPACT Ver.,27,0
2026-08-08T22:13:50+08:00,VideoCall·COMPACT Ver.,27,0
2026-08-08T22:14:01+08:00,VideoCall·COMPACT Ver.,27,0
2026-08-08T22:14:12+08:00,VideoCall·COMPACT Ver.,27,0
2026-08-08T22:14:23+08:00,VideoCall·COMPACT Ver.,27,0
2026-08-08T22:14:47+08:00,VideoCall·COMPACT Ver.,27,0
2026-08-08T22:14:58+08:00,VideoCall·COMPACT Ver.,27,0
2026-08-08T22:15:09+08:00,VideoCall·COMPACT Ver.,27,0
2026-08-08T22:15:19+08:00,VideoCall·COMPACT Ver.,27,0
2026-08-08T22:15:30+08:00,VideoCall·COMPACT Ver.,27,0
2026-08-08T22:15:41+08:00,VideoCall·COMPACT Ver.,27,0
2026-08-08T22:16:05+08:00,VideoCall·COMPACT Ver.,27,0
2026-08-08T22:16:16+08:00,VideoCall·COMPACT Ver.,27,0
2026-08-08T22:16:26+08:00,VideoCall·COMPACT Ver.,27,0
2026-08-08T22:16:37+08:00,VideoCall·COMPACT Ver.,27,0
2026-08-08T22:16:47+08:00,VideoCall·COMPACT Ver.,27,0
2026-08-08T22:16:58+08:00,VideoCall·COMPACT Ver.,27,0
2026-08-08T22:17:22+08:00,VideoCall·COMPACT Ver.,27,0
2026-08-08T22:17:33+08:00,VideoCall·COMPACT Ver.,27,0
2026-08-08T22:17:43+08:00,VideoCall·COMPACT Ver.,27,0
2026-08-08T22:17:54+08:00,VideoCall·COMPACT Ver.,27,0
2026-08-08T22:18:05+08:00,VideoCall·COMPACT Ver.,27,0
2026-08-08T22:18:16+08:00,VideoCall·COMPACT Ver.,27,0
2026-08-08T22:18:40+08:00,VideoCall·COMPACT Ver.,27,0
2026-08-08T22:18:51+08:00,VideoCall·COMPACT Ver.,27,0
2026-08-08T22:19:02+08:00,VideoCall·COMPACT Ver.,27,0
2026-08-08T22:19:13+08:00,VideoCall·COMPACT Ver.,27,0
2026-08-08T22:19:24+08:00,VideoCall·COMPACT Ver.,27,0
2026-08-08T22:19:35+08:00,VideoCall·COMPACT Ver.,27,0
2026-08-08T22:19:59+08:00,VideoCall·COMPACT Ver.,27,0
2026-08-08T22:20:10+08:00,VideoCall·COMPACT Ver.,27,0
2026-08-08T22:20:20+08:00,VideoCall·COMPACT Ver.,27,0
2026-08-08T22:20:31+08:00,VideoCall·COMPACT Ver.,27,0
2026-08-08T22:20:42+08:00,VideoCall·COMPACT Ver.,27,0
2026-08-08T22:20:53+08:00,VideoCall·COMPACT Ver.,27,0
2026-08-08T22:21:17+08:00,VideoCall·COMPACT Ver.,27,0
2026-08-08T22:21:28+08:00,VideoCall·COMPACT Ver.,27,0
2026-08-08T22:21:38+08:00,VideoCall·COMPACT Ver.,27,0
2026-08-08T22:21:49+08:00,VideoCall·COMPACT Ver.,27,0
2026-08-08T22:22:00+08:00,VideoCall·COMPACT Ver.,27,0
2026-08-08T22:22:11+08:00,VideoCall·COMPACT Ver.,27,0
2026-08-08T22:22:35+08:00,VideoCall·COMPACT Ver.,27,0
2026-08-08T22:22:46+08:00,VideoCall·COMPACT Ver.,27,0
2026-08-08T22:22:57+08:00,VideoCall·COMPACT Ver.,27,0
2026-08-08T22:23:08+08:00,VideoCall·COMPACT Ver.,27,0
2026-08-08T22:23:19+08:00,VideoCall·COMPACT Ver.,27,0
2026-08-08T22:23:29+08:00,VideoCall·COMPACT Ver.,27,0
2026-08-08T22:23:54+08:00,VideoCall·COMPACT Ver.,27,0
2026-08-08T22:24:05+08:00,VideoCall·COMPACT Ver.,27,0
2026-08-08T22:24:15+08:00,VideoCall·COMPACT Ver.,27,0
2026-08-08T22:24:26+08:00,VideoCall·COMPACT Ver.,27,0
2026-08-08T22:24:37+08:00,VideoCall·COMPACT Ver.,27,0
2026-08-08T22:24:48+08:00,VideoCall·COMPACT Ver.,27,0
2026-08-08T22:25:13+08:00,VideoCall·COMPACT Ver.,27,0
2026-08-08T22:25:24+08:00,VideoCall·COMPACT Ver.,27,0
2026-08-08T22:25:35+08:00,VideoCall·COMPACT Ver.,27,0
2026-08-08T22:25:46+08:00,VideoCall·COMPACT Ver.,27,0
2026-08-08T22:25:57+08:00,VideoCall·COMPACT Ver.,27,0
2026-08-08T22:26:08+08:00,VideoCall·COMPACT Ver.,27,0
2026-08-08T22:26:32+08:00,VideoCall·COMPACT Ver.,27,0
2026-08-08T22:26:43+08:00,VideoCall·COMPACT Ver.,27,0
2026-08-08T22:26:53+08:00,VideoCall·COMPACT Ver.,27,0
2026-08-08T22:27:05+08:00,VideoCall·COMPACT Ver.,27,0
2026-08-08T22:27:16+08:00,VideoCall·COMPACT Ver.,27,0
2026-08-08T22:27:27+08:00,VideoCall·COMPACT Ver.,27,0
2026-08-08T22:27:51+08:00,VideoCall·COMPACT Ver.,27,0
2026-08-08T22:28:02+08:00,VideoCall·COMPACT Ver.,27,0
2026-08-08T22:28:14+08:00,VideoCall·COMPACT Ver.,27,0
2026-08-08T22:28:24+08:00,VideoCall·COMPACT Ver.,27,0
2026-08-08T22:28:35+08:00,VideoCall·COMPACT Ver.,27,0
2026-08-08T22:28:47+08:00,VideoCall·COMPACT Ver.,27,0
2026-08-08T22:29:11+08:00,VideoCall·COMPACT Ver.,27,0
2026-08-08T22:29:22+08:00,VideoCall·COMPACT Ver.,27,0
2026-08-08T22:29:33+08:00,VideoCall·COMPACT Ver.,27,0
2026-08-08T22:29:44+08:00,VideoCall·COMPACT Ver.,27,0
2026-08-08T22:29:54+08:00,VideoCall·COMPACT Ver.,27,0
2026-08-08T22:30:05+08:00,VideoCall·COMPACT Ver.,27,0
2026-08-08T22:30:30+08:00,VideoCall·COMPACT Ver.,27,0
2026-08-08T22:30:41+08:00,VideoCall·COMPACT Ver.,27,0
2026-08-08T22:30:52+08:00,VideoCall·COMPACT Ver.,27,0
2026-08-08T22:31:03+08:00,VideoCall·COMPACT Ver.,27,0
2026-08-08T22:31:13+08:00,VideoCall·COMPACT Ver.,27,0
2026-08-08T22:31:24+08:00,VideoCall·COMPACT Ver.,27,0
2026-08-08T22:31:47+08:00,VideoCall·COMPACT Ver.,27,0
2026-08-08T22:31:58+08:00,VideoCall·COMPACT Ver.,27,0
2026-08-08T22:32:09+08:00,VideoCall·COMPACT Ver.,27,0
2026-08-08T22:32:19+08:00,VideoCall·COMPACT Ver.,27,0
2026-08-08T22:32:30+08:00,VideoCall·COMPACT Ver.,27,0
2026-08-08T22:32:41+08:00,VideoCall·COMPACT Ver.,27,0
2026-08-08T22:33:04+08:00,VideoCall·COMPACT Ver.,27,0
2026-08-08T22:33:15+08:00,VideoCall·COMPACT Ver.,27,0
2026-08-08T22:33:26+08:00,VideoCall·COMPACT Ver.,27,0
2026-08-08T22:33:36+08:00,VideoCall·COMPACT Ver.,27,0
2026-08-08T22:33:47+08:00,VideoCall·COMPACT Ver.,27,0
2026-08-08T22:33:58+08:00,VideoCall·COMPACT Ver.,27,0
2026-08-08T22:34:21+08:00,VideoCall·COMPACT Ver.,27,0
2026-08-08T22:34:31+08:00,VideoCall·COMPACT Ver.,27,0
2026-08-08T22:34:43+08:00,VideoCall·COMPACT Ver.,27,0
2026-08-08T22:34:53+08:00,VideoCall·COMPACT Ver.,27,0
2026-08-08T22:35:04+08:00,VideoCall·COMPACT Ver.,27,0
2026-08-08T22:35:15+08:00,VideoCall·COMPACT Ver.,27,0
2026-08-08T22:35:39+08:00,VideoCall·COMPACT Ver.,27,0
2026-08-08T22:35:50+08:00,VideoCall·COMPACT Ver.,27,0
2026-08-08T22:36:00+08:00,VideoCall·COMPACT Ver.,27,0
2026-08-08T22:36:11+08:00,VideoCall·COMPACT Ver.,27,0
2026-08-08T22:36:22+08:00,VideoCall·COMPACT Ver.,27,0
2026-08-08T22:36:33+08:00,VideoCall·COMPACT Ver.,27,0
2026-08-08T22:36:56+08:00,VideoCall·COMPACT Ver.,27,0
2026-08-08T22:37:07+08:00,VideoCall·COMPACT Ver.,27,0
2026-08-08T22:37:18+08:00,VideoCall·COMPACT Ver.,27,0
2026-08-08T22:37:29+08:00,VideoCall·COMPACT Ver.,27,0
2026-08-08T22:37:40+08:00,VideoCall·COMPACT Ver.,27,0
2026-08-08T22:37:50+08:00,VideoCall·COMPACT Ver.,27,0
2026-08-08T22:38:15+08:00,VideoCall·COMPACT Ver.,27,0
2026-08-08T22:38:25+08:00,VideoCall·COMPACT Ver.,27,0
2026-08-08T22:38:37+08:00,VideoCall·COMPACT Ver.,27,0
2026-08-08T22:38:47+08:00,VideoCall·COMPACT Ver.,27,0
2026-08-08T22:38:58+08:00,VideoCall·COMPACT Ver.,27,0
2026-08-08T22:39:09+08:00,VideoCall·COMPACT Ver.,27,0
2026-08-08T22:39:33+08:00,VideoCall·COMPACT Ver.,27,0
2026-08-08T22:39:44+08:00,VideoCall·COMPACT Ver.,27,0
2026-08-08T22:39:54+08:00,VideoCall·COMPACT Ver.,27,0
2026-08-08T22:40:05+08:00,VideoCall·COMPACT Ver.,27,0
2026-08-08T22:40:16+08:00,VideoCall·COMPACT Ver.,27,0
2026-08-08T22:40:27+08:00,VideoCall·COMPACT Ver.,27,0
2026-08-08T22:40:52+08:00,VideoCall·COMPACT Ver.,27,0
2026-08-08T22:41:02+08:00,VideoCall·COMPACT Ver.,27,0
2026-08-08T22:41:13+08:00,VideoCall·COMPACT Ver.,27,0
2026-08-08T22:41:24+08:00,VideoCall·COMPACT Ver.,27,0
2026-08-08T22:41:35+08:00,VideoCall·COMPACT Ver.,27,0
2026-08-08T22:41:46+08:00,VideoCall·COMPACT Ver.,27,0
2026-08-08T22:42:49+08:00,VideoCall·COMPACT Ver.,27,0
2026-08-08T22:43:00+08:00,VideoCall·COMPACT Ver.,27,0
2026-08-08T22:43:10+08:00,VideoCall·COMPACT Ver.,27,0
2026-08-08T22:43:21+08:00,VideoCall·COMPACT Ver.,27,0
2026-08-08T22:43:31+08:00,VideoCall·COMPACT Ver.,27,0
2026-08-08T22:43:41+08:00,VideoCall·COMPACT Ver.,27,0
2026-08-08T22:43:51+08:00,VideoCall·COMPACT Ver.,27,0
2026-08-08T22:44:13+08:00,VideoCall·COMPACT Ver.,27,0
2026-08-08T22:44:23+08:00,VideoCall·COMPACT Ver.,27,0
2026-08-08T22:44:33+08:00,VideoCall·COMPACT Ver.,27,0
2026-08-08T22:44:44+08:00,VideoCall·COMPACT Ver.,27,0
2026-08-08T22:44:54+08:00,VideoCall·COMPACT Ver.,27,0
2026-08-08T22:45:04+08:00,VideoCall·COMPACT Ver.,27,0
2026-08-08T22:45:26+08:00,VideoCall·COMPACT Ver.,27,0
2026-08-08T22:45:36+08:00,VideoCall·COMPACT Ver.,27,0
2026-08-08T22:45:47+08:00,VideoCall·COMPACT Ver.,27,0
2026-08-08T22:45:57+08:00,VideoCall·COMPACT Ver.,27,0
2026-08-08T22:46:07+08:00,VideoCall·COMPACT Ver.,27,0
2026-08-08T22:46:18+08:00,VideoCall·COMPACT Ver.,27,0
2026-08-08T22:46:39+08:00,VideoCall·COMPACT Ver.,27,0
2026-08-08T22:46:50+08:00,VideoCall·COMPACT Ver.,27,0
2026-08-08T22:47:00+08:00,VideoCall·COMPACT Ver.,27,0
2026-08-08T22:47:10+08:00,VideoCall·COMPACT Ver.,27,0
2026-08-08T22:47:21+08:00,VideoCall·COMPACT Ver.,27,0
2026-08-08T22:47:31+08:00,VideoCall·COMPACT Ver.,27,0
2026-08-08T22:47:53+08:00,VideoCall·COMPACT Ver.,27,0
2026-08-08T22:48:03+08:00,VideoCall·COMPACT Ver.,27,0
2026-08-08T22:48:14+08:00,VideoCall·COMPACT Ver.,27,0
2026-08-08T22:48:24+08:00,VideoCall·COMPACT Ver.,27,0
2026-08-08T22:48:34+08:00,VideoCall·COMPACT Ver.,27,0
2026-08-08T22:48:45+08:00,VideoCall·COMPACT Ver.,27,0
2026-08-08T22:49:06+08:00,VideoCall·COMPACT Ver.,27,0
2026-08-08T22:49:17+08:00,VideoCall·COMPACT Ver.,27,0
2026-08-08T22:49:27+08:00,VideoCall·COMPACT Ver.,27,0
2026-08-08T22:49:37+08:00,VideoCall·COMPACT Ver.,27,0
2026-08-08T22:49:48+08:00,VideoCall·COMPACT Ver.,27,0
2026-08-08T22:49:58+08:00,VideoCall·COMPACT Ver.,27,0
2026-08-08T22:50:19+08:00,VideoCall·COMPACT Ver.,27,0
2026-08-08T22:50:30+08:00,VideoCall·COMPACT Ver.,27,0
2026-08-08T22:50:40+08:00,VideoCall·COMPACT Ver.,27,0
2026-08-08T22:50:51+08:00,VideoCall·COMPACT Ver.,27,0
2026-08-08T22:51:01+08:00,VideoCall·COMPACT Ver.,27,0
2026-08-08T22:51:12+08:00,VideoCall·COMPACT Ver.,27,0
2026-08-08T22:51:32+08:00,VideoCall·COMPACT Ver.,27,0
2026-08-08T22:51:42+08:00,VideoCall·COMPACT Ver.,27,0
2026-08-08T22:51:52+08:00,VideoCall·COMPACT Ver.,27,0
2026-08-08T22:52:03+08:00,VideoCall·COMPACT Ver.,27,0
2026-08-08T22:52:13+08:00,VideoCall·COMPACT Ver.,27,0
2026-08-08T22:52:24+08:00,VideoCall·COMPACT Ver.,27,0
2026-08-08T22:52:45+08:00,VideoCall·COMPACT Ver.,27,0
2026-08-08T22:52:55+08:00,VideoCall·COMPACT Ver.,27,0
2026-08-08T22:53:06+08:00,VideoCall·COMPACT Ver.,27,0
2026-08-08T22:53:16+08:00,VideoCall·COMPACT Ver.,27,0
2026-08-08T22:53:27+08:00,VideoCall·COMPACT Ver.,27,0
2026-08-08T22:53:37+08:00,VideoCall·COMPACT Ver.,27,0
2026-08-08T22:53:59+08:00,VideoCall·COMPACT Ver.,27,0
2026-08-08T22:54:09+08:00,VideoCall·COMPACT Ver.,27,0
2026-08-08T22:54:19+08:00,VideoCall·COMPACT Ver.,27,0
2026-08-08T22:54:30+08:00,VideoCall·COMPACT Ver.,27,0
2026-08-08T22:54:40+08:00,VideoCall·COMPACT Ver.,27,0
2026-08-08T22:54:51+08:00,VideoCall·COMPACT Ver.,27,0
2026-08-08T22:55:13+08:00,VideoCall·COMPACT Ver.,27,0
2026-08-08T22:55:23+08:00,VideoCall·COMPACT Ver.,27,0
2026-08-08T22:55:34+08:00,VideoCall·COMPACT Ver.,27,0
2026-08-08T22:55:44+08:00,VideoCall·COMPACT Ver.,27,0
2026-08-08T22:55:55+08:00,VideoCall·COMPACT Ver.,27,0
2026-08-08T22:56:05+08:00,VideoCall·COMPACT Ver.,27,0
2026-08-08T22:56:25+08:00,VideoCall·COMPACT Ver.,27,0
2026-08-08T22:56:36+08:00,VideoCall·COMPACT Ver.,27,0
2026-08-08T22:56:47+08:00,VideoCall·COMPACT Ver.,27,0
2026-08-08T22:56:57+08:00,VideoCall·COMPACT Ver.,27,0
2026-08-08T22:57:07+08:00,VideoCall·COMPACT Ver.,27,0
2026-08-08T22:57:18+08:00,VideoCall·COMPACT Ver.,27,0
2026-08-08T22:57:38+08:00,VideoCall·COMPACT Ver.,27,0
2026-08-08T22:57:49+08:00,VideoCall·COMPACT Ver.,27,0
2026-08-08T22:57:59+08:00,VideoCall·COMPACT Ver.,27,0
2026-08-08T22:58:10+08:00,VideoCall·COMPACT Ver.,27,0
2026-08-08T22:58:20+08:00,VideoCall·COMPACT Ver.,27,0
2026-08-08T22:58:30+08:00,VideoCall·COMPACT Ver.,27,0
2026-08-08T22:58:51+08:00,VideoCall·COMPACT Ver.,27,0
2026-08-08T22:59:03+08:00,VideoCall·COMPACT Ver.,27,0
2026-08-08T22:59:13+08:00,VideoCall·COMPACT Ver.,27,0
2026-08-08T22:59:24+08:00,VideoCall·COMPACT Ver.,27,0
2026-08-08T22:59:34+08:00,VideoCall·COMPACT Ver.,27,0
2026-08-08T22:59:44+08:00,VideoCall·COMPACT Ver.,27,0
2026-08-08T23:00:05+08:00,VideoCall·COMPACT Ver.,27,0
2026-08-08T23:00:15+08:00,VideoCall·COMPACT Ver.,27,0
2026-08-08T23:00:26+08:00,VideoCall·COMPACT Ver.,27,0
2026-08-08T23:00:36+08:00,VideoCall·COMPACT Ver.,27,0
2026-08-08T23:00:46+08:00,VideoCall·COMPACT Ver.,27,0
2026-08-08T23:00:57+08:00,VideoCall·COMPACT Ver.,27,0
2026-08-08T23:01:18+08:00,VideoCall·COMPACT Ver.,27,0
2026-08-08T23:01:28+08:00,VideoCall·COMPACT Ver.,27,0
2026-08-08T23:01:39+08:00,VideoCall·COMPACT Ver.,27,0
2026-08-08T23:01:49+08:00,VideoCall·COMPACT Ver.,27,0
2026-08-08T23:01:59+08:00,VideoCall·COMPACT Ver.,27,0
2026-08-08T23:02:09+08:00,VideoCall·COMPACT Ver.,27,0
2026-08-08T23:02:30+08:00,VideoCall·COMPACT Ver.,27,0
2026-08-08T23:02:40+08:00,VideoCall·COMPACT Ver.,27,0
2026-08-08T23:02:50+08:00,VideoCall·COMPACT Ver.,27,0
2026-08-08T23:03:00+08:00,VideoCall·COMPACT Ver.,27,0
2026-08-08T23:03:11+08:00,VideoCall·COMPACT Ver.,27,0
2026-08-08T23:03:21+08:00,VideoCall·COMPACT Ver.,27,0
2026-08-08T23:03:42+08:00,VideoCall·COMPACT Ver.,27,0
2026-08-08T23:03:52+08:00,VideoCall·COMPACT Ver.,27,0
2026-08-08T23:04:02+08:00,VideoCall·COMPACT Ver.,27,0
2026-08-08T23:04:12+08:00,VideoCall·COMPACT Ver.,27,0
2026-08-08T23:04:22+08:00,VideoCall·COMPACT Ver.,27,0
2026-08-08T23:04:33+08:00,VideoCall·COMPACT Ver.,27,0
2026-08-08T23:04:54+08:00,VideoCall·COMPACT Ver.,27,0
2026-08-08T23:05:04+08:00,VideoCall·COMPACT Ver.,27,0
2026-08-08T23:05:14+08:00,VideoCall·COMPACT Ver.,27,0
2026-08-08T23:05:24+08:00,VideoCall·COMPACT Ver.,27,0
2026-08-08T23:05:35+08:00,VideoCall·COMPACT Ver.,27,0
2026-08-08T23:05:45+08:00,VideoCall·COMPACT Ver.,27,0
2026-08-08T23:06:06+08:00,VideoCall·COMPACT Ver.,27,0
2026-08-08T23:06:16+08:00,VideoCall·COMPACT Ver.,27,0
2026-08-08T23:06:26+08:00,VideoCall·COMPACT Ver.,27,0
2026-08-08T23:06:37+08:00,VideoCall·COMPACT Ver.,27,0
2026-08-08T23:06:47+08:00,VideoCall·COMPACT Ver.,27,0
2026-08-08T23:06:57+08:00,VideoCall·COMPACT Ver.,27,0
2026-08-08T23:07:18+08:00,VideoCall·COMPACT Ver.,27,0
2026-08-08T23:07:28+08:00,VideoCall·COMPACT Ver.,27,0
2026-08-08T23:07:38+08:00,VideoCall·COMPACT Ver.,27,0
2026-08-08T23:07:48+08:00,VideoCall·COMPACT Ver.,27,0
2026-08-08T23:07:59+08:00,VideoCall·COMPACT Ver.,27,0
2026-08-08T23:08:09+08:00,VideoCall·COMPACT Ver.,27,0
2026-08-08T23:08:30+08:00,VideoCall·COMPACT Ver.,27,0
2026-08-08T23:08:40+08:00,VideoCall·COMPACT Ver.,27,0
2026-08-08T23:08:51+08:00,VideoCall·COMPACT Ver.,27,0
2026-08-08T23:09:01+08:00,VideoCall·COMPACT Ver.,27,0
2026-08-08T23:09:11+08:00,VideoCall·COMPACT Ver.,27,0
2026-08-08T23:09:21+08:00,VideoCall·COMPACT Ver.,27,0
2026-08-08T23:09:42+08:00,VideoCall·COMPACT Ver.,27,0
2026-08-08T23:09:53+08:00,VideoCall·COMPACT Ver.,27,0
2026-08-08T23:10:03+08:00,VideoCall·COMPACT Ver.,27,0
2026-08-08T23:10:13+08:00,VideoCall·COMPACT Ver.,27,0
2026-08-08T23:10:24+08:00,VideoCall·COMPACT Ver.,27,0
2026-08-08T23:10:34+08:00,VideoCall·COMPACT Ver.,27,0
2026-08-08T23:10:55+08:00,VideoCall·COMPACT Ver.,27,0
2026-08-08T23:11:05+08:00,VideoCall·COMPACT Ver.,27,0
2026-08-08T23:11:15+08:00,VideoCall·COMPACT Ver.,27,0
2026-08-08T23:11:25+08:00,VideoCall·COMPACT Ver.,27,0
2026-08-08T23:11:36+08:00,VideoCall·COMPACT Ver.,27,0
2026-08-08T23:11:46+08:00,VideoCall·COMPACT Ver.,27,0
2026-08-08T23:12:29+08:00,VideoCall·COMPACT Ver.,27,0
2026-08-08T23:12:40+08:00,VideoCall·COMPACT Ver.,27,0
2026-08-08T23:12:51+08:00,VideoCall·COMPACT Ver.,27,0
2026-08-08T23:13:01+08:00,VideoCall·COMPACT Ver.,27,0
2026-08-08T23:13:12+08:00,VideoCall·COMPACT Ver.,27,0
2026-08-08T23:13:22+08:00,VideoCall·COMPACT Ver.,27,0
2026-08-08T23:13:33+08:00,VideoCall·COMPACT Ver.,27,0
2026-08-08T23:13:57+08:00,VideoCall·COMPACT Ver.,27,0
2026-08-08T23:14:08+08:00,VideoCall·COMPACT Ver.,27,0
2026-08-08T23:14:18+08:00,VideoCall·COMPACT Ver.,27,0
2026-08-08T23:14:29+08:00,VideoCall·COMPACT Ver.,27,0
2026-08-08T23:14:39+08:00,VideoCall·COMPACT Ver.,27,0
2026-08-08T23:14:50+08:00,VideoCall·COMPACT Ver.,27,0
2026-08-08T23:15:14+08:00,VideoCall·COMPACT Ver.,27,0
2026-08-08T23:15:25+08:00,VideoCall·COMPACT Ver.,27,0
2026-08-08T23:15:35+08:00,VideoCall·COMPACT Ver.,27,0
2026-08-08T23:15:46+08:00,VideoCall·COMPACT Ver.,27,0
2026-08-08T23:15:57+08:00,VideoCall·COMPACT Ver.,27,0
2026-08-08T23:16:07+08:00,VideoCall·COMPACT Ver.,27,0
2026-08-08T23:16:31+08:00,VideoCall·COMPACT Ver.,27,0
2026-08-08T23:16:41+08:00,VideoCall·COMPACT Ver.,27,0
2026-08-08T23:16:51+08:00,VideoCall·COMPACT Ver.,27,0
2026-08-08T23:17:02+08:00,VideoCall·COMPACT Ver.,27,0
2026-08-08T23:17:13+08:00,VideoCall·COMPACT Ver.,27,0
2026-08-08T23:17:23+08:00,VideoCall·COMPACT Ver.,27,0
2026-08-08T23:17:47+08:00,VideoCall·COMPACT Ver.,27,0
2026-08-08T23:17:57+08:00,VideoCall·COMPACT Ver.,27,0
2026-08-08T23:18:08+08:00,VideoCall·COMPACT Ver.,27,0
2026-08-08T23:18:18+08:00,VideoCall·COMPACT Ver.,27,0
2026-08-08T23:18:28+08:00,VideoCall·COMPACT Ver.,27,0
2026-08-08T23:18:39+08:00,VideoCall·COMPACT Ver.,27,0
2026-08-08T23:19:02+08:00,VideoCall·COMPACT Ver.,27,0
2026-08-08T23:19:12+08:00,VideoCall·COMPACT Ver.,27,0
2026-08-08T23:19:23+08:00,VideoCall·COMPACT Ver.,27,0
2026-08-08T23:19:34+08:00,VideoCall·COMPACT Ver.,27,0
2026-08-08T23:19:45+08:00,VideoCall·COMPACT Ver.,27,0
2026-08-08T23:19:55+08:00,VideoCall·COMPACT Ver.,27,0
2026-08-08T23:20:19+08:00,VideoCall·COMPACT Ver.,27,0
2026-08-08T23:20:30+08:00,VideoCall·COMPACT Ver.,27,0
2026-08-08T23:20:40+08:00,VideoCall·COMPACT Ver.,27,0
2026-08-08T23:20:51+08:00,VideoCall·COMPACT Ver.,27,0
2026-08-08T23:21:01+08:00,VideoCall·COMPACT Ver.,27,0
2026-08-08T23:21:12+08:00,VideoCall·COMPACT Ver.,27,0
2026-08-08T23:21:34+08:00,VideoCall·COMPACT Ver.,27,0
2026-08-08T23:21:45+08:00,VideoCall·COMPACT Ver.,27,0
2026-08-08T23:21:56+08:00,VideoCall·COMPACT Ver.,27,0
2026-08-08T23:22:06+08:00,VideoCall·COMPACT Ver.,27,0
2026-08-08T23:22:17+08:00,VideoCall·COMPACT Ver.,27,0
2026-08-08T23:22:27+08:00,VideoCall·COMPACT Ver.,27,0
2026-08-08T23:22:51+08:00,VideoCall·COMPACT Ver.,27,0
2026-08-08T23:23:02+08:00,VideoCall·COMPACT Ver.,27,0
2026-08-08T23:23:12+08:00,VideoCall·COMPACT Ver.,27,0
2026-08-08T23:23:23+08:00,VideoCall·COMPACT Ver.,27,0
2026-08-08T23:23:33+08:00,VideoCall·COMPACT Ver.,27,0
2026-08-08T23:23:44+08:00,VideoCall·COMPACT Ver.,27,0
2026-08-08T23:24:08+08:00,VideoCall·COMPACT Ver.,27,0
2026-08-08T23:24:18+08:00,VideoCall·COMPACT Ver.,27,0
2026-08-08T23:24:28+08:00,VideoCall·COMPACT Ver.,27,0
2026-08-08T23:24:39+08:00,VideoCall·COMPACT Ver.,27,0
2026-08-08T23:24:49+08:00,VideoCall·COMPACT Ver.,27,0
2026-08-08T23:25:00+08:00,VideoCall·COMPACT Ver.,27,0
2026-08-08T23:25:23+08:00,VideoCall·COMPACT Ver.,27,0
2026-08-08T23:25:34+08:00,VideoCall·COMPACT Ver.,27,0
2026-08-08T23:25:45+08:00,VideoCall·COMPACT Ver.,27,0
2026-08-08T23:25:56+08:00,VideoCall·COMPACT Ver.,27,0
2026-08-08T23:26:06+08:00,VideoCall·COMPACT Ver.,27,0
2026-08-08T23:26:17+08:00,VideoCall·COMPACT Ver.,27,0
2026-08-08T23:26:41+08:00,VideoCall·COMPACT Ver.,27,0
2026-08-08T23:26:51+08:00,VideoCall·COMPACT Ver.,27,0
2026-08-08T23:27:01+08:00,VideoCall·COMPACT Ver.,27,0
2026-08-08T23:27:12+08:00,VideoCall·COMPACT Ver.,27,0
2026-08-08T23:27:23+08:00,VideoCall·COMPACT Ver.,27,0
2026-08-08T23:27:33+08:00,VideoCall·COMPACT Ver.,27,0
2026-08-08T23:27:57+08:00,VideoCall·COMPACT Ver.,27,0
2026-08-08T23:28:08+08:00,VideoCall·COMPACT Ver.,27,0
2026-08-08T23:28:19+08:00,VideoCall·COMPACT Ver.,27,0
2026-08-08T23:28:29+08:00,VideoCall·COMPACT Ver.,27,0
2026-08-08T23:28:39+08:00,VideoCall·COMPACT Ver.,27,0
2026-08-08T23:28:50+08:00,VideoCall·COMPACT Ver.,27,0
2026-08-08T23:29:14+08:00,VideoCall·COMPACT Ver.,27,0
2026-08-08T23:29:24+08:00,VideoCall·COMPACT Ver.,27,0
2026-08-08T23:29:35+08:00,VideoCall·COMPACT Ver.,27,0
2026-08-08T23:29:45+08:00,VideoCall·COMPACT Ver.,27,0
2026-08-08T23:29:56+08:00,VideoCall·COMPACT Ver.,27,0
2026-08-08T23:30:07+08:00,VideoCall·COMPACT Ver.,27,0
2026-08-08T23:30:31+08:00,VideoCall·COMPACT Ver.,27,0
2026-08-08T23:30:41+08:00,VideoCall·COMPACT Ver.,27,0
2026-08-08T23:30:52+08:00,VideoCall·COMPACT Ver.,27,0
2026-08-08T23:31:03+08:00,VideoCall·COMPACT Ver.,27,0
2026-08-08T23:31:13+08:00,VideoCall·COMPACT Ver.,27,0
2026-08-08T23:31:24+08:00,VideoCall·COMPACT Ver.,27,0
2026-08-08T23:31:47+08:00,VideoCall·COMPACT Ver.,27,0
2026-08-08T23:31:57+08:00,VideoCall·COMPACT Ver.,27,0
2026-08-08T23:32:08+08:00,VideoCall·COMPACT Ver.,27,0
2026-08-08T23:32:19+08:00,VideoCall·COMPACT Ver.,27,0
2026-08-08T23:32:29+08:00,VideoCall·COMPACT Ver.,27,0
2026-08-08T23:32:40+08:00,VideoCall·COMPACT Ver.,27,0
2026-08-08T23:33:03+08:00,VideoCall·COMPACT Ver.,27,0
2026-08-08T23:33:14+08:00,VideoCall·COMPACT Ver.,27,0
2026-08-08T23:33:25+08:00,VideoCall·COMPACT Ver.,27,0
2026-08-08T23:33:35+08:00,VideoCall·COMPACT Ver.,27,0
2026-08-08T23:33:46+08:00,VideoCall·COMPACT Ver.,27,0
2026-08-08T23:33:56+08:00,VideoCall·COMPACT Ver.,27,0
2026-08-08T23:34:19+08:00,VideoCall·COMPACT Ver.,27,0
2026-08-08T23:34:30+08:00,VideoCall·COMPACT Ver.,27,0
2026-08-08T23:34:41+08:00,VideoCall·COMPACT Ver.,27,0
2026-08-08T23:34:51+08:00,VideoCall·COMPACT Ver.,27,0
2026-08-08T23:35:02+08:00,VideoCall·COMPACT Ver.,27,0
2026-08-08T23:35:13+08:00,VideoCall·COMPACT Ver.,27,0
2026-08-08T23:35:36+08:00,VideoCall·COMPACT Ver.,27,0
2026-08-08T23:35:47+08:00,VideoCall·COMPACT Ver.,27,0
2026-08-08T23:35:57+08:00,VideoCall·COMPACT Ver.,27,0
2026-08-08T23:36:08+08:00,VideoCall·COMPACT Ver.,27,0
2026-08-08T23:36:18+08:00,VideoCall·COMPACT Ver.,27,0
2026-08-08T23:36:29+08:00,VideoCall·COMPACT Ver.,27,0
2026-08-08T23:36:52+08:00,VideoCall·COMPACT Ver.,27,0
2026-08-08T23:37:03+08:00,VideoCall·COMPACT Ver.,27,0
2026-08-08T23:37:14+08:00,VideoCall·COMPACT Ver.,27,0
2026-08-08T23:37:24+08:00,VideoCall·COMPACT Ver.,27,0
2026-08-08T23:37:35+08:00,VideoCall·COMPACT Ver.,27,0
2026-08-08T23:37:46+08:00,VideoCall·COMPACT Ver.,27,0
2026-08-08T23:38:10+08:00,VideoCall·COMPACT Ver.,27,0
2026-08-08T23:38:20+08:00,VideoCall·COMPACT Ver.,27,0
2026-08-08T23:38:31+08:00,VideoCall·COMPACT Ver.,27,0
2026-08-08T23:38:42+08:00,VideoCall·COMPACT Ver.,27,0
2026-08-08T23:38:52+08:00,VideoCall·COMPACT Ver.,27,0
2026-08-08T23:39:03+08:00,VideoCall·COMPACT Ver.,27,0
2026-08-08T23:39:28+08:00,VideoCall·COMPACT Ver.,27,0
2026-08-08T23:39:39+08:00,VideoCall·COMPACT Ver.,27,0
2026-08-08T23:39:49+08:00,VideoCall·COMPACT Ver.,27,0
2026-08-08T23:40:00+08:00,VideoCall·COMPACT Ver.,27,0
2026-08-08T23:40:11+08:00,VideoCall·COMPACT Ver.,27,0
2026-08-08T23:40:21+08:00,VideoCall·COMPACT Ver.,27,0
2026-08-08T23:40:45+08:00,VideoCall·COMPACT Ver.,27,0
2026-08-08T23:40:56+08:00,VideoCall·COMPACT Ver.,27,0
2026-08-08T23:41:06+08:00,VideoCall·COMPACT Ver.,27,0
2026-08-08T23:41:17+08:00,VideoCall·COMPACT Ver.,27,0
2026-08-08T23:41:27+08:00,VideoCall·COMPACT Ver.,27,0
2026-08-08T23:41:38+08:00,VideoCall·COMPACT Ver.,27,0
2026-08-08T23:42:02+08:00,VideoCall·COMPACT Ver.,27,0
2026-08-08T23:42:13+08:00,VideoCall·COMPACT Ver.,27,0
2026-08-08T23:42:23+08:00,VideoCall·COMPACT Ver.,27,0
2026-08-08T23:42:34+08:00,VideoCall·COMPACT Ver.,27,0
2026-08-08T23:42:44+08:00,VideoCall·COMPACT Ver.,27,0
2026-08-08T23:42:54+08:00,VideoCall·COMPACT Ver.,27,0
2026-08-08T23:43:18+08:00,VideoCall·COMPACT Ver.,27,0
2026-08-08T23:43:29+08:00,VideoCall·COMPACT Ver.,27,0
2026-08-08T23:43:40+08:00,VideoCall·COMPACT Ver.,27,0
2026-08-08T23:43:50+08:00,VideoCall·COMPACT Ver.,27,0
2026-08-08T23:44:01+08:00,VideoCall·COMPACT Ver.,27,0
2026-08-08T23:44:11+08:00,VideoCall·COMPACT Ver.,27,0
2026-08-08T23:44:35+08:00,VideoCall·COMPACT Ver.,27,0
2026-08-08T23:44:46+08:00,VideoCall·COMPACT Ver.,27,0
2026-08-08T23:44:56+08:00,VideoCall·COMPACT Ver.,27,0
2026-08-08T23:45:07+08:00,VideoCall·COMPACT Ver.,27,0
2026-08-08T23:45:17+08:00,VideoCall·COMPACT Ver.,27,0
2026-08-08T23:45:28+08:00,VideoCall·COMPACT Ver.,27,0
2026-08-08T23:45:51+08:00,VideoCall·COMPACT Ver.,27,0
2026-08-08T23:46:02+08:00,VideoCall·COMPACT Ver.,27,0
2026-08-08T23:46:12+08:00,VideoCall·COMPACT Ver.,27,0
2026-08-08T23:46:23+08:00,VideoCall·COMPACT Ver.,27,0
2026-08-08T23:46:34+08:00,VideoCall·COMPACT Ver.,27,0
2026-08-08T23:46:44+08:00,VideoCall·COMPACT Ver.,27,0
2026-08-08T23:47:08+08:00,VideoCall·COMPACT Ver.,27,0
2026-08-08T23:47:18+08:00,VideoCall·COMPACT Ver.,27,0
2026-08-08T23:47:28+08:00,VideoCall·COMPACT Ver.,27,0
2026-08-08T23:47:39+08:00,VideoCall·COMPACT Ver.,27,0
2026-08-08T23:47:50+08:00,VideoCall·COMPACT Ver.,27,0
2026-08-08T23:48:00+08:00,VideoCall·COMPACT Ver.,27,0
2026-08-08T23:48:54+08:00,VideoCall·COMPACT Ver.,27,0
2026-08-08T23:49:05+08:00,VideoCall·COMPACT Ver.,27,0
2026-08-08T23:49:16+08:00,VideoCall·COMPACT Ver.,27,0
2026-08-08T23:49:26+08:00,VideoCall·COMPACT Ver.,27,0
2026-08-08T23:49:37+08:00,VideoCall·COMPACT Ver.,27,0
2026-08-08T23:49:47+08:00,VideoCall·COMPACT Ver.,27,0
2026-08-08T23:49:58+08:00,VideoCall·COMPACT Ver.,27,0
2026-08-08T23:50:23+08:00,VideoCall·COMPACT Ver.,27,0
2026-08-08T23:50:34+08:00,VideoCall·COMPACT Ver.,27,0
2026-08-08T23:50:44+08:00,VideoCall·COMPACT Ver.,27,0
2026-08-08T23:50:55+08:00,VideoCall·COMPACT Ver.,27,0
2026-08-08T23:51:05+08:00,VideoCall·COMPACT Ver.,27,0
2026-08-08T23:51:16+08:00,VideoCall·COMPACT Ver.,27,0
2026-08-08T23:51:40+08:00,VideoCall·COMPACT Ver.,27,0
2026-08-08T23:51:51+08:00,VideoCall·COMPACT Ver.,27,0
2026-08-08T23:52:01+08:00,VideoCall·COMPACT Ver.,27,0
2026-08-08T23:52:12+08:00,VideoCall·COMPACT Ver.,27,0
2026-08-08T23:52:23+08:00,VideoCall·COMPACT Ver.,27,0
2026-08-08T23:52:33+08:00,VideoCall·COMPACT Ver.,27,0
2026-08-08T23:52:57+08:00,VideoCall·COMPACT Ver.,27,0
2026-08-08T23:53:08+08:00,VideoCall·COMPACT Ver.,27,0
2026-08-08T23:53:18+08:00,VideoCall·COMPACT Ver.,27,0
2026-08-08T23:53:29+08:00,VideoCall·COMPACT Ver.,27,0
2026-08-08T23:53:39+08:00,VideoCall·COMPACT Ver.,27,0
2026-08-08T23:53:51+08:00,VideoCall·COMPACT Ver.,27,0
2026-08-08T23:54:14+08:00,VideoCall·COMPACT Ver.,27,0
2026-08-08T23:54:24+08:00,VideoCall·COMPACT Ver.,27,0
2026-08-08T23:54:35+08:00,VideoCall·COMPACT Ver.,27,0
2026-08-08T23:54:45+08:00,VideoCall·COMPACT Ver.,27,0
2026-08-08T23:54:56+08:00,VideoCall·COMPACT Ver.,27,0
2026-08-08T23:55:07+08:00,VideoCall·COMPACT Ver.,27,0
2026-08-08T23:55:31+08:00,VideoCall·COMPACT Ver.,27,0
2026-08-08T23:55:42+08:00,VideoCall·COMPACT Ver.,27,0
2026-08-08T23:55:52+08:00,VideoCall·COMPACT Ver.,27,0
2026-08-08T23:56:03+08:00,VideoCall·COMPACT Ver.,27,0
2026-08-08T23:56:14+08:00,VideoCall·COMPACT Ver.,27,0
2026-08-08T23:56:24+08:00,VideoCall·COMPACT Ver.,27,0
2026-08-08T23:56:48+08:00,VideoCall·COMPACT Ver.,27,0
2026-08-08T23:56:59+08:00,VideoCall·COMPACT Ver.,27,0
2026-08-08T23:57:10+08:00,VideoCall·COMPACT Ver.,27,0
2026-08-08T23:57:20+08:00,VideoCall·COMPACT Ver.,27,0
2026-08-08T23:57:31+08:00,VideoCall·COMPACT Ver.,27,0
2026-08-08T23:57:41+08:00,VideoCall·COMPACT Ver.,27,0
2026-08-08T23:58:06+08:00,VideoCall·COMPACT Ver.,27,0
2026-08-08T23:58:17+08:00,VideoCall·COMPACT Ver.,27,0
2026-08-08T23:58:27+08:00,VideoCall·COMPACT Ver.,27,0
2026-08-08T23:58:38+08:00,VideoCall·COMPACT Ver.,27,0
2026-08-08T23:58:48+08:00,VideoCall·COMPACT Ver.,27,0
2026-08-08T23:58:59+08:00,VideoCall·COMPACT Ver.,27,0
2026-08-08T23:59:23+08:00,VideoCall·COMPACT Ver.,27,0
2026-08-08T23:59:34+08:00,VideoCall·COMPACT Ver.,27,0
2026-08-08T23:59:45+08:00,VideoCall·COMPACT Ver.,27,0
2026-08-08T23:59:55+08:00,VideoCall·COMPACT Ver.,27,0
2026-08-09T00:00:05+08:00,VideoCall·COMPACT Ver.,27,0
2026-08-09T00:00:16+08:00,VideoCall·COMPACT Ver.,27,0
2026-08-09T00:00:40+08:00,VideoCall·COMPACT Ver.,27,0
2026-08-09T00:00:50+08:00,VideoCall·COMPACT Ver.,27,0
2026-08-09T00:01:01+08:00,VideoCall·COMPACT Ver.,27,0
2026-08-09T00:01:12+08:00,VideoCall·COMPACT Ver.,27,0
2026-08-09T00:01:22+08:00,VideoCall·COMPACT Ver.,27,0
2026-08-09T00:01:33+08:00,VideoCall·COMPACT Ver.,27,0
2026-08-09T00:01:56+08:00,VideoCall·COMPACT Ver.,27,0
2026-08-09T00:02:06+08:00,VideoCall·COMPACT Ver.,27,0
2026-08-09T00:02:17+08:00,VideoCall·COMPACT Ver.,27,0
2026-08-09T00:02:27+08:00,VideoCall·COMPACT Ver.,27,0
2026-08-09T00:02:37+08:00,VideoCall·COMPACT Ver.,27,0
2026-08-09T00:02:48+08:00,VideoCall·COMPACT Ver.,27,0
2026-08-09T00:03:12+08:00,VideoCall·COMPACT Ver.,27,0
2026-08-09T00:03:23+08:00,VideoCall·COMPACT Ver.,27,0
2026-08-09T00:03:33+08:00,VideoCall·COMPACT Ver.,27,0
2026-08-09T00:03:43+08:00,VideoCall·COMPACT Ver.,27,0
2026-08-09T00:03:54+08:00,VideoCall·COMPACT Ver.,27,0
2026-08-09T00:04:04+08:00,VideoCall·COMPACT Ver.,27,0
2026-08-09T00:04:28+08:00,VideoCall·COMPACT Ver.,27,0
2026-08-09T00:04:39+08:00,VideoCall·COMPACT Ver.,27,0
2026-08-09T00:04:49+08:00,VideoCall·COMPACT Ver.,27,0
2026-08-09T00:05:00+08:00,VideoCall·COMPACT Ver.,27,0
2026-08-09T00:05:11+08:00,VideoCall·COMPACT Ver.,27,0
2026-08-09T00:05:21+08:00,VideoCall·COMPACT Ver.,27,0
2026-08-09T00:05:46+08:00,VideoCall·COMPACT Ver.,27,0
2026-08-09T00:05:56+08:00,VideoCall·COMPACT Ver.,27,0
2026-08-09T00:06:07+08:00,VideoCall·COMPACT Ver.,27,0
2026-08-09T00:06:17+08:00,VideoCall·COMPACT Ver.,27,0
2026-08-09T00:06:28+08:00,VideoCall·COMPACT Ver.,27,0
2026-08-09T00:06:38+08:00,VideoCall·COMPACT Ver.,27,0
2026-08-09T00:07:03+08:00,VideoCall·COMPACT Ver.,27,0
2026-08-09T00:07:13+08:00,VideoCall·COMPACT Ver.,27,0
2026-08-09T00:07:23+08:00,VideoCall·COMPACT Ver.,27,0
2026-08-09T00:07:33+08:00,VideoCall·COMPACT Ver.,27,0
2026-08-09T00:07:44+08:00,VideoCall·COMPACT Ver.,27,0
2026-08-09T00:07:54+08:00,VideoCall·COMPACT Ver.,27,0
2026-08-09T00:08:19+08:00,VideoCall·COMPACT Ver.,27,0
2026-08-09T00:08:29+08:00,VideoCall·COMPACT Ver.,27,0
2026-08-09T00:08:40+08:00,VideoCall·COMPACT Ver.,27,0
2026-08-09T00:08:50+08:00,VideoCall·COMPACT Ver.,27,0
2026-08-09T00:09:01+08:00,VideoCall·COMPACT Ver.,27,0
2026-08-09T00:09:12+08:00,VideoCall·COMPACT Ver.,27,0
2026-08-09T00:09:35+08:00,VideoCall·COMPACT Ver.,27,0
2026-08-09T00:09:45+08:00,VideoCall·COMPACT Ver.,27,0
2026-08-09T00:09:56+08:00,VideoCall·COMPACT Ver.,27,0
2026-08-09T00:10:07+08:00,VideoCall·COMPACT Ver.,27,0
2026-08-09T00:10:17+08:00,VideoCall·COMPACT Ver.,27,0
2026-08-09T00:10:28+08:00,VideoCall·COMPACT Ver.,27,0
2026-08-09T00:10:51+08:00,VideoCall·COMPACT Ver.,27,0
2026-08-09T00:11:02+08:00,VideoCall·COMPACT Ver.,27,0
2026-08-09T00:11:12+08:00,VideoCall·COMPACT Ver.,27,0
2026-08-09T00:11:23+08:00,VideoCall·COMPACT Ver.,27,0
2026-08-09T00:11:33+08:00,VideoCall·COMPACT Ver.,27,0
2026-08-09T00:11:44+08:00,VideoCall·COMPACT Ver.,27,0
2026-08-09T00:12:08+08:00,VideoCall·COMPACT Ver.,27,0
2026-08-09T00:12:18+08:00,VideoCall·COMPACT Ver.,27,0
2026-08-09T00:12:29+08:00,VideoCall·COMPACT Ver.,27,0
2026-08-09T00:12:39+08:00,VideoCall·COMPACT Ver.,27,0
2026-08-09T00:12:49+08:00,VideoCall·COMPACT Ver.,27,0
2026-08-09T00:13:00+08:00,VideoCall·COMPACT Ver.,27,0
2026-08-09T00:13:24+08:00,VideoCall·COMPACT Ver.,27,0
2026-08-09T00:13:34+08:00,VideoCall·COMPACT Ver.,27,0
2026-08-09T00:13:44+08:00,VideoCall·COMPACT Ver.,27,0
2026-08-09T00:13:55+08:00,VideoCall·COMPACT Ver.,27,0
2026-08-09T00:14:05+08:00,VideoCall·COMPACT Ver.,27,0
2026-08-09T00:14:15+08:00,VideoCall·COMPACT Ver.,27,0
2026-08-09T00:14:40+08:00,VideoCall·COMPACT Ver.,27,0
2026-08-09T00:14:50+08:00,VideoCall·COMPACT Ver.,27,0
2026-08-09T00:15:01+08:00,VideoCall·COMPACT Ver.,27,0
2026-08-09T00:15:11+08:00,VideoCall·COMPACT Ver.,27,0
2026-08-09T00:15:22+08:00,VideoCall·COMPACT Ver.,27,0
2026-08-09T00:15:32+08:00,VideoCall·COMPACT Ver.,27,0
2026-08-09T00:15:57+08:00,VideoCall·COMPACT Ver.,27,0
2026-08-09T00:16:07+08:00,VideoCall·COMPACT Ver.,27,0
2026-08-09T00:16:17+08:00,VideoCall·COMPACT Ver.,27,0
2026-08-09T00:16:28+08:00,VideoCall·COMPACT Ver.,27,0
2026-08-09T00:16:38+08:00,VideoCall·COMPACT Ver.,27,0
2026-08-09T00:16:48+08:00,VideoCall·COMPACT Ver.,27,0
2026-08-09T00:17:12+08:00,VideoCall·COMPACT Ver.,27,0
2026-08-09T00:17:22+08:00,VideoCall·COMPACT Ver.,27,0
2026-08-09T00:17:33+08:00,VideoCall·COMPACT Ver.,27,0
2026-08-09T00:17:44+08:00,VideoCall·COMPACT Ver.,27,0
2026-08-09T00:17:54+08:00,VideoCall·COMPACT Ver.,27,0
2026-08-09T00:18:04+08:00,VideoCall·COMPACT Ver.,27,0
2026-08-09T00:18:28+08:00,VideoCall·COMPACT Ver.,27,0
2026-08-09T00:18:39+08:00,VideoCall·COMPACT Ver.,27,0
2026-08-09T00:18:49+08:00,VideoCall·COMPACT Ver.,27,0
2026-08-09T00:19:00+08:00,VideoCall·COMPACT Ver.,27,0
2026-08-09T00:19:11+08:00,VideoCall·COMPACT Ver.,27,0
2026-08-09T00:19:21+08:00,VideoCall·COMPACT Ver.,27,0
2026-08-09T00:19:44+08:00,VideoCall·COMPACT Ver.,27,0
2026-08-09T00:19:54+08:00,VideoCall·COMPACT Ver.,27,0
2026-08-09T00:20:05+08:00,VideoCall·COMPACT Ver.,27,0
2026-08-09T00:20:16+08:00,VideoCall·COMPACT Ver.,27,0
2026-08-09T00:20:26+08:00,VideoCall·COMPACT Ver.,27,0
2026-08-09T00:20:36+08:00,VideoCall·COMPACT Ver.,27,0
2026-08-09T00:20:59+08:00,VideoCall·COMPACT Ver.,27,0
2026-08-09T00:21:10+08:00,VideoCall·COMPACT Ver.,27,0
2026-08-09T00:21:20+08:00,VideoCall·COMPACT Ver.,27,0
2026-08-09T00:21:31+08:00,VideoCall·COMPACT Ver.,27,0
2026-08-09T00:21:41+08:00,VideoCall·COMPACT Ver.,27,0
2026-08-09T00:21:52+08:00,VideoCall·COMPACT Ver.,27,0
2026-08-09T00:22:17+08:00,VideoCall·COMPACT Ver.,27,0
2026-08-09T00:22:27+08:00,VideoCall·COMPACT Ver.,27,0
2026-08-09T00:22:37+08:00,VideoCall·COMPACT Ver.,27,0
2026-08-09T00:22:48+08:00,VideoCall·COMPACT Ver.,27,0
2026-08-09T00:22:58+08:00,VideoCall·COMPACT Ver.,27,0
2026-08-09T00:23:08+08:00,VideoCall·COMPACT Ver.,27,0
2026-08-09T00:23:33+08:00,VideoCall·COMPACT Ver.,27,0
2026-08-09T00:23:43+08:00,VideoCall·COMPACT Ver.,27,0
2026-08-09T00:23:54+08:00,VideoCall·COMPACT Ver.,27,0
2026-08-09T00:24:05+08:00,VideoCall·COMPACT Ver.,27,0
2026-08-09T00:24:15+08:00,VideoCall·COMPACT Ver.,27,0
2026-08-09T00:24:26+08:00,VideoCall·COMPACT Ver.,27,0
2026-08-09T00:24:49+08:00,VideoCall·COMPACT Ver.,27,0
2026-08-09T00:24:59+08:00,VideoCall·COMPACT Ver.,27,0
2026-08-09T00:25:10+08:00,VideoCall·COMPACT Ver.,27,0
2026-08-09T00:25:21+08:00,VideoCall·COMPACT Ver.,27,0
2026-08-09T00:25:31+08:00,VideoCall·COMPACT Ver.,27,0
2026-08-09T00:25:42+08:00,VideoCall·COMPACT Ver.,27,0
2026-08-09T00:26:05+08:00,VideoCall·COMPACT Ver.,27,0
2026-08-09T00:26:15+08:00,VideoCall·COMPACT Ver.,27,0
2026-08-09T00:26:26+08:00,VideoCall·COMPACT Ver.,27,0
2026-08-09T00:26:36+08:00,VideoCall·COMPACT Ver.,27,0
2026-08-09T00:26:48+08:00,VideoCall·COMPACT Ver.,27,0
2026-08-09T00:26:58+08:00,VideoCall·COMPACT Ver.,27,0
2026-08-09T00:27:22+08:00,VideoCall·COMPACT Ver.,27,0
2026-08-09T00:27:33+08:00,VideoCall·COMPACT Ver.,27,0
2026-08-09T00:27:43+08:00,VideoCall·COMPACT Ver.,27,0
2026-08-09T00:27:53+08:00,VideoCall·COMPACT Ver.,27,0
2026-08-09T00:28:04+08:00,VideoCall·COMPACT Ver.,27,0
2026-08-09T00:28:14+08:00,VideoCall·COMPACT Ver.,27,0
2026-08-09T00:28:38+08:00,VideoCall·COMPACT Ver.,27,0
2026-08-09T00:28:48+08:00,VideoCall·COMPACT Ver.,27,0
2026-08-09T00:28:59+08:00,VideoCall·COMPACT Ver.,27,0
2026-08-09T00:29:09+08:00,VideoCall·COMPACT Ver.,27,0
2026-08-09T00:29:19+08:00,VideoCall·COMPACT Ver.,27,0
2026-08-09T00:29:30+08:00,VideoCall·COMPACT Ver.,27,0
2026-08-09T00:29:54+08:00,VideoCall·COMPACT Ver.,27,0
2026-08-09T00:30:05+08:00,VideoCall·COMPACT Ver.,27,0
2026-08-09T00:30:15+08:00,VideoCall·COMPACT Ver.,27,0
2026-08-09T00:30:25+08:00,VideoCall·COMPACT Ver.,27,0
2026-08-09T00:30:36+08:00,VideoCall·COMPACT Ver.,27,0
2026-08-09T00:30:46+08:00,VideoCall·COMPACT Ver.,27,0
2026-08-09T00:31:09+08:00,VideoCall·COMPACT Ver.,27,0
2026-08-09T00:31:20+08:00,VideoCall·COMPACT Ver.,27,0
2026-08-09T00:31:30+08:00,VideoCall·COMPACT Ver.,27,0
2026-08-09T00:31:40+08:00,VideoCall·COMPACT Ver.,27,0
2026-08-09T00:31:50+08:00,VideoCall·COMPACT Ver.,27,0
2026-08-09T00:32:01+08:00,VideoCall·COMPACT Ver.,27,0
2026-08-09T00:32:25+08:00,VideoCall·COMPACT Ver.,27,0
2026-08-09T00:32:35+08:00,VideoCall·COMPACT Ver.,27,0
2026-08-09T00:32:45+08:00,VideoCall·COMPACT Ver.,27,0
2026-08-09T00:32:56+08:00,VideoCall·COMPACT Ver.,27,0
2026-08-09T00:33:06+08:00,VideoCall·COMPACT Ver.,27,0
2026-08-09T00:33:16+08:00,VideoCall·COMPACT Ver.,27,0
2026-08-09T00:33:40+08:00,VideoCall·COMPACT Ver.,27,0
2026-08-09T00:33:50+08:00,VideoCall·COMPACT Ver.,27,0
2026-08-09T00:34:00+08:00,VideoCall·COMPACT Ver.,27,0
2026-08-09T00:34:11+08:00,VideoCall·COMPACT Ver.,27,0
2026-08-09T00:34:21+08:00,VideoCall·COMPACT Ver.,27,0
2026-08-09T00:34:32+08:00,VideoCall·COMPACT Ver.,27,0
2026-08-09T00:34:54+08:00,VideoCall·COMPACT Ver.,27,0
2026-08-09T00:35:05+08:00,VideoCall·COMPACT Ver.,27,0
2026-08-09T00:35:15+08:00,VideoCall·COMPACT Ver.,27,0
2026-08-09T00:35:26+08:00,VideoCall·COMPACT Ver.,27,0
2026-08-09T00:35:36+08:00,VideoCall·COMPACT Ver.,27,0
2026-08-09T00:35:46+08:00,VideoCall·COMPACT Ver.,27,0
2026-08-09T00:36:10+08:00,VideoCall·COMPACT Ver.,27,0
2026-08-09T00:36:20+08:00,VideoCall·COMPACT Ver.,27,0
2026-08-09T00:36:31+08:00,VideoCall·COMPACT Ver.,27,0
2026-08-09T00:36:41+08:00,VideoCall·COMPACT Ver.,27,0
2026-08-09T00:36:52+08:00,VideoCall·COMPACT Ver.,27,0
2026-08-09T00:37:02+08:00,VideoCall·COMPACT Ver.,27,0
2026-08-09T00:38:20+08:00,VideoCall·COMPACT Ver.,27,0
2026-08-09T00:38:31+08:00,VideoCall·COMPACT Ver.,27,0
2026-08-09T00:38:41+08:00,VideoCall·COMPACT Ver.,27,0
2026-08-09T00:38:51+08:00,VideoCall·COMPACT Ver.,27,0
2026-08-09T00:39:02+08:00,VideoCall·COMPACT Ver.,27,0
2026-08-09T00:39:13+08:00,VideoCall·COMPACT Ver.,27,0
2026-08-09T00:39:23+08:00,VideoCall·COMPACT Ver.,27,0
2026-08-09T00:39:46+08:00,VideoCall·COMPACT Ver.,27,0
2026-08-09T00:39:56+08:00,VideoCall·COMPACT Ver.,27,0
2026-08-09T00:40:07+08:00,VideoCall·COMPACT Ver.,27,0
2026-08-09T00:40:18+08:00,VideoCall·COMPACT Ver.,27,0
2026-08-09T00:40:29+08:00,VideoCall·COMPACT Ver.,27,0
2026-08-09T00:40:39+08:00,VideoCall·COMPACT Ver.,27,0
2026-08-09T00:41:02+08:00,VideoCall·COMPACT Ver.,27,0
2026-08-09T00:41:12+08:00,VideoCall·COMPACT Ver.,27,0
2026-08-09T00:41:23+08:00,VideoCall·COMPACT Ver.,27,0
2026-08-09T00:41:33+08:00,VideoCall·COMPACT Ver.,27,0
2026-08-09T00:41:44+08:00,VideoCall·COMPACT Ver.,27,0
2026-08-09T00:41:54+08:00,VideoCall·COMPACT Ver.,27,0
2026-08-09T00:42:16+08:00,VideoCall·COMPACT Ver.,27,0
2026-08-09T00:42:27+08:00,VideoCall·COMPACT Ver.,27,0
2026-08-09T00:42:37+08:00,VideoCall·COMPACT Ver.,27,0
2026-08-09T00:42:47+08:00,VideoCall·COMPACT Ver.,27,0
2026-08-09T00:42:58+08:00,VideoCall·COMPACT Ver.,27,0
2026-08-09T00:43:08+08:00,VideoCall·COMPACT Ver.,27,0
2026-08-09T00:43:29+08:00,VideoCall·COMPACT Ver.,27,0
2026-08-09T00:43:40+08:00,VideoCall·COMPACT Ver.,27,0
2026-08-09T00:43:50+08:00,VideoCall·COMPACT Ver.,27,0
2026-08-09T00:44:00+08:00,VideoCall·COMPACT Ver.,27,0
2026-08-09T00:44:11+08:00,VideoCall·COMPACT Ver.,27,0
2026-08-09T00:44:21+08:00,VideoCall·COMPACT Ver.,27,0
2026-08-09T00:44:43+08:00,VideoCall·COMPACT Ver.,27,0
2026-08-09T00:44:53+08:00,VideoCall·COMPACT Ver.,27,0
2026-08-09T00:45:04+08:00,VideoCall·COMPACT Ver.,27,0
2026-08-09T00:45:14+08:00,VideoCall·COMPACT Ver.,27,0
2026-08-09T00:45:24+08:00,VideoCall·COMPACT Ver.,27,0
2026-08-09T00:45:35+08:00,VideoCall·COMPACT Ver.,27,0
2026-08-09T00:45:57+08:00,VideoCall·COMPACT Ver.,27,0
2026-08-09T00:46:07+08:00,VideoCall·COMPACT Ver.,27,0
2026-08-09T00:46:18+08:00,VideoCall·COMPACT Ver.,27,0
2026-08-09T00:46:29+08:00,VideoCall·COMPACT Ver.,27,0
2026-08-09T00:46:39+08:00,VideoCall·COMPACT Ver.,27,0
2026-08-09T00:46:50+08:00,VideoCall·COMPACT Ver.,27,0
2026-08-09T00:47:12+08:00,VideoCall·COMPACT Ver.,27,0
2026-08-09T00:47:23+08:00,VideoCall·COMPACT Ver.,27,0
2026-08-09T00:47:34+08:00,VideoCall·COMPACT Ver.,27,0
2026-08-09T00:47:44+08:00,VideoCall·COMPACT Ver.,27,0
2026-08-09T00:47:55+08:00,VideoCall·COMPACT Ver.,27,0
2026-08-09T00:48:05+08:00,VideoCall·COMPACT Ver.,27,0
2026-08-09T00:48:27+08:00,VideoCall·COMPACT Ver.,27,0
2026-08-09T00:48:37+08:00,VideoCall·COMPACT Ver.,27,0
2026-08-09T00:48:48+08:00,VideoCall·COMPACT Ver.,27,0
2026-08-09T00:48:59+08:00,VideoCall·COMPACT Ver.,27,0
2026-08-09T00:49:09+08:00,VideoCall·COMPACT Ver.,27,0
2026-08-09T00:49:20+08:00,VideoCall·COMPACT Ver.,27,0
2026-08-09T00:49:42+08:00,VideoCall·COMPACT Ver.,27,0
2026-08-09T00:49:52+08:00,VideoCall·COMPACT Ver.,27,0
2026-08-09T00:50:03+08:00,VideoCall·COMPACT Ver.,27,0
2026-08-09T00:50:13+08:00,VideoCall·COMPACT Ver.,27,0
2026-08-09T00:50:23+08:00,VideoCall·COMPACT Ver.,27,0
2026-08-09T00:50:34+08:00,VideoCall·COMPACT Ver.,27,0
2026-08-09T00:50:56+08:00,VideoCall·COMPACT Ver.,27,0
2026-08-09T00:51:06+08:00,VideoCall·COMPACT Ver.,27,0
2026-08-09T00:51:17+08:00,VideoCall·COMPACT Ver.,27,0
2026-08-09T00:51:27+08:00,VideoCall·COMPACT Ver.,27,0
2026-08-09T00:51:37+08:00,VideoCall·COMPACT Ver.,27,0
2026-08-09T00:51:48+08:00,VideoCall·COMPACT Ver.,27,0
2026-08-09T00:52:09+08:00,VideoCall·COMPACT Ver.,27,0
2026-08-09T00:52:19+08:00,VideoCall·COMPACT Ver.,27,0
2026-08-09T00:52:29+08:00,VideoCall·COMPACT Ver.,27,0
2026-08-09T00:52:39+08:00,VideoCall·COMPACT Ver.,27,0
2026-08-09T00:52:50+08:00,VideoCall·COMPACT Ver.,27,0
2026-08-09T00:53:00+08:00,VideoCall·COMPACT Ver.,27,0
2026-08-09T00:53:22+08:00,VideoCall·COMPACT Ver.,27,0
2026-08-09T00:53:32+08:00,VideoCall·COMPACT Ver.,27,0
2026-08-09T00:53:42+08:00,VideoCall·COMPACT Ver.,27,0
2026-08-09T00:53:52+08:00,VideoCall·COMPACT Ver.,27,0
2026-08-09T00:54:03+08:00,VideoCall·COMPACT Ver.,27,0
2026-08-09T00:54:13+08:00,VideoCall·COMPACT Ver.,27,0
2026-08-09T00:54:36+08:00,VideoCall·COMPACT Ver.,27,0
2026-08-09T00:54:47+08:00,VideoCall·COMPACT Ver.,27,0
2026-08-09T00:54:57+08:00,VideoCall·COMPACT Ver.,27,0
2026-08-09T00:55:08+08:00,VideoCall·COMPACT Ver.,27,0
2026-08-09T00:55:18+08:00,VideoCall·COMPACT Ver.,27,0
2026-08-09T00:55:28+08:00,VideoCall·COMPACT Ver.,27,0
2026-08-09T00:55:50+08:00,VideoCall·COMPACT Ver.,27,0
2026-08-09T00:56:01+08:00,VideoCall·COMPACT Ver.,27,0
2026-08-09T00:56:11+08:00,VideoCall·COMPACT Ver.,27,0
2026-08-09T00:56:21+08:00,VideoCall·COMPACT Ver.,27,0
2026-08-09T00:56:32+08:00,VideoCall·COMPACT Ver.,27,0
2026-08-09T00:56:42+08:00,VideoCall·COMPACT Ver.,27,0
2026-08-09T00:57:04+08:00,VideoCall·COMPACT Ver.,27,0
2026-08-09T00:57:14+08:00,VideoCall·COMPACT Ver.,27,0
2026-08-09T00:57:24+08:00,VideoCall·COMPACT Ver.,27,0
2026-08-09T00:57:35+08:00,VideoCall·COMPACT Ver.,27,0
2026-08-09T00:57:45+08:00,VideoCall·COMPACT Ver.,27,0
2026-08-09T00:57:55+08:00,VideoCall·COMPACT Ver.,27,0
2026-08-09T00:58:17+08:00,VideoCall·COMPACT Ver.,27,0
2026-08-09T00:58:28+08:00,VideoCall·COMPACT Ver.,27,0
2026-08-09T00:58:38+08:00,VideoCall·COMPACT Ver.,27,0
2026-08-09T00:58:48+08:00,VideoCall·COMPACT Ver.,27,0
2026-08-09T00:58:59+08:00,VideoCall·COMPACT Ver.,27,0
2026-08-09T00:59:09+08:00,VideoCall·COMPACT Ver.,27,0
2026-08-09T00:59:31+08:00,VideoCall·COMPACT Ver.,27,0
2026-08-09T00:59:41+08:00,VideoCall·COMPACT Ver.,27,0
2026-08-09T00:59:52+08:00,VideoCall·COMPACT Ver.,27,0
2026-08-09T01:00:02+08:00,VideoCall·COMPACT Ver.,27,0
2026-08-09T01:00:13+08:00,VideoCall·COMPACT Ver.,27,0
2026-08-09T01:00:23+08:00,VideoCall·COMPACT Ver.,27,0
2026-08-09T01:00:45+08:00,VideoCall·COMPACT Ver.,27,0
2026-08-09T01:00:55+08:00,VideoCall·COMPACT Ver.,27,0
2026-08-09T01:01:06+08:00,VideoCall·COMPACT Ver.,27,0
2026-08-09T01:01:17+08:00,VideoCall·COMPACT Ver.,27,0
2026-08-09T01:01:27+08:00,VideoCall·COMPACT Ver.,27,0
2026-08-09T01:01:38+08:00,VideoCall·COMPACT Ver.,27,0
2026-08-09T01:02:00+08:00,VideoCall·COMPACT Ver.,27,0
2026-08-09T01:02:11+08:00,VideoCall·COMPACT Ver.,27,0
2026-08-09T01:02:21+08:00,VideoCall·COMPACT Ver.,27,0
2026-08-09T01:02:32+08:00,VideoCall·COMPACT Ver.,27,0
2026-08-09T01:02:43+08:00,VideoCall·COMPACT Ver.,27,0
2026-08-09T01:02:53+08:00,VideoCall·COMPACT Ver.,27,0
2026-08-09T01:03:15+08:00,VideoCall·COMPACT Ver.,27,0
2026-08-09T01:03:26+08:00,VideoCall·COMPACT Ver.,27,0
2026-08-09T01:03:37+08:00,VideoCall·COMPACT Ver.,27,0
2026-08-09T01:03:47+08:00,VideoCall·COMPACT Ver.,27,0
2026-08-09T01:03:58+08:00,VideoCall·COMPACT Ver.,27,0
2026-08-09T01:04:08+08:00,VideoCall·COMPACT Ver.,27,0
2026-08-09T01:04:30+08:00,VideoCall·COMPACT Ver.,27,0
2026-08-09T01:04:41+08:00,VideoCall·COMPACT Ver.,27,0
2026-08-09T01:04:51+08:00,VideoCall·COMPACT Ver.,27,0
2026-08-09T01:05:02+08:00,VideoCall·COMPACT Ver.,27,0
2026-08-09T01:05:12+08:00,VideoCall·COMPACT Ver.,27,0
2026-08-09T01:05:23+08:00,VideoCall·COMPACT Ver.,27,0
2026-08-09T01:05:45+08:00,VideoCall·COMPACT Ver.,27,0
2026-08-09T01:05:56+08:00,VideoCall·COMPACT Ver.,27,0
2026-08-09T01:06:06+08:00,VideoCall·COMPACT Ver.,27,0
2026-08-09T01:06:16+08:00,VideoCall·COMPACT Ver.,27,0
2026-08-09T01:06:26+08:00,VideoCall·COMPACT Ver.,27,0
2026-08-09T01:06:37+08:00,VideoCall·COMPACT Ver.,27,0
2026-08-09T01:06:59+08:00,VideoCall·COMPACT Ver.,27,0
2026-08-09T01:07:09+08:00,VideoCall·COMPACT Ver.,27,0
2026-08-09T01:07:20+08:00,VideoCall·COMPACT Ver.,27,0
2026-08-09T01:07:30+08:00,VideoCall·COMPACT Ver.,27,0
2026-08-09T01:07:41+08:00,VideoCall·COMPACT Ver.,27,0
2026-08-09T01:07:52+08:00,VideoCall·COMPACT Ver.,27,0
2026-08-09T01:08:13+08:00,VideoCall·COMPACT Ver.,27,0
2026-08-09T01:08:24+08:00,VideoCall·COMPACT Ver.,27,0
2026-08-09T01:08:35+08:00,VideoCall·COMPACT Ver.,27,0
2026-08-09T01:08:45+08:00,VideoCall·COMPACT Ver.,27,0
2026-08-09T01:08:56+08:00,VideoCall·COMPACT Ver.,27,0
2026-08-09T01:09:06+08:00,VideoCall·COMPACT Ver.,27,0
2026-08-09T01:09:28+08:00,VideoCall·COMPACT Ver.,27,0
2026-08-09T01:09:38+08:00,VideoCall·COMPACT Ver.,27,0
2026-08-09T01:09:48+08:00,VideoCall·COMPACT Ver.,27,0
2026-08-09T01:09:59+08:00,VideoCall·COMPACT Ver.,27,0
2026-08-09T01:10:09+08:00,VideoCall·COMPACT Ver.,27,0
2026-08-09T01:10:19+08:00,VideoCall·COMPACT Ver.,27,0
2026-08-09T01:10:41+08:00,VideoCall·COMPACT Ver.,27,0
2026-08-09T01:10:52+08:00,VideoCall·COMPACT Ver.,27,0
2026-08-09T01:11:02+08:00,VideoCall·COMPACT Ver.,27,0
2026-08-09T01:11:13+08:00,VideoCall·COMPACT Ver.,27,0
2026-08-09T01:11:24+08:00,VideoCall·COMPACT Ver.,27,0
2026-08-09T01:11:34+08:00,VideoCall·COMPACT Ver.,27,0
2026-08-09T01:12:54+08:00,VideoCall·COMPACT Ver.,27,0
2026-08-09T01:13:05+08:00,VideoCall·COMPACT Ver.,27,0
2026-08-09T01:13:16+08:00,VideoCall·COMPACT Ver.,27,0
2026-08-09T01:13:26+08:00,VideoCall·COMPACT Ver.,27,0
2026-08-09T01:13:37+08:00,VideoCall·COMPACT Ver.,27,0
2026-08-09T01:13:47+08:00,VideoCall·COMPACT Ver.,27,0
2026-08-09T01:13:58+08:00,VideoCall·COMPACT Ver.,27,0
2026-08-09T01:14:20+08:00,VideoCall·COMPACT Ver.,27,0
2026-08-09T01:14:31+08:00,VideoCall·COMPACT Ver.,27,0
2026-08-09T01:14:41+08:00,VideoCall·COMPACT Ver.,27,0
2026-08-09T01:14:51+08:00,VideoCall·COMPACT Ver.,27,0
2026-08-09T01:15:02+08:00,VideoCall·COMPACT Ver.,27,0
2026-08-09T01:15:12+08:00,VideoCall·COMPACT Ver.,27,0
2026-08-09T01:15:35+08:00,VideoCall·COMPACT Ver.,27,0
2026-08-09T01:15:46+08:00,VideoCall·COMPACT Ver.,27,0
2026-08-09T01:15:57+08:00,VideoCall·COMPACT Ver.,27,0
2026-08-09T01:16:07+08:00,VideoCall·COMPACT Ver.,27,0
2026-08-09T01:16:18+08:00,VideoCall·COMPACT Ver.,27,0
2026-08-09T01:16:28+08:00,VideoCall·COMPACT Ver.,27,0
2026-08-09T01:16:50+08:00,VideoCall·COMPACT Ver.,27,0
2026-08-09T01:17:01+08:00,VideoCall·COMPACT Ver.,27,0
2026-08-09T01:17:11+08:00,VideoCall·COMPACT Ver.,27,0
2026-08-09T01:17:22+08:00,VideoCall·COMPACT Ver.,27,0
2026-08-09T01:17:32+08:00,VideoCall·COMPACT Ver.,27,0
2026-08-09T01:17:43+08:00,VideoCall·COMPACT Ver.,27,0
2026-08-09T01:18:06+08:00,VideoCall·COMPACT Ver.,27,0
2026-08-09T01:18:16+08:00,VideoCall·COMPACT Ver.,27,0
2026-08-09T01:18:27+08:00,VideoCall·COMPACT Ver.,27,0
2026-08-09T01:18:37+08:00,VideoCall·COMPACT Ver.,27,0
2026-08-09T01:18:48+08:00,VideoCall·COMPACT Ver.,27,0
2026-08-09T01:18:58+08:00,VideoCall·COMPACT Ver.,27,0
2026-08-09T01:19:21+08:00,VideoCall·COMPACT Ver.,27,0
2026-08-09T01:19:31+08:00,VideoCall·COMPACT Ver.,27,0
2026-08-09T01:19:42+08:00,VideoCall·COMPACT Ver.,27,0
2026-08-09T01:19:52+08:00,VideoCall·COMPACT Ver.,27,0
2026-08-09T01:20:03+08:00,VideoCall·COMPACT Ver.,27,0
2026-08-09T01:20:14+08:00,VideoCall·COMPACT Ver.,27,0
2026-08-09T01:20:35+08:00,VideoCall·COMPACT Ver.,27,0
2026-08-09T01:20:46+08:00,VideoCall·COMPACT Ver.,27,0
2026-08-09T01:20:57+08:00,VideoCall·COMPACT Ver.,27,0
2026-08-09T01:21:07+08:00,VideoCall·COMPACT Ver.,27,0
2026-08-09T01:21:18+08:00,VideoCall·COMPACT Ver.,27,0
2026-08-09T01:21:28+08:00,VideoCall·COMPACT Ver.,27,0
2026-08-09T01:21:50+08:00,VideoCall·COMPACT Ver.,27,0
2026-08-09T01:22:01+08:00,VideoCall·COMPACT Ver.,27,0
2026-08-09T01:22:11+08:00,VideoCall·COMPACT Ver.,27,0
2026-08-09T01:22:22+08:00,VideoCall·COMPACT Ver.,27,0
2026-08-09T01:22:32+08:00,VideoCall·COMPACT Ver.,27,0
2026-08-09T01:22:43+08:00,VideoCall·COMPACT Ver.,27,0
2026-08-09T01:23:05+08:00,VideoCall·COMPACT Ver.,27,0
2026-08-09T01:23:15+08:00,VideoCall·COMPACT Ver.,27,0
2026-08-09T01:23:26+08:00,VideoCall·COMPACT Ver.,27,0
2026-08-09T01:23:36+08:00,VideoCall·COMPACT Ver.,27,0
2026-08-09T01:23:47+08:00,VideoCall·COMPACT Ver.,27,0
2026-08-09T01:23:57+08:00,VideoCall·COMPACT Ver.,27,0
2026-08-09T01:24:19+08:00,VideoCall·COMPACT Ver.,27,0
2026-08-09T01:24:30+08:00,VideoCall·COMPACT Ver.,27,0
2026-08-09T01:24:40+08:00,VideoCall·COMPACT Ver.,27,0
2026-08-09T01:24:51+08:00,VideoCall·COMPACT Ver.,27,0
2026-08-09T01:25:01+08:00,VideoCall·COMPACT Ver.,27,0
2026-08-09T01:25:12+08:00,VideoCall·COMPACT Ver.,27,0
2026-08-09T01:25:34+08:00,VideoCall·COMPACT Ver.,27,0
2026-08-09T01:25:45+08:00,VideoCall·COMPACT Ver.,27,0
2026-08-09T01:25:55+08:00,VideoCall·COMPACT Ver.,27,0
2026-08-09T01:26:06+08:00,VideoCall·COMPACT Ver.,27,0
2026-08-09T01:26:17+08:00,VideoCall·COMPACT Ver.,27,0
2026-08-09T01:26:27+08:00,VideoCall·COMPACT Ver.,27,0
2026-08-09T01:26:49+08:00,VideoCall·COMPACT Ver.,27,0
2026-08-09T01:27:00+08:00,VideoCall·COMPACT Ver.,27,0
2026-08-09T01:27:10+08:00,VideoCall·COMPACT Ver.,27,0
2026-08-09T01:27:21+08:00,VideoCall·COMPACT Ver.,27,0
2026-08-09T01:27:32+08:00,VideoCall·COMPACT Ver.,27,0
2026-08-09T01:27:42+08:00,VideoCall·COMPACT Ver.,27,0
2026-08-09T01:28:05+08:00,VideoCall·COMPACT Ver.,27,0
2026-08-09T01:28:16+08:00,VideoCall·COMPACT Ver.,27,0
2026-08-09T01:28:26+08:00,VideoCall·COMPACT Ver.,27,0
2026-08-09T01:28:37+08:00,VideoCall·COMPACT Ver.,27,0
2026-08-09T01:28:48+08:00,VideoCall·COMPACT Ver.,27,0
2026-08-09T01:28:59+08:00,VideoCall·COMPACT Ver.,27,0
2026-08-09T01:29:21+08:00,VideoCall·COMPACT Ver.,27,0
2026-08-09T01:29:32+08:00,VideoCall·COMPACT Ver.,27,0
2026-08-09T01:29:42+08:00,VideoCall·COMPACT Ver.,27,0
2026-08-09T01:29:53+08:00,VideoCall·COMPACT Ver.,27,0
2026-08-09T01:30:03+08:00,VideoCall·COMPACT Ver.,27,0
2026-08-09T01:30:14+08:00,VideoCall·COMPACT Ver.,27,0
2026-08-09T01:30:36+08:00,VideoCall·COMPACT Ver.,27,0
2026-08-09T01:30:46+08:00,VideoCall·COMPACT Ver.,27,0
2026-08-09T01:30:57+08:00,VideoCall·COMPACT Ver.,27,0
2026-08-09T01:31:08+08:00,VideoCall·COMPACT Ver.,27,0
2026-08-09T01:31:18+08:00,VideoCall·COMPACT Ver.,27,0
2026-08-09T01:31:29+08:00,VideoCall·COMPACT Ver.,27,0
2026-08-09T01:31:51+08:00,VideoCall·COMPACT Ver.,27,0
2026-08-09T01:32:01+08:00,VideoCall·COMPACT Ver.,27,0
2026-08-09T01:32:11+08:00,VideoCall·COMPACT Ver.,27,0
2026-08-09T01:32:22+08:00,VideoCall·COMPACT Ver.,27,0
2026-08-09T01:32:32+08:00,VideoCall·COMPACT Ver.,27,0
2026-08-09T01:32:43+08:00,VideoCall·COMPACT Ver.,27,0
2026-08-09T01:33:05+08:00,VideoCall·COMPACT Ver.,27,0
2026-08-09T01:33:16+08:00,VideoCall·COMPACT Ver.,27,0
2026-08-09T01:33:27+08:00,VideoCall·COMPACT Ver.,27,0
2026-08-09T01:33:37+08:00,VideoCall·COMPACT Ver.,27,0
2026-08-09T01:33:48+08:00,VideoCall·COMPACT Ver.,27,0
2026-08-09T01:33:58+08:00,VideoCall·COMPACT Ver.,27,0
2026-08-09T01:34:21+08:00,VideoCall·COMPACT Ver.,27,0
2026-08-09T01:34:32+08:00,VideoCall·COMPACT Ver.,27,0
2026-08-09T01:34:43+08:00,VideoCall·COMPACT Ver.,27,0
2026-08-09T01:34:53+08:00,VideoCall·COMPACT Ver.,27,0
2026-08-09T01:35:03+08:00,VideoCall·COMPACT Ver.,27,0
2026-08-09T01:35:14+08:00,VideoCall·COMPACT Ver.,27,0
2026-08-09T01:35:36+08:00,VideoCall·COMPACT Ver.,27,0
2026-08-09T01:35:47+08:00,VideoCall·COMPACT Ver.,27,0
2026-08-09T01:35:57+08:00,VideoCall·COMPACT Ver.,27,0
2026-08-09T01:36:07+08:00,VideoCall·COMPACT Ver.,27,0
2026-08-09T01:36:18+08:00,VideoCall·COMPACT Ver.,27,0
2026-08-09T01:36:28+08:00,VideoCall·COMPACT Ver.,27,0
2026-08-09T01:36:51+08:00,VideoCall·COMPACT Ver.,27,0
2026-08-09T01:37:01+08:00,VideoCall·COMPACT Ver.,27,0
2026-08-09T01:37:11+08:00,VideoCall·COMPACT Ver.,27,0
2026-08-09T01:37:22+08:00,VideoCall·COMPACT Ver.,27,0
2026-08-09T01:37:33+08:00,VideoCall·COMPACT Ver.,27,0
2026-08-09T01:37:43+08:00,VideoCall·COMPACT Ver.,27,0
2026-08-09T01:38:06+08:00,VideoCall·COMPACT Ver.,27,0
2026-08-09T01:38:16+08:00,VideoCall·COMPACT Ver.,27,0
2026-08-09T01:38:27+08:00,VideoCall·COMPACT Ver.,27,0
2026-08-09T01:38:37+08:00,VideoCall·COMPACT Ver.,27,0
2026-08-09T01:38:48+08:00,VideoCall·COMPACT Ver.,27,0
2026-08-09T01:38:58+08:00,VideoCall·COMPACT Ver.,27,0
2026-08-09T01:39:21+08:00,VideoCall·COMPACT Ver.,27,0
2026-08-09T01:39:31+08:00,VideoCall·COMPACT Ver.,27,0
2026-08-09T01:39:42+08:00,VideoCall·COMPACT Ver.,27,0
2026-08-09T01:39:52+08:00,VideoCall·COMPACT Ver.,27,0
2026-08-09T01:40:03+08:00,VideoCall·COMPACT Ver.,27,0
2026-08-09T01:40:14+08:00,VideoCall·COMPACT Ver.,27,0
2026-08-09T01:40:37+08:00,VideoCall·COMPACT Ver.,27,0
2026-08-09T01:40:48+08:00,VideoCall·COMPACT Ver.,27,0
2026-08-09T01:40:58+08:00,VideoCall·COMPACT Ver.,27,0
2026-08-09T01:41:08+08:00,VideoCall·COMPACT Ver.,27,0
2026-08-09T01:41:19+08:00,VideoCall·COMPACT Ver.,27,0
2026-08-09T01:41:29+08:00,VideoCall·COMPACT Ver.,27,0
2026-08-09T01:41:51+08:00,VideoCall·COMPACT Ver.,27,0
2026-08-09T01:42:02+08:00,VideoCall·COMPACT Ver.,27,0
2026-08-09T01:42:12+08:00,VideoCall·COMPACT Ver.,27,0
2026-08-09T01:42:23+08:00,VideoCall·COMPACT Ver.,27,0
2026-08-09T01:42:34+08:00,VideoCall·COMPACT Ver.,27,0
2026-08-09T01:42:44+08:00,VideoCall·COMPACT Ver.,27,0
2026-08-09T01:43:06+08:00,VideoCall·COMPACT Ver.,27,0
2026-08-09T01:43:17+08:00,VideoCall·COMPACT Ver.,27,0
2026-08-09T01:43:27+08:00,VideoCall·COMPACT Ver.,27,0
2026-08-09T01:43:38+08:00,VideoCall·COMPACT Ver.,27,0
2026-08-09T01:43:48+08:00,VideoCall·COMPACT Ver.,27,0
2026-08-09T01:43:59+08:00,VideoCall·COMPACT Ver.,27,0
2026-08-09T01:44:22+08:00,VideoCall·COMPACT Ver.,27,0
2026-08-09T01:44:32+08:00,VideoCall·COMPACT Ver.,27,0
2026-08-09T01:44:43+08:00,VideoCall·COMPACT Ver.,27,0
2026-08-09T01:44:53+08:00,VideoCall·COMPACT Ver.,27,0
2026-08-09T01:45:03+08:00,VideoCall·COMPACT Ver.,27,0
2026-08-09T01:45:14+08:00,VideoCall·COMPACT Ver.,27,0
2026-08-09T01:45:37+08:00,VideoCall·COMPACT Ver.,27,0
2026-08-09T01:45:47+08:00,VideoCall·COMPACT Ver.,27,0
2026-08-09T01:45:58+08:00,VideoCall·COMPACT Ver.,27,0
2026-08-09T01:46:09+08:00,VideoCall·COMPACT Ver.,27,0
2026-08-09T01:46:20+08:00,VideoCall·COMPACT Ver.,27,0
2026-08-09T01:46:30+08:00,VideoCall·COMPACT Ver.,27,0
2026-08-09T01:46:53+08:00,VideoCall·COMPACT Ver.,27,0
2026-08-09T01:47:03+08:00,VideoCall·COMPACT Ver.,27,0
2026-08-09T01:47:14+08:00,VideoCall·COMPACT Ver.,27,0
2026-08-09T01:47:24+08:00,VideoCall·COMPACT Ver.,27,0
2026-08-09T01:47:34+08:00,VideoCall·COMPACT Ver.,27,0
2026-08-09T01:47:45+08:00,VideoCall·COMPACT Ver.,27,0
2026-08-09T01:48:34+08:00,VideoCall·COMPACT Ver.,27,0
2026-08-09T01:48:45+08:00,VideoCall·COMPACT Ver.,27,0
2026-08-09T01:48:55+08:00,VideoCall·COMPACT Ver.,27,0
2026-08-09T01:49:06+08:00,VideoCall·COMPACT Ver.,27,0
2026-08-09T01:49:16+08:00,VideoCall·COMPACT Ver.,27,0
2026-08-09T01:49:27+08:00,VideoCall·COMPACT Ver.,27,0
2026-08-09T01:49:37+08:00,VideoCall·COMPACT Ver.,27,0
2026-08-09T01:49:59+08:00,VideoCall·COMPACT Ver.,27,0
2026-08-09T01:50:10+08:00,VideoCall·COMPACT Ver.,27,0
2026-08-09T01:50:20+08:00,VideoCall·COMPACT Ver.,27,0
2026-08-09T01:50:30+08:00,VideoCall·COMPACT Ver.,27,0
2026-08-09T01:50:40+08:00,VideoCall·COMPACT Ver.,27,0
2026-08-09T01:50:51+08:00,VideoCall·COMPACT Ver.,27,0
2026-08-09T01:51:13+08:00,VideoCall·COMPACT Ver.,27,0
2026-08-09T01:51:23+08:00,VideoCall·COMPACT Ver.,27,0
2026-08-09T01:51:34+08:00,VideoCall·COMPACT Ver.,27,0
2026-08-09T01:51:44+08:00,VideoCall·COMPACT Ver.,27,0
2026-08-09T01:51:54+08:00,VideoCall·COMPACT Ver.,27,0
2026-08-09T01:52:05+08:00,VideoCall·COMPACT Ver.,27,0
2026-08-09T01:52:26+08:00,VideoCall·COMPACT Ver.,27,0
2026-08-09T01:52:37+08:00,VideoCall·COMPACT Ver.,27,0
2026-08-09T01:52:47+08:00,VideoCall·COMPACT Ver.,27,0
2026-08-09T01:52:57+08:00,VideoCall·COMPACT Ver.,27,0
2026-08-09T01:53:07+08:00,VideoCall·COMPACT Ver.,27,0
2026-08-09T01:53:18+08:00,VideoCall·COMPACT Ver.,27,0
2026-08-09T01:53:38+08:00,VideoCall·COMPACT Ver.,27,0
2026-08-09T01:53:48+08:00,VideoCall·COMPACT Ver.,27,0
2026-08-09T01:53:59+08:00,VideoCall·COMPACT Ver.,27,0
2026-08-09T01:54:09+08:00,VideoCall·COMPACT Ver.,27,0
2026-08-09T01:54:20+08:00,VideoCall·COMPACT Ver.,27,0
2026-08-09T01:54:30+08:00,VideoCall·COMPACT Ver.,27,0
2026-08-09T01:54:51+08:00,VideoCall·COMPACT Ver.,27,0
2026-08-09T01:55:01+08:00,VideoCall·COMPACT Ver.,27,0
2026-08-09T01:55:12+08:00,VideoCall·COMPACT Ver.,27,0
2026-08-09T01:55:23+08:00,VideoCall·COMPACT Ver.,27,0
2026-08-09T01:55:33+08:00,VideoCall·COMPACT Ver.,27,0
2026-08-09T01:55:44+08:00,VideoCall·COMPACT Ver.,27,0
2026-08-09T01:56:05+08:00,VideoCall·COMPACT Ver.,27,0
2026-08-09T01:56:15+08:00,VideoCall·COMPACT Ver.,27,0
2026-08-09T01:56:26+08:00,VideoCall·COMPACT Ver.,27,0
2026-08-09T01:56:36+08:00,VideoCall·COMPACT Ver.,27,0
2026-08-09T01:56:46+08:00,VideoCall·COMPACT Ver.,27,0
2026-08-09T01:56:56+08:00,VideoCall·COMPACT Ver.,27,0
2026-08-09T01:57:18+08:00,VideoCall·COMPACT Ver.,27,0
2026-08-09T01:57:28+08:00,VideoCall·COMPACT Ver.,27,0
2026-08-09T01:57:38+08:00,VideoCall·COMPACT Ver.,27,0
2026-08-09T01:57:48+08:00,VideoCall·COMPACT Ver.,27,0
2026-08-09T01:57:59+08:00,VideoCall·COMPACT Ver.,27,0
2026-08-09T01:58:09+08:00,VideoCall·COMPACT Ver.,27,0
2026-08-09T01:58:30+08:00,VideoCall·COMPACT Ver.,27,0
2026-08-09T01:58:41+08:00,VideoCall·COMPACT Ver.,27,0
2026-08-09T01:58:51+08:00,VideoCall·COMPACT Ver.,27,0
2026-08-09T01:59:01+08:00,VideoCall·COMPACT Ver.,27,0
2026-08-09T01:59:12+08:00,VideoCall·COMPACT Ver.,27,0
2026-08-09T01:59:22+08:00,VideoCall·COMPACT Ver.,27,0
2026-08-09T01:59:44+08:00,VideoCall·COMPACT Ver.,27,0
2026-08-09T01:59:54+08:00,VideoCall·COMPACT Ver.,27,0
2026-08-09T02:00:05+08:00,VideoCall·COMPACT Ver.,27,0
2026-08-09T02:00:15+08:00,VideoCall·COMPACT Ver.,27,0
2026-08-09T02:00:25+08:00,VideoCall·COMPACT Ver.,27,0
2026-08-09T02:00:36+08:00,VideoCall·COMPACT Ver.,27,0
2026-08-09T02:00:57+08:00,VideoCall·COMPACT Ver.,27,0
2026-08-09T02:01:07+08:00,VideoCall·COMPACT Ver.,27,0
2026-08-09T02:01:18+08:00,VideoCall·COMPACT Ver.,27,0
2026-08-09T02:01:28+08:00,VideoCall·COMPACT Ver.,27,0
2026-08-09T02:01:39+08:00,VideoCall·COMPACT Ver.,27,0
2026-08-09T02:01:50+08:00,VideoCall·COMPACT Ver.,27,0
2026-08-09T02:02:11+08:00,VideoCall·COMPACT Ver.,27,0
2026-08-09T02:02:21+08:00,VideoCall·COMPACT Ver.,27,0
2026-08-09T02:02:32+08:00,VideoCall·COMPACT Ver.,27,0
2026-08-09T02:02:42+08:00,VideoCall·COMPACT Ver.,27,0
2026-08-09T02:02:52+08:00,VideoCall·COMPACT Ver.,27,0
2026-08-09T02:03:03+08:00,VideoCall·COMPACT Ver.,27,0
2026-08-09T02:03:24+08:00,VideoCall·COMPACT Ver.,27,0
2026-08-09T02:03:34+08:00,VideoCall·COMPACT Ver.,27,0
2026-08-09T02:03:44+08:00,VideoCall·COMPACT Ver.,27,0
2026-08-09T02:03:54+08:00,VideoCall·COMPACT Ver.,27,0
2026-08-09T02:04:05+08:00,VideoCall·COMPACT Ver.,27,0
2026-08-09T02:04:15+08:00,VideoCall·COMPACT Ver.,27,0
2026-08-09T02:04:36+08:00,VideoCall·COMPACT Ver.,27,0
2026-08-09T02:04:46+08:00,VideoCall·COMPACT Ver.,27,0
2026-08-09T02:04:57+08:00,VideoCall·COMPACT Ver.,27,0
2026-08-09T02:05:07+08:00,VideoCall·COMPACT Ver.,27,0
2026-08-09T02:05:17+08:00,VideoCall·COMPACT Ver.,27,0
2026-08-09T02:05:27+08:00,VideoCall·COMPACT Ver.,27,0
2026-08-09T02:05:49+08:00,VideoCall·COMPACT Ver.,27,0
2026-08-09T02:05:59+08:00,VideoCall·COMPACT Ver.,27,0
2026-08-09T02:06:10+08:00,VideoCall·COMPACT Ver.,27,0
2026-08-09T02:06:20+08:00,VideoCall·COMPACT Ver.,27,0
2026-08-09T02:06:30+08:00,VideoCall·COMPACT Ver.,27,0
2026-08-09T02:06:40+08:00,VideoCall·COMPACT Ver.,27,0
2026-08-09T02:07:02+08:00,VideoCall·COMPACT Ver.,27,0
2026-08-09T02:07:12+08:00,VideoCall·COMPACT Ver.,27,0
2026-08-09T02:07:23+08:00,VideoCall·COMPACT Ver.,27,0
2026-08-09T02:07:33+08:00,VideoCall·COMPACT Ver.,27,0
2026-08-09T02:07:43+08:00,VideoCall·COMPACT Ver.,27,0
2026-08-09T02:07:54+08:00,VideoCall·COMPACT Ver.,27,0
2026-08-09T02:08:15+08:00,VideoCall·COMPACT Ver.,27,0
2026-08-09T02:08:26+08:00,VideoCall·COMPACT Ver.,27,0
2026-08-09T02:08:36+08:00,VideoCall·COMPACT Ver.,27,0
2026-08-09T02:08:46+08:00,VideoCall·COMPACT Ver.,27,0
2026-08-09T02:08:57+08:00,VideoCall·COMPACT Ver.,27,0
2026-08-09T02:09:07+08:00,VideoCall·COMPACT Ver.,27,0
2026-08-09T02:09:29+08:00,VideoCall·COMPACT Ver.,27,0
2026-08-09T02:09:39+08:00,VideoCall·COMPACT Ver.,27,0
2026-08-09T02:09:50+08:00,VideoCall·COMPACT Ver.,27,0
2026-08-09T02:10:00+08:00,VideoCall·COMPACT Ver.,27,0
2026-08-09T02:10:10+08:00,VideoCall·COMPACT Ver.,27,0
2026-08-09T02:10:20+08:00,VideoCall·COMPACT Ver.,27,0
2026-08-09T02:10:42+08:00,VideoCall·COMPACT Ver.,27,0
2026-08-09T02:10:53+08:00,VideoCall·COMPACT Ver.,27,0
2026-08-09T02:11:03+08:00,VideoCall·COMPACT Ver.,27,0
2026-08-09T02:11:13+08:00,VideoCall·COMPACT Ver.,27,0
2026-08-09T02:11:23+08:00,VideoCall·COMPACT Ver.,27,0
2026-08-09T02:11:33+08:00,VideoCall·COMPACT Ver.,27,0
2026-08-09T02:11:55+08:00,VideoCall·COMPACT Ver.,27,0
2026-08-09T02:12:05+08:00,VideoCall·COMPACT Ver.,27,0
2026-08-09T02:12:15+08:00,VideoCall·COMPACT Ver.,27,0
2026-08-09T02:12:26+08:00,VideoCall·COMPACT Ver.,27,0
2026-08-09T02:12:36+08:00,VideoCall·COMPACT Ver.,27,0
2026-08-09T02:12:47+08:00,VideoCall·COMPACT Ver.,27,0
2026-08-09T02:13:08+08:00,VideoCall·COMPACT Ver.,27,0
2026-08-09T02:13:19+08:00,VideoCall·COMPACT Ver.,27,0
2026-08-09T02:13:29+08:00,VideoCall·COMPACT Ver.,27,0
2026-08-09T02:13:40+08:00,VideoCall·COMPACT Ver.,27,0
2026-08-09T02:13:50+08:00,VideoCall·COMPACT Ver.,27,0
2026-08-09T02:14:01+08:00,VideoCall·COMPACT Ver.,27,0
2026-08-09T02:14:22+08:00,VideoCall·COMPACT Ver.,27,0
2026-08-09T02:14:33+08:00,VideoCall·COMPACT Ver.,27,0
2026-08-09T02:14:43+08:00,VideoCall·COMPACT Ver.,27,0
2026-08-09T02:14:54+08:00,VideoCall·COMPACT Ver.,27,0
2026-08-09T02:15:05+08:00,VideoCall·COMPACT Ver.,27,0
2026-08-09T02:15:15+08:00,VideoCall·COMPACT Ver.,27,0
2026-08-09T02:15:38+08:00,VideoCall·COMPACT Ver.,27,0
2026-08-09T02:15:48+08:00,VideoCall·COMPACT Ver.,27,0
2026-08-09T02:15:58+08:00,VideoCall·COMPACT Ver.,27,0
2026-08-09T02:16:09+08:00,VideoCall·COMPACT Ver.,27,0
2026-08-09T02:16:19+08:00,VideoCall·COMPACT Ver.,27,0
2026-08-09T02:16:30+08:00,VideoCall·COMPACT Ver.,27,0
2026-08-09T02:16:52+08:00,VideoCall·COMPACT Ver.,27,0
2026-08-09T02:17:03+08:00,VideoCall·COMPACT Ver.,27,0
2026-08-09T02:17:13+08:00,VideoCall·COMPACT Ver.,27,0
2026-08-09T02:17:23+08:00,VideoCall·COMPACT Ver.,27,0
2026-08-09T02:17:34+08:00,VideoCall·COMPACT Ver.,27,0
2026-08-09T02:17:44+08:00,VideoCall·COMPACT Ver.,27,0
2026-08-09T02:18:06+08:00,VideoCall·COMPACT Ver.,27,0
2026-08-09T02:18:16+08:00,VideoCall·COMPACT Ver.,27,0
2026-08-09T02:18:26+08:00,VideoCall·COMPACT Ver.,27,0
2026-08-09T02:18:37+08:00,VideoCall·COMPACT Ver.,27,0
2026-08-09T02:18:47+08:00,VideoCall·COMPACT Ver.,27,0
2026-08-09T02:18:57+08:00,VideoCall·COMPACT Ver.,27,0
2026-08-09T02:19:18+08:00,VideoCall·COMPACT Ver.,27,0
2026-08-09T02:19:29+08:00,VideoCall·COMPACT Ver.,27,0
2026-08-09T02:19:39+08:00,VideoCall·COMPACT Ver.,27,0
2026-08-09T02:19:50+08:00,VideoCall·COMPACT Ver.,27,0
2026-08-09T02:20:01+08:00,VideoCall·COMPACT Ver.,27,0
2026-08-09T02:20:11+08:00,VideoCall·COMPACT Ver.,27,0
2026-08-09T02:20:32+08:00,VideoCall·COMPACT Ver.,27,0
2026-08-09T02:20:43+08:00,VideoCall·COMPACT Ver.,27,0
2026-08-09T02:20:53+08:00,VideoCall·COMPACT Ver.,27,0
2026-08-09T02:21:03+08:00,VideoCall·COMPACT Ver.,27,0
2026-08-09T02:21:13+08:00,VideoCall·COMPACT Ver.,27,0
2026-08-09T02:21:24+08:00,VideoCall·COMPACT Ver.,27,0
2026-08-09T02:21:45+08:00,VideoCall·COMPACT Ver.,27,0
2026-08-09T02:21:55+08:00,VideoCall·COMPACT Ver.,27,0
2026-08-09T02:22:06+08:00,VideoCall·COMPACT Ver.,27,0
2026-08-09T02:22:16+08:00,VideoCall·COMPACT Ver.,27,0
2026-08-09T02:22:26+08:00,VideoCall·COMPACT Ver.,27,0
2026-08-09T02:22:36+08:00,VideoCall·COMPACT Ver.,27,0
2026-08-09T02:22:58+08:00,VideoCall·COMPACT Ver.,27,0
2026-08-09T02:23:08+08:00,VideoCall·COMPACT Ver.,27,0
2026-08-09T02:23:18+08:00,VideoCall·COMPACT Ver.,27,0
2026-08-09T02:23:29+08:00,VideoCall·COMPACT Ver.,27,0
2026-08-09T02:23:39+08:00,VideoCall·COMPACT Ver.,27,0
2026-08-09T02:23:49+08:00,VideoCall·COMPACT Ver.,27,0
2026-08-09T02:24:11+08:00,VideoCall·COMPACT Ver.,27,0
2026-08-09T02:24:21+08:00,VideoCall·COMPACT Ver.,27,0
2026-08-09T02:24:31+08:00,VideoCall·COMPACT Ver.,27,0
2026-08-09T02:24:41+08:00,VideoCall·COMPACT Ver.,27,0
2026-08-09T02:24:52+08:00,VideoCall·COMPACT Ver.,27,0
2026-08-09T02:25:02+08:00,VideoCall·COMPACT Ver.,27,0
2026-08-09T02:25:24+08:00,VideoCall·COMPACT Ver.,27,0
2026-08-09T02:25:34+08:00,VideoCall·COMPACT Ver.,27,0
2026-08-09T02:25:44+08:00,VideoCall·COMPACT Ver.,27,0
2026-08-09T02:25:54+08:00,VideoCall·COMPACT Ver.,27,0
2026-08-09T02:26:04+08:00,VideoCall·COMPACT Ver.,27,0
2026-08-09T02:26:15+08:00,VideoCall·COMPACT Ver.,27,0
2026-08-09T02:26:43+08:00,VideoCall·COMPACT Ver.,27,0
2026-08-09T02:26:53+08:00,VideoCall·COMPACT Ver.,27,0
2026-08-09T02:27:03+08:00,VideoCall·COMPACT Ver.,27,0
2026-08-09T02:27:14+08:00,VideoCall·COMPACT Ver.,27,0
2026-08-09T02:27:24+08:00,VideoCall·COMPACT Ver.,27,0
2026-08-09T02:27:34+08:00,VideoCall·COMPACT Ver.,27,0
2026-08-09T02:27:55+08:00,VideoCall·COMPACT Ver.,27,0
2026-08-09T02:28:06+08:00,VideoCall·COMPACT Ver.,27,0
2026-08-09T02:28:16+08:00,VideoCall·COMPACT Ver.,27,0
2026-08-09T02:28:27+08:00,VideoCall·COMPACT Ver.,27,0
2026-08-09T02:28:37+08:00,VideoCall·COMPACT Ver.,27,0
2026-08-09T02:28:48+08:00,VideoCall·COMPACT Ver.,27,0
2026-08-09T02:29:08+08:00,VideoCall·COMPACT Ver.,27,0
2026-08-09T02:29:19+08:00,VideoCall·COMPACT Ver.,27,0
2026-08-09T02:29:29+08:00,VideoCall·COMPACT Ver.,27,0
2026-08-09T02:29:40+08:00,VideoCall·COMPACT Ver.,27,0
2026-08-09T02:29:50+08:00,VideoCall·COMPACT Ver.,27,0
2026-08-09T02:30:00+08:00,VideoCall·COMPACT Ver.,27,0
2026-08-09T02:30:21+08:00,VideoCall·COMPACT Ver.,27,0
2026-08-09T02:30:31+08:00,VideoCall·COMPACT Ver.,27,0
2026-08-09T02:30:41+08:00,VideoCall·COMPACT Ver.,27,0
2026-08-09T02:30:51+08:00,VideoCall·COMPACT Ver.,27,0
2026-08-09T02:31:02+08:00,VideoCall·COMPACT Ver.,27,0
2026-08-09T02:31:12+08:00,VideoCall·COMPACT Ver.,27,0
2026-08-09T02:31:34+08:00,VideoCall·COMPACT Ver.,27,0
2026-08-09T02:31:44+08:00,VideoCall·COMPACT Ver.,27,0
2026-08-09T02:31:54+08:00,VideoCall·COMPACT Ver.,27,0
2026-08-09T02:32:04+08:00,VideoCall·COMPACT Ver.,27,0
2026-08-09T02:32:15+08:00,VideoCall·COMPACT Ver.,27,0
2026-08-09T02:32:25+08:00,VideoCall·COMPACT Ver.,27,0
2026-08-09T02:32:47+08:00,VideoCall·COMPACT Ver.,27,0
2026-08-09T02:32:57+08:00,VideoCall·COMPACT Ver.,27,0
2026-08-09T02:33:07+08:00,VideoCall·COMPACT Ver.,27,0
2026-08-09T02:33:17+08:00,VideoCall·COMPACT Ver.,27,0
2026-08-09T02:33:28+08:00,VideoCall·COMPACT Ver.,27,0
2026-08-09T02:33:38+08:00,VideoCall·COMPACT Ver.,27,0
2026-08-09T02:33:59+08:00,VideoCall·COMPACT Ver.,27,0
2026-08-09T02:34:10+08:00,VideoCall·COMPACT Ver.,27,0
2026-08-09T02:34:20+08:00,VideoCall·COMPACT Ver.,27,0
2026-08-09T02:34:30+08:00,VideoCall·COMPACT Ver.,27,0
2026-08-09T02:34:41+08:00,VideoCall·COMPACT Ver.,27,0
2026-08-09T02:34:51+08:00,VideoCall·COMPACT Ver.,27,0
2026-08-09T02:35:13+08:00,VideoCall·COMPACT Ver.,27,0
2026-08-09T02:35:23+08:00,VideoCall·COMPACT Ver.,27,0
2026-08-09T02:35:33+08:00,VideoCall·COMPACT Ver.,27,0
2026-08-09T02:35:43+08:00,VideoCall·COMPACT Ver.,27,0
2026-08-09T02:35:54+08:00,VideoCall·COMPACT Ver.,27,0
2026-08-09T02:36:04+08:00,VideoCall·COMPACT Ver.,27,0
2026-08-09T02:36:25+08:00,VideoCall·COMPACT Ver.,27,0
2026-08-09T02:36:36+08:00,VideoCall·COMPACT Ver.,27,0
2026-08-09T02:36:46+08:00,VideoCall·COMPACT Ver.,27,0
2026-08-09T02:36:56+08:00,VideoCall·COMPACT Ver.,27,0
2026-08-09T02:37:07+08:00,VideoCall·COMPACT Ver.,27,0
2026-08-09T02:37:17+08:00,VideoCall·COMPACT Ver.,27,0
2026-08-09T02:37:38+08:00,VideoCall·COMPACT Ver.,27,0
2026-08-09T02:37:48+08:00,VideoCall·COMPACT Ver.,27,0
2026-08-09T02:37:58+08:00,VideoCall·COMPACT Ver.,27,0
2026-08-09T02:38:09+08:00,VideoCall·COMPACT Ver.,27,0
2026-08-09T02:38:19+08:00,VideoCall·COMPACT Ver.,27,0
2026-08-09T02:38:29+08:00,VideoCall·COMPACT Ver.,27,0
2026-08-09T02:39:07+08:00,VideoCall·COMPACT Ver.,27,0
2026-08-09T02:39:18+08:00,VideoCall·COMPACT Ver.,27,0
2026-08-09T02:39:29+08:00,VideoCall·COMPACT Ver.,27,0
2026-08-09T02:39:39+08:00,VideoCall·COMPACT Ver.,27,0
2026-08-09T02:39:50+08:00,VideoCall·COMPACT Ver.,27,0
2026-08-09T02:40:00+08:00,VideoCall·COMPACT Ver.,27,0
2026-08-09T02:40:11+08:00,VideoCall·COMPACT Ver.,27,0
2026-08-09T02:40:35+08:00,VideoCall·COMPACT Ver.,27,0
2026-08-09T02:40:45+08:00,VideoCall·COMPACT Ver.,27,0
2026-08-09T02:40:55+08:00,VideoCall·COMPACT Ver.,27,0
2026-08-09T02:41:06+08:00,VideoCall·COMPACT Ver.,27,0
2026-08-09T02:41:17+08:00,VideoCall·COMPACT Ver.,27,0
2026-08-09T02:41:28+08:00,VideoCall·COMPACT Ver.,27,0
2026-08-09T02:42:53+08:00,VideoCall·COMPACT Ver.,27,0
2026-08-09T02:43:04+08:00,VideoCall·COMPACT Ver.,27,0
2026-08-09T02:43:14+08:00,VideoCall·COMPACT Ver.,27,0
2026-08-09T02:43:25+08:00,VideoCall·COMPACT Ver.,27,0
2026-08-09T02:43:36+08:00,VideoCall·COMPACT Ver.,27,0
2026-08-09T02:43:46+08:00,VideoCall·COMPACT Ver.,27,0
2026-08-09T02:43:56+08:00,VideoCall·COMPACT Ver.,27,0
2026-08-09T02:44:21+08:00,VideoCall·COMPACT Ver.,27,0
2026-08-09T02:44:31+08:00,VideoCall·COMPACT Ver.,27,0
2026-08-09T02:44:42+08:00,VideoCall·COMPACT Ver.,27,0
2026-08-09T02:44:53+08:00,VideoCall·COMPACT Ver.,27,0
2026-08-09T02:45:03+08:00,VideoCall·COMPACT Ver.,27,0
2026-08-09T02:45:14+08:00,VideoCall·COMPACT Ver.,27,0
2026-08-09T02:45:38+08:00,VideoCall·COMPACT Ver.,27,0
2026-08-09T02:45:48+08:00,VideoCall·COMPACT Ver.,27,0
2026-08-09T02:45:59+08:00,VideoCall·COMPACT Ver.,27,0
2026-08-09T02:46:09+08:00,VideoCall·COMPACT Ver.,27,0
2026-08-09T02:46:20+08:00,VideoCall·COMPACT Ver.,27,0
2026-08-09T02:46:31+08:00,VideoCall·COMPACT Ver.,27,0
2026-08-09T02:46:54+08:00,VideoCall·COMPACT Ver.,27,0
2026-08-09T02:47:05+08:00,VideoCall·COMPACT Ver.,27,0
2026-08-09T02:47:16+08:00,VideoCall·COMPACT Ver.,27,0
2026-08-09T02:47:26+08:00,VideoCall·COMPACT Ver.,27,0
2026-08-09T02:47:37+08:00,VideoCall·COMPACT Ver.,27,0
2026-08-09T02:47:47+08:00,VideoCall·COMPACT Ver.,27,0
2026-08-09T02:48:11+08:00,VideoCall·COMPACT Ver.,27,0
2026-08-09T02:48:22+08:00,VideoCall·COMPACT Ver.,27,0
2026-08-09T02:48:32+08:00,VideoCall·COMPACT Ver.,27,0
2026-08-09T02:48:43+08:00,VideoCall·COMPACT Ver.,27,0
2026-08-09T02:48:53+08:00,VideoCall·COMPACT Ver.,27,0
2026-08-09T02:49:04+08:00,VideoCall·COMPACT Ver.,27,0
2026-08-09T02:49:27+08:00,VideoCall·COMPACT Ver.,27,0
2026-08-09T02:49:38+08:00,VideoCall·COMPACT Ver.,27,0
2026-08-09T02:49:48+08:00,VideoCall·COMPACT Ver.,27,0
2026-08-09T02:49:59+08:00,VideoCall·COMPACT Ver.,27,0
2026-08-09T02:50:09+08:00,VideoCall·COMPACT Ver.,27,0
2026-08-09T02:50:20+08:00,VideoCall·COMPACT Ver.,27,0
2026-08-09T02:50:43+08:00,VideoCall·COMPACT Ver.,27,0
2026-08-09T02:50:54+08:00,VideoCall·COMPACT Ver.,27,0
2026-08-09T02:51:04+08:00,VideoCall·COMPACT Ver.,27,0
2026-08-09T02:51:15+08:00,VideoCall·COMPACT Ver.,27,0
2026-08-09T02:51:25+08:00,VideoCall·COMPACT Ver.,27,0
2026-08-09T02:51:36+08:00,VideoCall·COMPACT Ver.,27,0
2026-08-09T02:51:59+08:00,VideoCall·COMPACT Ver.,27,0
2026-08-09T02:52:10+08:00,VideoCall·COMPACT Ver.,27,0
2026-08-09T02:52:20+08:00,VideoCall·COMPACT Ver.,27,0
2026-08-09T02:52:31+08:00,VideoCall·COMPACT Ver.,27,0
2026-08-09T02:52:41+08:00,VideoCall·COMPACT Ver.,27,0
2026-08-09T02:52:52+08:00,VideoCall·COMPACT Ver.,27,0
2026-08-09T02:53:15+08:00,VideoCall·COMPACT Ver.,27,0
2026-08-09T02:53:26+08:00,VideoCall·COMPACT Ver.,27,0
2026-08-09T02:53:36+08:00,VideoCall·COMPACT Ver.,27,0
2026-08-09T02:53:47+08:00,VideoCall·COMPACT Ver.,27,0
2026-08-09T02:53:57+08:00,VideoCall·COMPACT Ver.,27,0
2026-08-09T02:54:08+08:00,VideoCall·COMPACT Ver.,27,0
2026-08-09T02:54:32+08:00,VideoCall·COMPACT Ver.,27,0
2026-08-09T02:54:43+08:00,VideoCall·COMPACT Ver.,27,0
2026-08-09T02:54:53+08:00,VideoCall·COMPACT Ver.,27,0
2026-08-09T02:55:04+08:00,VideoCall·COMPACT Ver.,27,0
2026-08-09T02:55:14+08:00,VideoCall·COMPACT Ver.,27,0
2026-08-09T02:55:25+08:00,VideoCall·COMPACT Ver.,27,0
2026-08-09T02:55:49+08:00,VideoCall·COMPACT Ver.,27,0
2026-08-09T02:55:59+08:00,VideoCall·COMPACT Ver.,27,0
2026-08-09T02:56:10+08:00,VideoCall·COMPACT Ver.,27,0
2026-08-09T02:56:20+08:00,VideoCall·COMPACT Ver.,27,0
2026-08-09T02:56:30+08:00,VideoCall·COMPACT Ver.,27,0
2026-08-09T02:56:41+08:00,VideoCall·COMPACT Ver.,27,0
2026-08-09T02:57:04+08:00,VideoCall·COMPACT Ver.,27,0
2026-08-09T02:57:15+08:00,VideoCall·COMPACT Ver.,27,0
2026-08-09T02:57:25+08:00,VideoCall·COMPACT Ver.,27,0
2026-08-09T02:57:36+08:00,VideoCall·COMPACT Ver.,27,0
2026-08-09T02:57:46+08:00,VideoCall·COMPACT Ver.,27,0
2026-08-09T02:57:56+08:00,VideoCall·COMPACT Ver.,27,0
2026-08-09T02:58:21+08:00,VideoCall·COMPACT Ver.,27,0
2026-08-09T02:58:32+08:00,VideoCall·COMPACT Ver.,27,0
2026-08-09T02:58:42+08:00,VideoCall·COMPACT Ver.,27,0
2026-08-09T02:58:52+08:00,VideoCall·COMPACT Ver.,27,0
2026-08-09T02:59:03+08:00,VideoCall·COMPACT Ver.,27,0
2026-08-09T02:59:14+08:00,VideoCall·COMPACT Ver.,27,0
2026-08-09T02:59:37+08:00,VideoCall·COMPACT Ver.,27,0
2026-08-09T02:59:48+08:00,VideoCall·COMPACT Ver.,27,0
2026-08-09T02:59:58+08:00,VideoCall·COMPACT Ver.,27,0
2026-08-09T03:00:08+08:00,VideoCall·COMPACT Ver.,27,0
2026-08-09T03:00:19+08:00,VideoCall·COMPACT Ver.,27,0
2026-08-09T03:00:29+08:00,VideoCall·COMPACT Ver.,27,0
2026-08-09T03:00:54+08:00,VideoCall·COMPACT Ver.,27,0
2026-08-09T03:01:04+08:00,VideoCall·COMPACT Ver.,27,0
2026-08-09T03:01:14+08:00,VideoCall·COMPACT Ver.,27,0
2026-08-09T03:01:25+08:00,VideoCall·COMPACT Ver.,27,0
2026-08-09T03:01:36+08:00,VideoCall·COMPACT Ver.,27,0
2026-08-09T03:01:46+08:00,VideoCall·COMPACT Ver.,27,0
2026-08-09T03:02:09+08:00,VideoCall·COMPACT Ver.,27,0
2026-08-09T03:02:19+08:00,VideoCall·COMPACT Ver.,27,0
2026-08-09T03:02:30+08:00,VideoCall·COMPACT Ver.,27,0
2026-08-09T03:02:40+08:00,VideoCall·COMPACT Ver.,27,0
2026-08-09T03:02:50+08:00,VideoCall·COMPACT Ver.,27,0
2026-08-09T03:03:01+08:00,VideoCall·COMPACT Ver.,27,0
2026-08-09T03:03:24+08:00,VideoCall·COMPACT Ver.,27,0
2026-08-09T03:03:34+08:00,VideoCall·COMPACT Ver.,27,0
2026-08-09T03:03:45+08:00,VideoCall·COMPACT Ver.,27,0
2026-08-09T03:03:56+08:00,VideoCall·COMPACT Ver.,27,0
2026-08-09T03:04:07+08:00,VideoCall·COMPACT Ver.,27,0
2026-08-09T03:04:17+08:00,VideoCall·COMPACT Ver.,27,0
2026-08-09T03:04:41+08:00,VideoCall·COMPACT Ver.,27,0
2026-08-09T03:04:51+08:00,VideoCall·COMPACT Ver.,27,0
2026-08-09T03:05:02+08:00,VideoCall·COMPACT Ver.,27,0
2026-08-09T03:05:12+08:00,VideoCall·COMPACT Ver.,27,0
2026-08-09T03:05:23+08:00,VideoCall·COMPACT Ver.,27,0
2026-08-09T03:05:34+08:00,VideoCall·COMPACT Ver.,27,0
2026-08-09T03:05:59+08:00,VideoCall·COMPACT Ver.,27,0
2026-08-09T03:06:09+08:00,VideoCall·COMPACT Ver.,27,0
2026-08-09T03:06:20+08:00,VideoCall·COMPACT Ver.,27,0
2026-08-09T03:06:30+08:00,VideoCall·COMPACT Ver.,27,0
2026-08-09T03:06:41+08:00,VideoCall·COMPACT Ver.,27,0
2026-08-09T03:06:52+08:00,VideoCall·COMPACT Ver.,27,0
2026-08-09T03:07:15+08:00,VideoCall·COMPACT Ver.,27,0
2026-08-09T03:07:25+08:00,VideoCall·COMPACT Ver.,27,0
2026-08-09T03:07:36+08:00,VideoCall·COMPACT Ver.,27,0
2026-08-09T03:07:47+08:00,VideoCall·COMPACT Ver.,27,0
2026-08-09T03:07:57+08:00,VideoCall·COMPACT Ver.,27,0
2026-08-09T03:08:08+08:00,VideoCall·COMPACT Ver.,27,0
2026-08-09T03:08:31+08:00,VideoCall·COMPACT Ver.,27,0
2026-08-09T03:08:41+08:00,VideoCall·COMPACT Ver.,27,0
2026-08-09T03:08:52+08:00,VideoCall·COMPACT Ver.,27,0
2026-08-09T03:09:03+08:00,VideoCall·COMPACT Ver.,27,0
2026-08-09T03:09:13+08:00,VideoCall·COMPACT Ver.,27,0
2026-08-09T03:09:23+08:00,VideoCall·COMPACT Ver.,27,0
2026-08-09T03:09:52+08:00,VideoCall·COMPACT Ver.,27,0
2026-08-09T03:10:02+08:00,VideoCall·COMPACT Ver.,27,0
2026-08-09T03:10:13+08:00,VideoCall·COMPACT Ver.,27,0
2026-08-09T03:10:23+08:00,VideoCall·COMPACT Ver.,27,0
2026-08-09T03:10:34+08:00,VideoCall·COMPACT Ver.,27,0
2026-08-09T03:10:44+08:00,VideoCall·COMPACT Ver.,27,0
2026-08-09T03:11:08+08:00,VideoCall·COMPACT Ver.,27,0
2026-08-09T03:11:18+08:00,VideoCall·COMPACT Ver.,27,0
2026-08-09T03:11:28+08:00,VideoCall·COMPACT Ver.,27,0
2026-08-09T03:11:38+08:00,VideoCall·COMPACT Ver.,27,0
2026-08-09T03:11:49+08:00,VideoCall·COMPACT Ver.,27,0
2026-08-09T03:11:59+08:00,VideoCall·COMPACT Ver.,27,0
2026-08-09T03:12:23+08:00,VideoCall·COMPACT Ver.,27,0
2026-08-09T03:12:33+08:00,VideoCall·COMPACT Ver.,27,0
2026-08-09T03:12:44+08:00,VideoCall·COMPACT Ver.,27,0
2026-08-09T03:12:54+08:00,VideoCall·COMPACT Ver.,27,0
2026-08-09T03:13:05+08:00,VideoCall·COMPACT Ver.,27,0
2026-08-09T03:13:16+08:00,VideoCall·COMPACT Ver.,27,0
2026-08-09T03:13:39+08:00,VideoCall·COMPACT Ver.,27,0
2026-08-09T03:13:50+08:00,VideoCall·COMPACT Ver.,27,0
2026-08-09T03:14:00+08:00,VideoCall·COMPACT Ver.,27,0
2026-08-09T03:14:11+08:00,VideoCall·COMPACT Ver.,27,0
2026-08-09T03:14:22+08:00,VideoCall·COMPACT Ver.,27,0
2026-08-09T03:14:32+08:00,VideoCall·COMPACT Ver.,27,0
2026-08-09T03:14:56+08:00,VideoCall·COMPACT Ver.,27,0
2026-08-09T03:15:06+08:00,VideoCall·COMPACT Ver.,27,0
2026-08-09T03:15:17+08:00,VideoCall·COMPACT Ver.,27,0
2026-08-09T03:15:28+08:00,VideoCall·COMPACT Ver.,27,0
2026-08-09T03:15:38+08:00,VideoCall·COMPACT Ver.,27,0
2026-08-09T03:15:49+08:00,VideoCall·COMPACT Ver.,27,0
2026-08-09T03:16:13+08:00,VideoCall·COMPACT Ver.,27,0
2026-08-09T03:16:24+08:00,VideoCall·COMPACT Ver.,27,0
2026-08-09T03:16:34+08:00,VideoCall·COMPACT Ver.,27,0
2026-08-09T03:16:45+08:00,VideoCall·COMPACT Ver.,27,0
2026-08-09T03:16:55+08:00,VideoCall·COMPACT Ver.,27,0
2026-08-09T03:17:06+08:00,VideoCall·COMPACT Ver.,27,0
2026-08-09T03:55:20+08:00,VideoCall·COMPACT Ver.,27,0
2026-08-09T03:55:31+08:00,VideoCall·COMPACT Ver.,27,0
2026-08-09T03:55:42+08:00,VideoCall·COMPACT Ver.,27,0
2026-08-09T03:55:53+08:00,VideoCall·COMPACT Ver.,27,0
2026-08-09T03:56:03+08:00,VideoCall·COMPACT Ver.,27,0
2026-08-09T03:56:14+08:00,VideoCall·COMPACT Ver.,27,0
2026-08-09T03:56:25+08:00,VideoCall·COMPACT Ver.,27,0
2026-08-09T03:56:49+08:00,VideoCall·COMPACT Ver.,27,0
2026-08-09T03:56:59+08:00,VideoCall·COMPACT Ver.,27,0
2026-08-09T03:57:10+08:00,VideoCall·COMPACT Ver.,27,0
2026-08-09T03:57:21+08:00,VideoCall·COMPACT Ver.,27,0
2026-08-09T03:57:31+08:00,VideoCall·COMPACT Ver.,27,0
2026-08-09T03:57:42+08:00,VideoCall·COMPACT Ver.,27,0
2026-08-09T03:58:06+08:00,VideoCall·COMPACT Ver.,27,0
2026-08-09T03:58:17+08:00,VideoCall·COMPACT Ver.,27,0
2026-08-09T03:58:28+08:00,VideoCall·COMPACT Ver.,27,0
2026-08-09T03:58:38+08:00,VideoCall·COMPACT Ver.,27,0
2026-08-09T03:58:49+08:00,VideoCall·COMPACT Ver.,27,0
2026-08-09T03:59:00+08:00,VideoCall·COMPACT Ver.,27,0
2026-08-09T03:59:24+08:00,VideoCall·COMPACT Ver.,27,0
2026-08-09T03:59:34+08:00,VideoCall·COMPACT Ver.,27,0
2026-08-09T03:59:45+08:00,VideoCall·COMPACT Ver.,27,0
2026-08-09T03:59:55+08:00,VideoCall·COMPACT Ver.,27,0
2026-08-09T04:00:06+08:00,VideoCall·COMPACT Ver.,27,0
2026-08-09T04:00:16+08:00,VideoCall·COMPACT Ver.,27,0
2026-08-09T04:00:40+08:00,VideoCall·COMPACT Ver.,27,0
2026-08-09T04:00:51+08:00,VideoCall·COMPACT Ver.,27,0
2026-08-09T04:01:01+08:00,VideoCall·COMPACT Ver.,27,0
2026-08-09T04:01:12+08:00,VideoCall·COMPACT Ver.,27,0
2026-08-09T04:01:23+08:00,VideoCall·COMPACT Ver.,27,0
2026-08-09T04:01:33+08:00,VideoCall·COMPACT Ver.,27,0
2026-08-09T04:01:58+08:00,VideoCall·COMPACT Ver.,27,0
2026-08-09T04:02:08+08:00,VideoCall·COMPACT Ver.,27,0
2026-08-09T04:02:19+08:00,VideoCall·COMPACT Ver.,27,0
2026-08-09T04:02:30+08:00,VideoCall·COMPACT Ver.,27,0
2026-08-09T04:02:40+08:00,VideoCall·COMPACT Ver.,27,0
2026-08-09T04:02:51+08:00,VideoCall·COMPACT Ver.,27,0
2026-08-09T04:03:15+08:00,VideoCall·COMPACT Ver.,27,0
2026-08-09T04:03:26+08:00,VideoCall·COMPACT Ver.,27,0
2026-08-09T04:03:36+08:00,VideoCall·COMPACT Ver.,27,0
2026-08-09T04:03:47+08:00,VideoCall·COMPACT Ver.,27,0
2026-08-09T04:03:57+08:00,VideoCall·COMPACT Ver.,27,0
2026-08-09T04:04:08+08:00,VideoCall·COMPACT Ver.,27,0
2026-08-09T04:04:31+08:00,VideoCall·COMPACT Ver.,27,0
2026-08-09T04:04:41+08:00,VideoCall·COMPACT Ver.,27,0
2026-08-09T04:04:52+08:00,VideoCall·COMPACT Ver.,27,0
2026-08-09T04:05:02+08:00,VideoCall·COMPACT Ver.,27,0
2026-08-09T04:05:12+08:00,VideoCall·COMPACT Ver.,27,0
2026-08-09T04:05:23+08:00,VideoCall·COMPACT Ver.,27,0
2026-08-09T04:05:47+08:00,VideoCall·COMPACT Ver.,27,0
2026-08-09T04:05:58+08:00,VideoCall·COMPACT Ver.,27,0
2026-08-09T04:06:08+08:00,VideoCall·COMPACT Ver.,27,0
2026-08-09T04:06:18+08:00,VideoCall·COMPACT Ver.,34,7
2026-08-09T04:06:29+08:00,VideoCall·COMPACT Ver.,34,0
2026-08-09T04:06:39+08:00,VideoCall·COMPACT Ver.,34,0
2026-08-09T04:07:03+08:00,VideoCall·COMPACT Ver.,34,0
2026-08-09T04:07:14+08:00,VideoCall·COMPACT Ver.,34,0
2026-08-09T04:07:24+08:00,VideoCall·COMPACT Ver.,34,0
2026-08-09T04:07:34+08:00,VideoCall·COMPACT Ver.,34,0
2026-08-09T04:07:45+08:00,VideoCall·COMPACT Ver.,34,0
2026-08-09T04:07:56+08:00,VideoCall·COMPACT Ver.,34,0
2026-08-09T04:08:19+08:00,VideoCall·COMPACT Ver.,34,0
2026-08-09T04:08:29+08:00,VideoCall·COMPACT Ver.,34,0
2026-08-09T04:08:40+08:00,VideoCall·COMPACT Ver.,34,0
2026-08-09T04:08:51+08:00,VideoCall·COMPACT Ver.,34,0
2026-08-09T04:09:01+08:00,VideoCall·COMPACT Ver.,34,0
2026-08-09T04:09:12+08:00,VideoCall·COMPACT Ver.,34,0
2026-08-09T04:09:36+08:00,VideoCall·COMPACT Ver.,34,0
2026-08-09T04:09:47+08:00,VideoCall·COMPACT Ver.,34,0
2026-08-09T04:09:57+08:00,VideoCall·COMPACT Ver.,34,0
2026-08-09T04:10:07+08:00,VideoCall·COMPACT Ver.,34,0
2026-08-09T04:10:18+08:00,VideoCall·COMPACT Ver.,34,0
2026-08-09T04:10:29+08:00,VideoCall·COMPACT Ver.,34,0
2026-08-09T04:10:52+08:00,VideoCall·COMPACT Ver.,34,0
2026-08-09T04:11:02+08:00,VideoCall·COMPACT Ver.,34,0
2026-08-09T04:11:13+08:00,VideoCall·COMPACT Ver.,34,0
2026-08-09T04:11:24+08:00,VideoCall·COMPACT Ver.,34,0
2026-08-09T04:11:35+08:00,VideoCall·COMPACT Ver.,34,0
2026-08-09T04:11:46+08:00,VideoCall·COMPACT Ver.,34,0
2026-08-09T04:12:09+08:00,VideoCall·COMPACT Ver.,34,0
2026-08-09T04:12:20+08:00,VideoCall·COMPACT Ver.,34,0
2026-08-09T04:12:31+08:00,VideoCall·COMPACT Ver.,34,0
2026-08-09T04:12:41+08:00,VideoCall·COMPACT Ver.,34,0
2026-08-09T04:12:52+08:00,VideoCall·COMPACT Ver.,34,0
2026-08-09T04:13:03+08:00,VideoCall·COMPACT Ver.,34,0
2026-08-09T04:13:26+08:00,VideoCall·COMPACT Ver.,34,0
2026-08-09T04:13:37+08:00,VideoCall·COMPACT Ver.,34,0
2026-08-09T04:13:47+08:00,VideoCall·COMPACT Ver.,34,0
2026-08-09T04:13:58+08:00,VideoCall·COMPACT Ver.,34,0
2026-08-09T04:14:09+08:00,VideoCall·COMPACT Ver.,34,0
2026-08-09T04:14:19+08:00,VideoCall·COMPACT Ver.,34,0
2026-08-09T04:14:43+08:00,VideoCall·COMPACT Ver.,34,0
2026-08-09T04:14:54+08:00,VideoCall·COMPACT Ver.,34,0
2026-08-09T04:15:04+08:00,VideoCall·COMPACT Ver.,34,0
2026-08-09T04:15:15+08:00,VideoCall·COMPACT Ver.,34,0
2026-08-09T04:15:26+08:00,VideoCall·COMPACT Ver.,34,0
2026-08-09T04:15:36+08:00,VideoCall·COMPACT Ver.,34,0
2026-08-09T04:16:01+08:00,VideoCall·COMPACT Ver.,34,0
2026-08-09T04:16:12+08:00,VideoCall·COMPACT Ver.,34,0
2026-08-09T04:16:22+08:00,VideoCall·COMPACT Ver.,34,0
2026-08-09T04:16:32+08:00,VideoCall·COMPACT Ver.,34,0
2026-08-09T04:16:43+08:00,VideoCall·COMPACT Ver.,34,0
2026-08-09T04:16:54+08:00,VideoCall·COMPACT Ver.,34,0
2026-08-09T04:17:18+08:00,VideoCall·COMPACT Ver.,34,0
2026-08-09T04:17:28+08:00,VideoCall·COMPACT Ver.,34,0
2026-08-09T04:17:39+08:00,VideoCall·COMPACT Ver.,34,0
2026-08-09T04:17:49+08:00,VideoCall·COMPACT Ver.,34,0
2026-08-09T04:18:00+08:00,VideoCall·COMPACT Ver.,34,0
2026-08-09T04:18:10+08:00,VideoCall·COMPACT Ver.,34,0
2026-08-09T04:18:34+08:00,VideoCall·COMPACT Ver.,34,0
2026-08-09T04:18:44+08:00,VideoCall·COMPACT Ver.,34,0
2026-08-09T04:18:55+08:00,VideoCall·COMPACT Ver.,34,0
2026-08-09T04:19:05+08:00,VideoCall·COMPACT Ver.,34,0
2026-08-09T04:19:15+08:00,VideoCall·COMPACT Ver.,34,0
2026-08-09T04:19:25+08:00,VideoCall·COMPACT Ver.,34,0
2026-08-09T04:19:49+08:00,VideoCall·COMPACT Ver.,34,0
2026-08-09T04:19:59+08:00,VideoCall·COMPACT Ver.,34,0
2026-08-09T04:20:10+08:00,VideoCall·COMPACT Ver.,34,0
2026-08-09T04:20:20+08:00,VideoCall·COMPACT Ver.,34,0
2026-08-09T04:20:31+08:00,VideoCall·COMPACT Ver.,34,0
2026-08-09T04:20:42+08:00,VideoCall·COMPACT Ver.,34,0
2026-08-09T04:21:05+08:00,VideoCall·COMPACT Ver.,34,0
2026-08-09T04:21:16+08:00,VideoCall·COMPACT Ver.,34,0
2026-08-09T04:21:27+08:00,VideoCall·COMPACT Ver.,34,0
2026-08-09T04:21:37+08:00,VideoCall·COMPACT Ver.,34,0
2026-08-09T04:21:48+08:00,VideoCall·COMPACT Ver.,34,0
2026-08-09T04:21:58+08:00,VideoCall·COMPACT Ver.,34,0
2026-08-09T04:22:21+08:00,VideoCall·COMPACT Ver.,34,0
2026-08-09T04:22:32+08:00,VideoCall·COMPACT Ver.,34,0
2026-08-09T04:22:42+08:00,VideoCall·COMPACT Ver.,34,0
2026-08-09T04:22:53+08:00,VideoCall·COMPACT Ver.,34,0
2026-08-09T04:23:04+08:00,VideoCall·COMPACT Ver.,34,0
2026-08-09T04:23:14+08:00,VideoCall·COMPACT Ver.,34,0
2026-08-09T04:23:38+08:00,VideoCall·COMPACT Ver.,34,0
2026-08-09T04:23:49+08:00,VideoCall·COMPACT Ver.,34,0
2026-08-09T04:24:00+08:00,VideoCall·COMPACT Ver.,34,0
2026-08-09T04:24:10+08:00,VideoCall·COMPACT Ver.,34,0
2026-08-09T04:24:21+08:00,VideoCall·COMPACT Ver.,34,0
2026-08-09T04:24:32+08:00,VideoCall·COMPACT Ver.,34,0
2026-08-09T04:24:55+08:00,VideoCall·COMPACT Ver.,34,0
2026-08-09T04:25:05+08:00,VideoCall·COMPACT Ver.,34,0
2026-08-09T04:25:15+08:00,VideoCall·COMPACT Ver.,34,0
2026-08-09T04:25:26+08:00,VideoCall·COMPACT Ver.,34,0
2026-08-09T04:25:36+08:00,VideoCall·COMPACT Ver.,34,0
2026-08-09T04:25:47+08:00,VideoCall·COMPACT Ver.,34,0
2026-08-09T04:26:11+08:00,VideoCall·COMPACT Ver.,34,0
2026-08-09T04:26:22+08:00,VideoCall·COMPACT Ver.,34,0
2026-08-09T04:26:32+08:00,VideoCall·COMPACT Ver.,34,0
2026-08-09T04:26:43+08:00,VideoCall·COMPACT Ver.,34,0
2026-08-09T04:26:54+08:00,VideoCall·COMPACT Ver.,34,0
2026-08-09T04:27:05+08:00,VideoCall·COMPACT Ver.,34,0
2026-08-09T04:27:29+08:00,VideoCall·COMPACT Ver.,34,0
2026-08-09T04:27:41+08:00,VideoCall·COMPACT Ver.,34,0
2026-08-09T04:27:51+08:00,VideoCall·COMPACT Ver.,34,0
2026-08-09T04:28:02+08:00,VideoCall·COMPACT Ver.,34,0
2026-08-09T04:28:13+08:00,VideoCall·COMPACT Ver.,34,0
2026-08-09T04:28:24+08:00,VideoCall·COMPACT Ver.,34,0
2026-08-09T04:28:48+08:00,VideoCall·COMPACT Ver.,34,0
2026-08-09T04:28:58+08:00,VideoCall·COMPACT Ver.,34,0
2026-08-09T04:29:09+08:00,VideoCall·COMPACT Ver.,34,0
2026-08-09T04:29:19+08:00,VideoCall·COMPACT Ver.,34,0
2026-08-09T04:29:30+08:00,VideoCall·COMPACT Ver.,34,0
2026-08-09T04:29:41+08:00,VideoCall·COMPACT Ver.,34,0
2026-08-09T04:30:04+08:00,VideoCall·COMPACT Ver.,34,0
2026-08-09T04:30:15+08:00,VideoCall·COMPACT Ver.,34,0
2026-08-09T04:30:26+08:00,VideoCall·COMPACT Ver.,34,0
2026-08-09T04:30:36+08:00,VideoCall·COMPACT Ver.,34,0
2026-08-09T04:30:47+08:00,VideoCall·COMPACT Ver.,34,0
2026-08-09T04:30:58+08:00,VideoCall·COMPACT Ver.,34,0
2026-08-09T04:31:21+08:00,VideoCall·COMPACT Ver.,34,0
2026-08-09T04:31:32+08:00,VideoCall·COMPACT Ver.,34,0
2026-08-09T04:31:42+08:00,VideoCall·COMPACT Ver.,34,0
2026-08-09T04:31:53+08:00,VideoCall·COMPACT Ver.,34,0
2026-08-09T04:32:03+08:00,VideoCall·COMPACT Ver.,34,0
2026-08-09T04:32:14+08:00,VideoCall·COMPACT Ver.,34,0
2026-08-09T04:32:37+08:00,VideoCall·COMPACT Ver.,34,0
2026-08-09T04:32:47+08:00,VideoCall·COMPACT Ver.,34,0
2026-08-09T04:32:58+08:00,VideoCall·COMPACT Ver.,34,0
2026-08-09T04:33:09+08:00,VideoCall·COMPACT Ver.,34,0
2026-08-09T04:33:19+08:00,VideoCall·COMPACT Ver.,34,0
2026-08-09T04:33:30+08:00,VideoCall·COMPACT Ver.,34,0
2026-08-09T04:34:10+08:00,VideoCall·COMPACT Ver.,34,0
2026-08-09T04:34:21+08:00,VideoCall·COMPACT Ver.,34,0
2026-08-09T04:34:31+08:00,VideoCall·COMPACT Ver.,34,0
2026-08-09T04:34:42+08:00,VideoCall·COMPACT Ver.,34,0
2026-08-09T04:34:53+08:00,VideoCall·COMPACT Ver.,34,0
2026-08-09T04:35:03+08:00,VideoCall·COMPACT Ver.,34,0
2026-08-09T04:35:14+08:00,VideoCall·COMPACT Ver.,34,0
2026-08-09T04:35:37+08:00,VideoCall·COMPACT Ver.,34,0
2026-08-09T04:35:47+08:00,VideoCall·COMPACT Ver.,34,0
2026-08-09T04:35:58+08:00,VideoCall·COMPACT Ver.,34,0
2026-08-09T04:36:08+08:00,VideoCall·COMPACT Ver.,34,0
2026-08-09T04:36:19+08:00,VideoCall·COMPACT Ver.,34,0
2026-08-09T04:36:30+08:00,VideoCall·COMPACT Ver.,34,0
2026-08-09T04:36:51+08:00,VideoCall·COMPACT Ver.,34,0
2026-08-09T04:37:02+08:00,VideoCall·COMPACT Ver.,34,0
2026-08-09T04:37:12+08:00,VideoCall·COMPACT Ver.,34,0
2026-08-09T04:37:22+08:00,VideoCall·COMPACT Ver.,34,0
2026-08-09T04:37:33+08:00,VideoCall·COMPACT Ver.,34,0
2026-08-09T04:37:43+08:00,VideoCall·COMPACT Ver.,34,0
2026-08-09T04:38:05+08:00,VideoCall·COMPACT Ver.,34,0
2026-08-09T04:38:16+08:00,VideoCall·COMPACT Ver.,34,0
2026-08-09T04:38:26+08:00,VideoCall·COMPACT Ver.,34,0
2026-08-09T04:38:37+08:00,VideoCall·COMPACT Ver.,34,0
2026-08-09T04:38:48+08:00,VideoCall·COMPACT Ver.,34,0
2026-08-09T04:38:58+08:00,VideoCall·COMPACT Ver.,34,0
2026-08-09T04:39:21+08:00,VideoCall·COMPACT Ver.,34,0
2026-08-09T04:39:32+08:00,VideoCall·COMPACT Ver.,34,0
2026-08-09T04:39:43+08:00,VideoCall·COMPACT Ver.,34,0
2026-08-09T04:39:54+08:00,VideoCall·COMPACT Ver.,34,0
2026-08-09T04:40:04+08:00,VideoCall·COMPACT Ver.,34,0
2026-08-09T04:40:15+08:00,VideoCall·COMPACT Ver.,34,0
2026-08-09T04:40:36+08:00,VideoCall·COMPACT Ver.,34,0
2026-08-09T04:40:47+08:00,VideoCall·COMPACT Ver.,34,0
2026-08-09T04:40:58+08:00,VideoCall·COMPACT Ver.,34,0
2026-08-09T04:41:08+08:00,VideoCall·COMPACT Ver.,34,0
2026-08-09T04:41:19+08:00,VideoCall·COMPACT Ver.,34,0
2026-08-09T04:41:29+08:00,VideoCall·COMPACT Ver.,34,0
2026-08-09T04:41:52+08:00,VideoCall·COMPACT Ver.,34,0
2026-08-09T04:42:03+08:00,VideoCall·COMPACT Ver.,34,0
2026-08-09T04:42:14+08:00,VideoCall·COMPACT Ver.,34,0
2026-08-09T04:42:24+08:00,VideoCall·COMPACT Ver.,34,0
2026-08-09T04:42:35+08:00,VideoCall·COMPACT Ver.,34,0
2026-08-09T04:42:45+08:00,VideoCall·COMPACT Ver.,34,0
2026-08-09T04:43:07+08:00,VideoCall·COMPACT Ver.,34,0
2026-08-09T04:43:18+08:00,VideoCall·COMPACT Ver.,34,0
2026-08-09T04:43:28+08:00,VideoCall·COMPACT Ver.,34,0
2026-08-09T04:43:39+08:00,VideoCall·COMPACT Ver.,34,0
2026-08-09T04:43:49+08:00,VideoCall·COMPACT Ver.,34,0
2026-08-09T04:44:00+08:00,VideoCall·COMPACT Ver.,34,0
2026-08-09T04:44:22+08:00,VideoCall·COMPACT Ver.,34,0
2026-08-09T04:44:33+08:00,VideoCall·COMPACT Ver.,34,0
2026-08-09T04:44:44+08:00,VideoCall·COMPACT Ver.,34,0
2026-08-09T04:44:54+08:00,VideoCall·COMPACT Ver.,34,0
2026-08-09T04:45:04+08:00,VideoCall·COMPACT Ver.,34,0
2026-08-09T04:45:15+08:00,VideoCall·COMPACT Ver.,34,0
2026-08-09T04:45:38+08:00,VideoCall·COMPACT Ver.,34,0
2026-08-09T04:45:49+08:00,VideoCall·COMPACT Ver.,34,0
2026-08-09T04:45:59+08:00,VideoCall·COMPACT Ver.,34,0
2026-08-09T04:46:10+08:00,VideoCall·COMPACT Ver.,34,0
2026-08-09T04:46:20+08:00,VideoCall·COMPACT Ver.,34,0
2026-08-09T04:46:31+08:00,VideoCall·COMPACT Ver.,34,0
2026-08-09T04:46:53+08:00,VideoCall·COMPACT Ver.,34,0
2026-08-09T04:47:04+08:00,VideoCall·COMPACT Ver.,34,0
2026-08-09T04:47:15+08:00,VideoCall·COMPACT Ver.,34,0
2026-08-09T04:47:25+08:00,VideoCall·COMPACT Ver.,34,0
2026-08-09T04:47:36+08:00,VideoCall·COMPACT Ver.,34,0
2026-08-09T04:47:46+08:00,VideoCall·COMPACT Ver.,34,0
2026-08-09T04:48:08+08:00,VideoCall·COMPACT Ver.,34,0
2026-08-09T04:48:18+08:00,VideoCall·COMPACT Ver.,34,0
2026-08-09T04:48:29+08:00,VideoCall·COMPACT Ver.,34,0
2026-08-09T04:48:40+08:00,VideoCall·COMPACT Ver.,34,0
2026-08-09T04:48:50+08:00,VideoCall·COMPACT Ver.,34,0
2026-08-09T04:49:01+08:00,VideoCall·COMPACT Ver.,34,0
2026-08-09T04:49:24+08:00,VideoCall·COMPACT Ver.,34,0
2026-08-09T04:49:35+08:00,VideoCall·COMPACT Ver.,34,0
2026-08-09T04:49:46+08:00,VideoCall·COMPACT Ver.,34,0
2026-08-09T04:49:56+08:00,VideoCall·COMPACT Ver.,34,0
2026-08-09T04:50:07+08:00,VideoCall·COMPACT Ver.,34,0
2026-08-09T04:50:17+08:00,VideoCall·COMPACT Ver.,34,0
2026-08-09T04:50:40+08:00,VideoCall·COMPACT Ver.,34,0
2026-08-09T04:50:51+08:00,VideoCall·COMPACT Ver.,34,0
2026-08-09T04:51:01+08:00,VideoCall·COMPACT Ver.,34,0
2026-08-09T04:51:12+08:00,VideoCall·COMPACT Ver.,34,0
2026-08-09T04:51:22+08:00,VideoCall·COMPACT Ver.,34,0
2026-08-09T04:51:33+08:00,VideoCall·COMPACT Ver.,34,0
2026-08-09T04:51:54+08:00,VideoCall·COMPACT Ver.,34,0
2026-08-09T04:52:05+08:00,VideoCall·COMPACT Ver.,34,0
2026-08-09T04:52:16+08:00,VideoCall·COMPACT Ver.,34,0
2026-08-09T04:52:26+08:00,VideoCall·COMPACT Ver.,34,0
2026-08-09T04:52:37+08:00,VideoCall·COMPACT Ver.,34,0
2026-08-09T04:52:47+08:00,VideoCall·COMPACT Ver.,34,0
2026-08-09T04:53:10+08:00,VideoCall·COMPACT Ver.,34,0
2026-08-09T04:53:20+08:00,VideoCall·COMPACT Ver.,34,0
2026-08-09T04:53:31+08:00,VideoCall·COMPACT Ver.,34,0
2026-08-09T04:53:42+08:00,VideoCall·COMPACT Ver.,34,0
2026-08-09T04:53:52+08:00,VideoCall·COMPACT Ver.,34,0
2026-08-09T04:54:03+08:00,VideoCall·COMPACT Ver.,34,0
2026-08-09T04:54:24+08:00,VideoCall·COMPACT Ver.,34,0
2026-08-09T04:54:35+08:00,VideoCall·COMPACT Ver.,34,0
2026-08-09T04:54:46+08:00,VideoCall·COMPACT Ver.,34,0
2026-08-09T04:54:56+08:00,VideoCall·COMPACT Ver.,34,0
2026-08-09T04:55:07+08:00,VideoCall·COMPACT Ver.,34,0
2026-08-09T04:55:18+08:00,VideoCall·COMPACT Ver.,34,0
2026-08-09T04:55:40+08:00,VideoCall·COMPACT Ver.,34,0
2026-08-09T04:55:51+08:00,VideoCall·COMPACT Ver.,34,0
2026-08-09T04:56:02+08:00,VideoCall·COMPACT Ver.,34,0
2026-08-09T04:56:12+08:00,VideoCall·COMPACT Ver.,34,0
2026-08-09T04:56:23+08:00,VideoCall·COMPACT Ver.,34,0
2026-08-09T04:56:33+08:00,VideoCall·COMPACT Ver.,34,0
2026-08-09T04:56:56+08:00,VideoCall·COMPACT Ver.,34,0
2026-08-09T04:57:07+08:00,VideoCall·COMPACT Ver.,34,0
2026-08-09T04:57:17+08:00,VideoCall·COMPACT Ver.,34,0
2026-08-09T04:57:27+08:00,VideoCall·COMPACT Ver.,34,0
2026-08-09T04:57:38+08:00,VideoCall·COMPACT Ver.,34,0
2026-08-09T04:57:48+08:00,VideoCall·COMPACT Ver.,34,0
2026-08-09T04:58:09+08:00,VideoCall·COMPACT Ver.,34,0
2026-08-09T04:58:20+08:00,VideoCall·COMPACT Ver.,34,0
2026-08-09T04:58:31+08:00,VideoCall·COMPACT Ver.,34,0
2026-08-09T04:58:41+08:00,VideoCall·COMPACT Ver.,34,0
2026-08-09T04:58:52+08:00,VideoCall·COMPACT Ver.,34,0
2026-08-09T04:59:02+08:00,VideoCall·COMPACT Ver.,34,0
2026-08-09T04:59:24+08:00,VideoCall·COMPACT Ver.,34,0
2026-08-09T04:59:34+08:00,VideoCall·COMPACT Ver.,34,0
2026-08-09T04:59:45+08:00,VideoCall·COMPACT Ver.,34,0
2026-08-09T04:59:56+08:00,VideoCall·COMPACT Ver.,34,0
2026-08-09T05:00:07+08:00,VideoCall·COMPACT Ver.,34,0
2026-08-09T05:00:17+08:00,VideoCall·COMPACT Ver.,34,0
2026-08-09T05:00:39+08:00,VideoCall·COMPACT Ver.,34,0
2026-08-09T05:00:49+08:00,VideoCall·COMPACT Ver.,34,0
2026-08-09T05:01:00+08:00,VideoCall·COMPACT Ver.,34,0
2026-08-09T05:01:12+08:00,VideoCall·COMPACT Ver.,34,0
2026-08-09T05:01:22+08:00,VideoCall·COMPACT Ver.,34,0
2026-08-09T05:01:33+08:00,VideoCall·COMPACT Ver.,34,0
2026-08-09T05:01:54+08:00,VideoCall·COMPACT Ver.,34,0
2026-08-09T05:02:05+08:00,VideoCall·COMPACT Ver.,34,0
2026-08-09T05:02:15+08:00,VideoCall·COMPACT Ver.,34,0
2026-08-09T05:02:26+08:00,VideoCall·COMPACT Ver.,34,0
2026-08-09T05:02:36+08:00,VideoCall·COMPACT Ver.,34,0
2026-08-09T05:02:47+08:00,VideoCall·COMPACT Ver.,34,0
2026-08-09T05:03:09+08:00,VideoCall·COMPACT Ver.,34,0
2026-08-09T05:03:20+08:00,VideoCall·COMPACT Ver.,34,0
2026-08-09T05:03:31+08:00,VideoCall·COMPACT Ver.,34,0
2026-08-09T05:03:42+08:00,VideoCall·COMPACT Ver.,34,0
2026-08-09T05:03:52+08:00,VideoCall·COMPACT Ver.,34,0
2026-08-09T05:04:03+08:00,VideoCall·COMPACT Ver.,34,0
2026-08-09T05:04:25+08:00,VideoCall·COMPACT Ver.,34,0
2026-08-09T05:04:36+08:00,VideoCall·COMPACT Ver.,34,0
2026-08-09T05:04:46+08:00,VideoCall·COMPACT Ver.,34,0
2026-08-09T05:04:57+08:00,VideoCall·COMPACT Ver.,34,0
2026-08-09T05:05:07+08:00,VideoCall·COMPACT Ver.,34,0
2026-08-09T05:05:18+08:00,VideoCall·COMPACT Ver.,34,0
2026-08-09T05:05:40+08:00,VideoCall·COMPACT Ver.,34,0
2026-08-09T05:05:50+08:00,VideoCall·COMPACT Ver.,34,0
2026-08-09T05:06:01+08:00,VideoCall·COMPACT Ver.,34,0
2026-08-09T05:06:13+08:00,VideoCall·COMPACT Ver.,34,0
2026-08-09T05:06:23+08:00,VideoCall·COMPACT Ver.,34,0
2026-08-09T05:06:34+08:00,VideoCall·COMPACT Ver.,34,0
2026-08-09T05:06:56+08:00,VideoCall·COMPACT Ver.,34,0
2026-08-09T05:07:06+08:00,VideoCall·COMPACT Ver.,34,0
2026-08-09T05:07:17+08:00,VideoCall·COMPACT Ver.,34,0
2026-08-09T05:07:27+08:00,VideoCall·COMPACT Ver.,34,0
2026-08-09T05:07:37+08:00,VideoCall·COMPACT Ver.,34,0
2026-08-09T05:07:48+08:00,VideoCall·COMPACT Ver.,34,0
2026-08-09T05:08:11+08:00,VideoCall·COMPACT Ver.,34,0
2026-08-09T05:08:21+08:00,VideoCall·COMPACT Ver.,34,0
2026-08-09T05:08:32+08:00,VideoCall·COMPACT Ver.,34,0
2026-08-09T05:08:43+08:00,VideoCall·COMPACT Ver.,34,0
2026-08-09T05:08:53+08:00,VideoCall·COMPACT Ver.,34,0
2026-08-09T05:09:04+08:00,VideoCall·COMPACT Ver.,34,0
2026-08-09T05:09:26+08:00,VideoCall·COMPACT Ver.,34,0
2026-08-09T05:09:37+08:00,VideoCall·COMPACT Ver.,34,0
2026-08-09T05:09:47+08:00,VideoCall·COMPACT Ver.,34,0
2026-08-09T05:09:58+08:00,VideoCall·COMPACT Ver.,34,0
2026-08-09T05:10:09+08:00,VideoCall·COMPACT Ver.,34,0
2026-08-09T05:10:19+08:00,VideoCall·COMPACT Ver.,34,0
2026-08-09T05:10:42+08:00,VideoCall·COMPACT Ver.,34,0
2026-08-09T05:10:52+08:00,VideoCall·COMPACT Ver.,34,0
2026-08-09T05:11:03+08:00,VideoCall·COMPACT Ver.,34,0
2026-08-09T05:11:13+08:00,VideoCall·COMPACT Ver.,34,0
2026-08-09T05:11:24+08:00,VideoCall·COMPACT Ver.,34,0
2026-08-09T05:11:34+08:00,VideoCall·COMPACT Ver.,34,0
2026-08-09T05:48:16+08:00,VideoCall·COMPACT Ver.,34,0
2026-08-09T05:48:27+08:00,VideoCall·COMPACT Ver.,34,0
2026-08-09T05:48:38+08:00,VideoCall·COMPACT Ver.,34,0
2026-08-09T05:48:49+08:00,VideoCall·COMPACT Ver.,34,0
2026-08-09T05:49:00+08:00,VideoCall·COMPACT Ver.,34,0
2026-08-09T05:49:11+08:00,VideoCall·COMPACT Ver.,34,0
2026-08-09T05:49:21+08:00,VideoCall·COMPACT Ver.,34,0
2026-08-09T05:49:46+08:00,VideoCall·COMPACT Ver.,34,0
2026-08-09T05:49:57+08:00,VideoCall·COMPACT Ver.,34,0
2026-08-09T05:50:08+08:00,VideoCall·COMPACT Ver.,34,0
2026-08-09T05:50:19+08:00,VideoCall·COMPACT Ver.,34,0
2026-08-09T05:50:30+08:00,VideoCall·COMPACT Ver.,34,0
2026-08-09T05:50:41+08:00,VideoCall·COMPACT Ver.,34,0
2026-08-09T05:51:05+08:00,VideoCall·COMPACT Ver.,34,0
2026-08-09T05:51:16+08:00,VideoCall·COMPACT Ver.,34,0
2026-08-09T05:51:27+08:00,VideoCall·COMPACT Ver.,34,0
2026-08-09T05:51:38+08:00,VideoCall·COMPACT Ver.,34,0
2026-08-09T05:51:48+08:00,VideoCall·COMPACT Ver.,34,0
2026-08-09T05:51:59+08:00,VideoCall·COMPACT Ver.,34,0
2026-08-09T05:52:23+08:00,VideoCall·COMPACT Ver.,34,0
2026-08-09T05:52:34+08:00,VideoCall·COMPACT Ver.,34,0
2026-08-09T05:52:45+08:00,VideoCall·COMPACT Ver.,34,0
2026-08-09T05:52:55+08:00,VideoCall·COMPACT Ver.,34,0
2026-08-09T05:53:06+08:00,VideoCall·COMPACT Ver.,34,0
2026-08-09T05:53:17+08:00,VideoCall·COMPACT Ver.,34,0
2026-08-09T05:53:41+08:00,VideoCall·COMPACT Ver.,34,0
2026-08-09T05:53:52+08:00,VideoCall·COMPACT Ver.,34,0
2026-08-09T05:54:03+08:00,VideoCall·COMPACT Ver.,34,0
2026-08-09T05:54:14+08:00,VideoCall·COMPACT Ver.,34,0
2026-08-09T05:54:25+08:00,VideoCall·COMPACT Ver.,34,0
2026-08-09T05:54:36+08:00,VideoCall·COMPACT Ver.,34,0
2026-08-09T05:55:01+08:00,VideoCall·COMPACT Ver.,34,0
2026-08-09T05:55:12+08:00,VideoCall·COMPACT Ver.,34,0
2026-08-09T05:55:23+08:00,VideoCall·COMPACT Ver.,34,0
2026-08-09T05:55:33+08:00,VideoCall·COMPACT Ver.,34,0
2026-08-09T05:55:44+08:00,VideoCall·COMPACT Ver.,34,0
2026-08-09T05:55:55+08:00,VideoCall·COMPACT Ver.,34,0
2026-08-09T05:56:20+08:00,VideoCall·COMPACT Ver.,34,0
2026-08-09T05:56:31+08:00,VideoCall·COMPACT Ver.,34,0
2026-08-09T05:56:42+08:00,VideoCall·COMPACT Ver.,34,0
2026-08-09T05:56:52+08:00,VideoCall·COMPACT Ver.,34,0
2026-08-09T05:57:03+08:00,VideoCall·COMPACT Ver.,34,0
2026-08-09T05:57:14+08:00,VideoCall·COMPACT Ver.,34,0
2026-08-09T05:57:39+08:00,VideoCall·COMPACT Ver.,34,0
2026-08-09T05:57:50+08:00,VideoCall·COMPACT Ver.,34,0
2026-08-09T05:58:01+08:00,VideoCall·COMPACT Ver.,34,0
2026-08-09T05:58:11+08:00,VideoCall·COMPACT Ver.,34,0
2026-08-09T05:58:22+08:00,VideoCall·COMPACT Ver.,34,0
2026-08-09T05:58:33+08:00,VideoCall·COMPACT Ver.,34,0
2026-08-09T05:58:58+08:00,VideoCall·COMPACT Ver.,34,0
2026-08-09T05:59:09+08:00,VideoCall·COMPACT Ver.,34,0
2026-08-09T05:59:19+08:00,VideoCall·COMPACT Ver.,34,0
2026-08-09T05:59:30+08:00,VideoCall·COMPACT Ver.,34,0
2026-08-09T05:59:41+08:00,VideoCall·COMPACT Ver.,34,0
2026-08-09T05:59:52+08:00,VideoCall·COMPACT Ver.,34,0
2026-08-09T06:00:17+08:00,VideoCall·COMPACT Ver.,34,0
2026-08-09T06:00:28+08:00,VideoCall·COMPACT Ver.,34,0
2026-08-09T06:00:39+08:00,VideoCall·COMPACT Ver.,34,0
2026-08-09T06:00:49+08:00,VideoCall·COMPACT Ver.,34,0
2026-08-09T06:01:00+08:00,VideoCall·COMPACT Ver.,34,0
2026-08-09T06:01:11+08:00,VideoCall·COMPACT Ver.,34,0
2026-08-09T06:01:36+08:00,VideoCall·COMPACT Ver.,34,0
2026-08-09T06:01:47+08:00,VideoCall·COMPACT Ver.,34,0
2026-08-09T06:01:58+08:00,VideoCall·COMPACT Ver.,34,0
2026-08-09T06:02:09+08:00,VideoCall·COMPACT Ver.,34,0
2026-08-09T06:02:19+08:00,VideoCall·COMPACT Ver.,34,0
2026-08-09T06:02:30+08:00,VideoCall·COMPACT Ver.,34,0
2026-08-09T06:02:56+08:00,VideoCall·COMPACT Ver.,34,0
2026-08-09T06:03:07+08:00,VideoCall·COMPACT Ver.,34,0
2026-08-09T06:03:17+08:00,VideoCall·COMPACT Ver.,34,0
2026-08-09T06:03:28+08:00,VideoCall·COMPACT Ver.,34,0
2026-08-09T06:03:39+08:00,VideoCall·COMPACT Ver.,34,0
2026-08-09T06:03:50+08:00,VideoCall·COMPACT Ver.,34,0
2026-08-09T06:04:15+08:00,VideoCall·COMPACT Ver.,34,0
2026-08-09T06:04:26+08:00,VideoCall·COMPACT Ver.,34,0
2026-08-09T06:04:37+08:00,VideoCall·COMPACT Ver.,34,0
2026-08-09T06:04:48+08:00,VideoCall·COMPACT Ver.,34,0
2026-08-09T06:04:59+08:00,VideoCall·COMPACT Ver.,34,0
2026-08-09T06:05:09+08:00,VideoCall·COMPACT Ver.,34,0
2026-08-09T06:05:34+08:00,VideoCall·COMPACT Ver.,34,0
2026-08-09T06:05:45+08:00,VideoCall·COMPACT Ver.,34,0
2026-08-09T06:05:56+08:00,VideoCall·COMPACT Ver.,34,0
2026-08-09T06:06:06+08:00,VideoCall·COMPACT Ver.,34,0
2026-08-09T06:06:17+08:00,VideoCall·COMPACT Ver.,34,0
2026-08-09T06:06:28+08:00,VideoCall·COMPACT Ver.,34,0
2026-08-09T06:06:54+08:00,VideoCall·COMPACT Ver.,34,0
2026-08-09T06:07:04+08:00,VideoCall·COMPACT Ver.,34,0
2026-08-09T06:07:15+08:00,VideoCall·COMPACT Ver.,34,0
2026-08-09T06:07:26+08:00,VideoCall·COMPACT Ver.,34,0
2026-08-09T06:07:36+08:00,VideoCall·COMPACT Ver.,34,0
2026-08-09T06:07:47+08:00,VideoCall·COMPACT Ver.,34,0
2026-08-09T06:08:13+08:00,VideoCall·COMPACT Ver.,34,0
2026-08-09T06:08:23+08:00,VideoCall·COMPACT Ver.,34,0
2026-08-09T06:08:34+08:00,VideoCall·COMPACT Ver.,34,0
2026-08-09T06:08:45+08:00,VideoCall·COMPACT Ver.,34,0
2026-08-09T06:08:56+08:00,VideoCall·COMPACT Ver.,34,0
2026-08-09T06:09:07+08:00,VideoCall·COMPACT Ver.,34,0
2026-08-09T06:09:30+08:00,VideoCall·COMPACT Ver.,34,0
2026-08-09T06:09:41+08:00,VideoCall·COMPACT Ver.,34,0
2026-08-09T06:09:52+08:00,VideoCall·COMPACT Ver.,34,0
2026-08-09T06:10:03+08:00,VideoCall·COMPACT Ver.,34,0
2026-08-09T06:10:14+08:00,VideoCall·COMPACT Ver.,34,0
2026-08-09T06:10:24+08:00,VideoCall·COMPACT Ver.,34,0
2026-08-09T06:10:50+08:00,VideoCall·COMPACT Ver.,34,0
2026-08-09T06:11:00+08:00,VideoCall·COMPACT Ver.,34,0
2026-08-09T06:11:11+08:00,VideoCall·COMPACT Ver.,34,0
2026-08-09T06:11:22+08:00,VideoCall·COMPACT Ver.,34,0
2026-08-09T06:11:33+08:00,VideoCall·COMPACT Ver.,34,0
2026-08-09T06:11:43+08:00,VideoCall·COMPACT Ver.,34,0
2026-08-09T06:12:08+08:00,VideoCall·COMPACT Ver.,34,0
2026-08-09T06:12:18+08:00,VideoCall·COMPACT Ver.,34,0
2026-08-09T06:12:29+08:00,VideoCall·COMPACT Ver.,34,0
2026-08-09T06:12:40+08:00,VideoCall·COMPACT Ver.,34,0
2026-08-09T06:12:51+08:00,VideoCall·COMPACT Ver.,34,0
2026-08-09T06:13:02+08:00,VideoCall·COMPACT Ver.,34,0
2026-08-09T06:13:27+08:00,VideoCall·COMPACT Ver.,34,0
2026-08-09T06:13:38+08:00,VideoCall·COMPACT Ver.,34,0
2026-08-09T06:13:49+08:00,VideoCall·COMPACT Ver.,34,0
2026-08-09T06:14:00+08:00,VideoCall·COMPACT Ver.,34,0
2026-08-09T06:14:11+08:00,VideoCall·COMPACT Ver.,34,0
2026-08-09T06:14:21+08:00,VideoCall·COMPACT Ver.,34,0
2026-08-09T06:14:46+08:00,VideoCall·COMPACT Ver.,34,0
2026-08-09T06:14:57+08:00,VideoCall·COMPACT Ver.,34,0
2026-08-09T06:15:08+08:00,VideoCall·COMPACT Ver.,34,0
2026-08-09T06:15:19+08:00,VideoCall·COMPACT Ver.,34,0
2026-08-09T06:15:30+08:00,VideoCall·COMPACT Ver.,34,0
2026-08-09T06:15:41+08:00,VideoCall·COMPACT Ver.,34,0
2026-08-09T06:16:06+08:00,VideoCall·COMPACT Ver.,34,0
2026-08-09T06:16:17+08:00,VideoCall·COMPACT Ver.,34,0
2026-08-09T06:16:28+08:00,VideoCall·COMPACT Ver.,34,0
2026-08-09T06:16:39+08:00,VideoCall·COMPACT Ver.,34,0
2026-08-09T06:16:49+08:00,VideoCall·COMPACT Ver.,34,0
2026-08-09T06:17:00+08:00,VideoCall·COMPACT Ver.,34,0
2026-08-09T06:17:26+08:00,VideoCall·COMPACT Ver.,34,0
2026-08-09T06:17:36+08:00,VideoCall·COMPACT Ver.,34,0
2026-08-09T06:17:47+08:00,VideoCall·COMPACT Ver.,34,0
2026-08-09T06:17:58+08:00,VideoCall·COMPACT Ver.,34,0
2026-08-09T06:18:08+08:00,VideoCall·COMPACT Ver.,34,0
2026-08-09T06:18:19+08:00,VideoCall·COMPACT Ver.,34,0
2026-08-09T06:18:44+08:00,VideoCall·COMPACT Ver.,34,0
2026-08-09T06:18:55+08:00,VideoCall·COMPACT Ver.,34,0
2026-08-09T06:19:06+08:00,VideoCall·COMPACT Ver.,34,0
2026-08-09T06:19:17+08:00,VideoCall·COMPACT Ver.,34,0
2026-08-09T06:19:28+08:00,VideoCall·COMPACT Ver.,34,0
2026-08-09T06:19:38+08:00,VideoCall·COMPACT Ver.,34,0
2026-08-09T06:20:03+08:00,VideoCall·COMPACT Ver.,34,0
2026-08-09T06:20:14+08:00,VideoCall·COMPACT Ver.,34,0
2026-08-09T06:20:25+08:00,VideoCall·COMPACT Ver.,34,0
2026-08-09T06:20:36+08:00,VideoCall·COMPACT Ver.,34,0
2026-08-09T06:20:47+08:00,VideoCall·COMPACT Ver.,34,0
2026-08-09T06:20:58+08:00,VideoCall·COMPACT Ver.,34,0
2026-08-09T06:21:23+08:00,VideoCall·COMPACT Ver.,34,0
2026-08-09T06:21:34+08:00,VideoCall·COMPACT Ver.,34,0
2026-08-09T06:21:45+08:00,VideoCall·COMPACT Ver.,34,0
2026-08-09T06:21:56+08:00,VideoCall·COMPACT Ver.,34,0
2026-08-09T06:22:06+08:00,VideoCall·COMPACT Ver.,34,0
2026-08-09T06:22:17+08:00,VideoCall·COMPACT Ver.,34,0
2026-08-09T06:22:42+08:00,VideoCall·COMPACT Ver.,34,0
2026-08-09T06:22:53+08:00,VideoCall·COMPACT Ver.,34,0
2026-08-09T06:23:03+08:00,VideoCall·COMPACT Ver.,34,0
2026-08-09T06:23:14+08:00,VideoCall·COMPACT Ver.,34,0
2026-08-09T06:23:25+08:00,VideoCall·COMPACT Ver.,34,0
2026-08-09T06:23:36+08:00,VideoCall·COMPACT Ver.,34,0
2026-08-09T06:24:00+08:00,VideoCall·COMPACT Ver.,34,0
2026-08-09T06:24:11+08:00,VideoCall·COMPACT Ver.,34,0
2026-08-09T06:24:22+08:00,VideoCall·COMPACT Ver.,34,0
2026-08-09T06:24:33+08:00,VideoCall·COMPACT Ver.,34,0
2026-08-09T06:24:44+08:00,VideoCall·COMPACT Ver.,34,0
2026-08-09T06:24:54+08:00,VideoCall·COMPACT Ver.,34,0
2026-08-09T06:25:19+08:00,VideoCall·COMPACT Ver.,34,0
2026-08-09T06:25:30+08:00,VideoCall·COMPACT Ver.,34,0
2026-08-09T06:25:41+08:00,VideoCall·COMPACT Ver.,34,0
2026-08-09T06:25:52+08:00,VideoCall·COMPACT Ver.,34,0
2026-08-09T06:26:03+08:00,VideoCall·COMPACT Ver.,34,0
2026-08-09T06:26:14+08:00,VideoCall·COMPACT Ver.,34,0
2026-08-09T06:26:39+08:00,VideoCall·COMPACT Ver.,34,0
2026-08-09T06:26:50+08:00,VideoCall·COMPACT Ver.,34,0
2026-08-09T06:27:01+08:00,VideoCall·COMPACT Ver.,34,0
2026-08-09T06:27:11+08:00,VideoCall·COMPACT Ver.,34,0
2026-08-09T06:27:22+08:00,VideoCall·COMPACT Ver.,34,0
2026-08-09T06:27:33+08:00,VideoCall·COMPACT Ver.,34,0
2026-08-09T06:27:59+08:00,VideoCall·COMPACT Ver.,34,0
2026-08-09T06:28:09+08:00,VideoCall·COMPACT Ver.,34,0
2026-08-09T06:28:20+08:00,VideoCall·COMPACT Ver.,34,0
2026-08-09T06:28:31+08:00,VideoCall·COMPACT Ver.,34,0
2026-08-09T06:28:42+08:00,VideoCall·COMPACT Ver.,34,0
2026-08-09T06:28:52+08:00,VideoCall·COMPACT Ver.,34,0
2026-08-09T06:29:17+08:00,VideoCall·COMPACT Ver.,34,0
2026-08-09T06:29:28+08:00,VideoCall·COMPACT Ver.,34,0
2026-08-09T06:29:39+08:00,VideoCall·COMPACT Ver.,34,0
2026-08-09T06:29:50+08:00,VideoCall·COMPACT Ver.,34,0
2026-08-09T06:30:00+08:00,VideoCall·COMPACT Ver.,34,0
2026-08-09T06:30:11+08:00,VideoCall·COMPACT Ver.,34,0
2026-08-09T06:30:36+08:00,VideoCall·COMPACT Ver.,34,0
2026-08-09T06:30:47+08:00,VideoCall·COMPACT Ver.,34,0
2026-08-09T06:30:58+08:00,VideoCall·COMPACT Ver.,34,0
2026-08-09T06:31:09+08:00,VideoCall·COMPACT Ver.,34,0
2026-08-09T06:31:19+08:00,VideoCall·COMPACT Ver.,34,0
2026-08-09T06:31:30+08:00,VideoCall·COMPACT Ver.,34,0
2026-08-09T06:31:55+08:00,VideoCall·COMPACT Ver.,34,0
2026-08-09T06:32:05+08:00,VideoCall·COMPACT Ver.,34,0
2026-08-09T06:32:16+08:00,VideoCall·COMPACT Ver.,34,0
2026-08-09T06:32:27+08:00,VideoCall·COMPACT Ver.,34,0
2026-08-09T06:32:38+08:00,VideoCall·COMPACT Ver.,34,0
2026-08-09T06:32:48+08:00,VideoCall·COMPACT Ver.,34,0
2026-08-09T06:33:34+08:00,VideoCall·COMPACT Ver.,34,0
2026-08-09T06:33:46+08:00,VideoCall·COMPACT Ver.,34,0
2026-08-09T06:33:56+08:00,VideoCall·COMPACT Ver.,34,0
2026-08-09T06:34:06+08:00,VideoCall·COMPACT Ver.,34,0
2026-08-09T06:34:17+08:00,VideoCall·COMPACT Ver.,34,0
2026-08-09T06:34:27+08:00,VideoCall·COMPACT Ver.,34,0
2026-08-09T06:34:38+08:00,VideoCall·COMPACT Ver.,34,0
2026-08-09T06:34:59+08:00,VideoCall·COMPACT Ver.,34,0
2026-08-09T06:35:09+08:00,VideoCall·COMPACT Ver.,34,0
2026-08-09T06:35:19+08:00,VideoCall·COMPACT Ver.,34,0
2026-08-09T06:35:30+08:00,VideoCall·COMPACT Ver.,34,0
2026-08-09T06:35:40+08:00,VideoCall·COMPACT Ver.,34,0
2026-08-09T06:35:50+08:00,VideoCall·COMPACT Ver.,34,0
2026-08-09T06:36:10+08:00,VideoCall·COMPACT Ver.,34,0
2026-08-09T06:36:21+08:00,VideoCall·COMPACT Ver.,34,0
2026-08-09T06:36:31+08:00,VideoCall·COMPACT Ver.,34,0
2026-08-09T06:36:42+08:00,VideoCall·COMPACT Ver.,34,0
2026-08-09T06:36:52+08:00,VideoCall·COMPACT Ver.,34,0
2026-08-09T06:37:02+08:00,VideoCall·COMPACT Ver.,34,0
2026-08-09T06:37:24+08:00,VideoCall·COMPACT Ver.,34,0
2026-08-09T06:37:34+08:00,VideoCall·COMPACT Ver.,34,0
2026-08-09T06:37:45+08:00,VideoCall·COMPACT Ver.,34,0
2026-08-09T06:37:55+08:00,VideoCall·COMPACT Ver.,34,0
2026-08-09T06:38:05+08:00,VideoCall·COMPACT Ver.,34,0
2026-08-09T06:38:16+08:00,VideoCall·COMPACT Ver.,34,0
2026-08-09T06:38:38+08:00,VideoCall·COMPACT Ver.,34,0
2026-08-09T06:38:48+08:00,VideoCall·COMPACT Ver.,34,0
2026-08-09T06:38:58+08:00,VideoCall·COMPACT Ver.,34,0
2026-08-09T06:39:09+08:00,VideoCall·COMPACT Ver.,34,0
2026-08-09T06:39:19+08:00,VideoCall·COMPACT Ver.,34,0
2026-08-09T06:39:29+08:00,VideoCall·COMPACT Ver.,34,0
2026-08-09T06:39:51+08:00,VideoCall·COMPACT Ver.,34,0
2026-08-09T06:40:01+08:00,VideoCall·COMPACT Ver.,34,0
2026-08-09T06:40:11+08:00,VideoCall·COMPACT Ver.,34,0
2026-08-09T06:40:21+08:00,VideoCall·COMPACT Ver.,34,0
2026-08-09T06:40:32+08:00,VideoCall·COMPACT Ver.,34,0
2026-08-09T06:40:42+08:00,VideoCall·COMPACT Ver.,34,0
2026-08-09T06:41:04+08:00,VideoCall·COMPACT Ver.,34,0
2026-08-09T06:41:14+08:00,VideoCall·COMPACT Ver.,34,0
2026-08-09T06:41:25+08:00,VideoCall·COMPACT Ver.,34,0
2026-08-09T06:41:35+08:00,VideoCall·COMPACT Ver.,34,0
2026-08-09T06:41:45+08:00,VideoCall·COMPACT Ver.,34,0
2026-08-09T06:41:55+08:00,VideoCall·COMPACT Ver.,34,0
2026-08-09T06:42:17+08:00,VideoCall·COMPACT Ver.,34,0
2026-08-09T06:42:27+08:00,VideoCall·COMPACT Ver.,34,0
2026-08-09T06:42:38+08:00,VideoCall·COMPACT Ver.,34,0
2026-08-09T06:42:48+08:00,VideoCall·COMPACT Ver.,34,0
2026-08-09T06:42:58+08:00,VideoCall·COMPACT Ver.,34,0
2026-08-09T06:43:09+08:00,VideoCall·COMPACT Ver.,34,0
2026-08-09T06:43:30+08:00,VideoCall·COMPACT Ver.,34,0
2026-08-09T06:43:41+08:00,VideoCall·COMPACT Ver.,34,0
2026-08-09T06:43:51+08:00,VideoCall·COMPACT Ver.,34,0
2026-08-09T06:44:01+08:00,VideoCall·COMPACT Ver.,34,0
2026-08-09T06:44:11+08:00,VideoCall·COMPACT Ver.,34,0
2026-08-09T06:44:22+08:00,VideoCall·COMPACT Ver.,34,0
2026-08-09T06:44:43+08:00,VideoCall·COMPACT Ver.,34,0
2026-08-09T06:44:53+08:00,VideoCall·COMPACT Ver.,34,0
2026-08-09T06:45:03+08:00,VideoCall·COMPACT Ver.,34,0
2026-08-09T06:45:13+08:00,VideoCall·COMPACT Ver.,34,0
2026-08-09T06:45:24+08:00,VideoCall·COMPACT Ver.,34,0
2026-08-09T06:45:34+08:00,VideoCall·COMPACT Ver.,34,0
2026-08-09T06:45:56+08:00,VideoCall·COMPACT Ver.,34,0
2026-08-09T06:46:07+08:00,VideoCall·COMPACT Ver.,34,0
2026-08-09T06:46:17+08:00,VideoCall·COMPACT Ver.,34,0
2026-08-09T06:46:27+08:00,VideoCall·COMPACT Ver.,34,0
2026-08-09T06:46:38+08:00,VideoCall·COMPACT Ver.,34,0
2026-08-09T06:46:48+08:00,VideoCall·COMPACT Ver.,34,0
2026-08-09T06:47:10+08:00,VideoCall·COMPACT Ver.,34,0
2026-08-09T06:47:21+08:00,VideoCall·COMPACT Ver.,34,0
2026-08-09T06:47:31+08:00,VideoCall·COMPACT Ver.,34,0
2026-08-09T06:47:42+08:00,VideoCall·COMPACT Ver.,34,0
2026-08-09T06:47:52+08:00,VideoCall·COMPACT Ver.,34,0
2026-08-09T06:48:02+08:00,VideoCall·COMPACT Ver.,34,0
2026-08-09T06:48:24+08:00,VideoCall·COMPACT Ver.,34,0
2026-08-09T06:48:34+08:00,VideoCall·COMPACT Ver.,34,0
2026-08-09T06:48:45+08:00,VideoCall·COMPACT Ver.,34,0
2026-08-09T06:48:55+08:00,VideoCall·COMPACT Ver.,34,0
2026-08-09T06:49:06+08:00,VideoCall·COMPACT Ver.,34,0
2026-08-09T06:49:16+08:00,VideoCall·COMPACT Ver.,34,0
2026-08-09T06:49:38+08:00,VideoCall·COMPACT Ver.,34,0
2026-08-09T06:49:49+08:00,VideoCall·COMPACT Ver.,34,0
2026-08-09T06:49:59+08:00,VideoCall·COMPACT Ver.,34,0
2026-08-09T06:50:10+08:00,VideoCall·COMPACT Ver.,34,0
2026-08-09T06:50:20+08:00,VideoCall·COMPACT Ver.,34,0
2026-08-09T06:50:31+08:00,VideoCall·COMPACT Ver.,34,0
2026-08-09T06:50:52+08:00,VideoCall·COMPACT Ver.,34,0
2026-08-09T06:51:02+08:00,VideoCall·COMPACT Ver.,34,0
2026-08-09T06:51:13+08:00,VideoCall·COMPACT Ver.,34,0
2026-08-09T06:51:23+08:00,VideoCall·COMPACT Ver.,34,0
2026-08-09T06:51:34+08:00,VideoCall·COMPACT Ver.,34,0
2026-08-09T06:51:44+08:00,VideoCall·COMPACT Ver.,34,0
2026-08-09T06:52:06+08:00,VideoCall·COMPACT Ver.,34,0
2026-08-09T06:52:16+08:00,VideoCall·COMPACT Ver.,34,0
2026-08-09T06:52:27+08:00,VideoCall·COMPACT Ver.,34,0
2026-08-09T06:52:37+08:00,VideoCall·COMPACT Ver.,34,0
2026-08-09T06:52:47+08:00,VideoCall·COMPACT Ver.,34,0
2026-08-09T06:52:58+08:00,VideoCall·COMPACT Ver.,34,0
2026-08-09T06:53:19+08:00,VideoCall·COMPACT Ver.,34,0
2026-08-09T06:53:30+08:00,VideoCall·COMPACT Ver.,34,0
2026-08-09T06:53:40+08:00,VideoCall·COMPACT Ver.,34,0
2026-08-09T06:53:50+08:00,VideoCall·COMPACT Ver.,34,0
2026-08-09T06:54:01+08:00,VideoCall·COMPACT Ver.,34,0
2026-08-09T06:54:11+08:00,VideoCall·COMPACT Ver.,34,0
2026-08-09T06:54:34+08:00,VideoCall·COMPACT Ver.,34,0
2026-08-09T06:54:44+08:00,VideoCall·COMPACT Ver.,34,0
2026-08-09T06:54:54+08:00,VideoCall·COMPACT Ver.,34,0
2026-08-09T06:55:04+08:00,VideoCall·COMPACT Ver.,34,0
2026-08-09T06:55:15+08:00,VideoCall·COMPACT Ver.,34,0
2026-08-09T06:55:25+08:00,VideoCall·COMPACT Ver.,34,0
2026-08-09T06:55:47+08:00,VideoCall·COMPACT Ver.,34,0
2026-08-09T06:55:58+08:00,VideoCall·COMPACT Ver.,34,0
2026-08-09T06:56:08+08:00,VideoCall·COMPACT Ver.,34,0
2026-08-09T06:56:18+08:00,VideoCall·COMPACT Ver.,34,0
2026-08-09T06:56:29+08:00,VideoCall·COMPACT Ver.,34,0
2026-08-09T06:56:39+08:00,VideoCall·COMPACT Ver.,34,0
2026-08-09T06:57:00+08:00,VideoCall·COMPACT Ver.,34,0
2026-08-09T06:57:11+08:00,VideoCall·COMPACT Ver.,34,0
2026-08-09T06:57:22+08:00,VideoCall·COMPACT Ver.,34,0
2026-08-09T06:57:33+08:00,VideoCall·COMPACT Ver.,34,0
2026-08-09T06:57:43+08:00,VideoCall·COMPACT Ver.,34,0
2026-08-09T06:57:53+08:00,VideoCall·COMPACT Ver.,34,0
2026-08-09T06:58:16+08:00,VideoCall·COMPACT Ver.,34,0
2026-08-09T06:58:26+08:00,VideoCall·COMPACT Ver.,34,0
2026-08-09T06:58:37+08:00,VideoCall·COMPACT Ver.,34,0
2026-08-09T06:58:47+08:00,VideoCall·COMPACT Ver.,34,0
2026-08-09T06:58:58+08:00,VideoCall·COMPACT Ver.,34,0
2026-08-09T06:59:08+08:00,VideoCall·COMPACT Ver.,34,0
2026-08-09T06:59:30+08:00,VideoCall·COMPACT Ver.,34,0
2026-08-09T06:59:41+08:00,VideoCall·COMPACT Ver.,34,0
2026-08-09T06:59:51+08:00,VideoCall·COMPACT Ver.,34,0
2026-08-09T07:00:01+08:00,VideoCall·COMPACT Ver.,34,0
2026-08-09T07:00:12+08:00,VideoCall·COMPACT Ver.,34,0
2026-08-09T07:00:23+08:00,VideoCall·COMPACT Ver.,34,0
2026-08-09T07:00:45+08:00,VideoCall·COMPACT Ver.,34,0
2026-08-09T07:00:56+08:00,VideoCall·COMPACT Ver.,34,0
2026-08-09T07:01:06+08:00,VideoCall·COMPACT Ver.,34,0
2026-08-09T07:01:17+08:00,VideoCall·COMPACT Ver.,34,0
2026-08-09T07:01:27+08:00,VideoCall·COMPACT Ver.,34,0
2026-08-09T07:01:38+08:00,VideoCall·COMPACT Ver.,34,0
2026-08-09T07:01:59+08:00,VideoCall·COMPACT Ver.,34,0
2026-08-09T07:02:10+08:00,VideoCall·COMPACT Ver.,34,0
2026-08-09T07:02:20+08:00,VideoCall·COMPACT Ver.,34,0
2026-08-09T07:02:31+08:00,VideoCall·COMPACT Ver.,34,0
2026-08-09T07:02:41+08:00,VideoCall·COMPACT Ver.,34,0
2026-08-09T07:02:51+08:00,VideoCall·COMPACT Ver.,34,0
2026-08-09T07:03:13+08:00,VideoCall·COMPACT Ver.,34,0
2026-08-09T07:03:23+08:00,VideoCall·COMPACT Ver.,34,0
2026-08-09T07:03:34+08:00,VideoCall·COMPACT Ver.,34,0
2026-08-09T07:03:44+08:00,VideoCall·COMPACT Ver.,34,0
2026-08-09T07:03:55+08:00,VideoCall·COMPACT Ver.,34,0
2026-08-09T07:04:05+08:00,VideoCall·COMPACT Ver.,34,0
2026-08-09T07:05:30+08:00,VideoCall·COMPACT Ver.,34,0
2026-08-09T07:05:41+08:00,VideoCall·COMPACT Ver.,34,0
2026-08-09T07:05:52+08:00,VideoCall·COMPACT Ver.,34,0
2026-08-09T07:06:02+08:00,VideoCall·COMPACT Ver.,34,0
2026-08-09T07:06:13+08:00,VideoCall·COMPACT Ver.,34,0
2026-08-09T07:06:23+08:00,VideoCall·COMPACT Ver.,34,0
2026-08-09T07:06:34+08:00,VideoCall·COMPACT Ver.,34,0
2026-08-09T07:06:56+08:00,VideoCall·COMPACT Ver.,34,0
2026-08-09T07:07:06+08:00,VideoCall·COMPACT Ver.,34,0
2026-08-09T07:07:17+08:00,VideoCall·COMPACT Ver.,34,0
2026-08-09T07:07:28+08:00,VideoCall·COMPACT Ver.,34,0
2026-08-09T07:07:38+08:00,VideoCall·COMPACT Ver.,34,0
2026-08-09T07:07:49+08:00,VideoCall·COMPACT Ver.,34,0
2026-08-09T07:08:11+08:00,VideoCall·COMPACT Ver.,34,0
2026-08-09T07:08:22+08:00,VideoCall·COMPACT Ver.,34,0
2026-08-09T07:08:32+08:00,VideoCall·COMPACT Ver.,34,0
2026-08-09T07:08:43+08:00,VideoCall·COMPACT Ver.,34,0
2026-08-09T07:08:53+08:00,VideoCall·COMPACT Ver.,34,0
2026-08-09T07:09:05+08:00,VideoCall·COMPACT Ver.,34,0
2026-08-09T07:09:26+08:00,VideoCall·COMPACT Ver.,34,0
2026-08-09T07:09:37+08:00,VideoCall·COMPACT Ver.,34,0
2026-08-09T07:09:47+08:00,VideoCall·COMPACT Ver.,34,0
2026-08-09T07:09:58+08:00,VideoCall·COMPACT Ver.,34,0
2026-08-09T07:10:08+08:00,VideoCall·COMPACT Ver.,34,0
2026-08-09T07:10:19+08:00,VideoCall·COMPACT Ver.,34,0
2026-08-09T07:10:41+08:00,VideoCall·COMPACT Ver.,34,0
2026-08-09T07:10:52+08:00,VideoCall·COMPACT Ver.,34,0
2026-08-09T07:11:02+08:00,VideoCall·COMPACT Ver.,34,0
2026-08-09T07:11:12+08:00,VideoCall·COMPACT Ver.,34,0
2026-08-09T07:11:23+08:00,VideoCall·COMPACT Ver.,34,0
2026-08-09T07:11:33+08:00,VideoCall·COMPACT Ver.,34,0
2026-08-09T07:11:55+08:00,VideoCall·COMPACT Ver.,34,0
2026-08-09T07:12:06+08:00,VideoCall·COMPACT Ver.,34,0
2026-08-09T07:12:16+08:00,VideoCall·COMPACT Ver.,34,0
2026-08-09T07:12:27+08:00,VideoCall·COMPACT Ver.,34,0
2026-08-09T07:12:37+08:00,VideoCall·COMPACT Ver.,34,0
2026-08-09T07:12:47+08:00,VideoCall·COMPACT Ver.,34,0
2026-08-09T07:13:10+08:00,VideoCall·COMPACT Ver.,34,0
2026-08-09T07:13:20+08:00,VideoCall·COMPACT Ver.,34,0
2026-08-09T07:13:30+08:00,VideoCall·COMPACT Ver.,34,0
2026-08-09T07:13:41+08:00,VideoCall·COMPACT Ver.,34,0
2026-08-09T07:13:51+08:00,VideoCall·COMPACT Ver.,34,0
2026-08-09T07:14:02+08:00,VideoCall·COMPACT Ver.,34,0
2026-08-09T07:14:24+08:00,VideoCall·COMPACT Ver.,34,0
2026-08-09T07:14:34+08:00,VideoCall·COMPACT Ver.,34,0
2026-08-09T07:14:45+08:00,VideoCall·COMPACT Ver.,34,0
2026-08-09T07:14:55+08:00,VideoCall·COMPACT Ver.,34,0
2026-08-09T07:15:06+08:00,VideoCall·COMPACT Ver.,34,0
2026-08-09T07:15:16+08:00,VideoCall·COMPACT Ver.,34,0
2026-08-09T07:15:38+08:00,VideoCall·COMPACT Ver.,34,0
2026-08-09T07:15:49+08:00,VideoCall·COMPACT Ver.,34,0
2026-08-09T07:15:59+08:00,VideoCall·COMPACT Ver.,34,0
2026-08-09T07:16:10+08:00,VideoCall·COMPACT Ver.,34,0
2026-08-09T07:16:20+08:00,VideoCall·COMPACT Ver.,34,0
2026-08-09T07:16:30+08:00,VideoCall·COMPACT Ver.,34,0
2026-08-09T07:16:52+08:00,VideoCall·COMPACT Ver.,34,0
2026-08-09T07:17:03+08:00,VideoCall·COMPACT Ver.,34,0
2026-08-09T07:17:14+08:00,VideoCall·COMPACT Ver.,34,0
2026-08-09T07:17:24+08:00,VideoCall·COMPACT Ver.,34,0
2026-08-09T07:17:35+08:00,VideoCall·COMPACT Ver.,34,0
2026-08-09T07:17:46+08:00,VideoCall·COMPACT Ver.,34,0
2026-08-09T07:18:07+08:00,VideoCall·COMPACT Ver.,34,0
2026-08-09T07:18:18+08:00,VideoCall·COMPACT Ver.,34,0
2026-08-09T07:18:28+08:00,VideoCall·COMPACT Ver.,34,0
2026-08-09T07:18:39+08:00,VideoCall·COMPACT Ver.,34,0
2026-08-09T07:18:49+08:00,VideoCall·COMPACT Ver.,34,0
2026-08-09T07:18:59+08:00,VideoCall·COMPACT Ver.,34,0
2026-08-09T07:19:22+08:00,VideoCall·COMPACT Ver.,34,0
2026-08-09T07:19:33+08:00,VideoCall·COMPACT Ver.,34,0
2026-08-09T07:19:43+08:00,VideoCall·COMPACT Ver.,34,0
2026-08-09T07:19:54+08:00,VideoCall·COMPACT Ver.,34,0
2026-08-09T07:20:04+08:00,VideoCall·COMPACT Ver.,34,0
2026-08-09T07:20:14+08:00,VideoCall·COMPACT Ver.,34,0
2026-08-09T07:20:37+08:00,VideoCall·COMPACT Ver.,34,0
2026-08-09T07:20:48+08:00,VideoCall·COMPACT Ver.,34,0
2026-08-09T07:20:58+08:00,VideoCall·COMPACT Ver.,34,0
2026-08-09T07:21:09+08:00,VideoCall·COMPACT Ver.,34,0
2026-08-09T07:21:19+08:00,VideoCall·COMPACT Ver.,34,0
2026-08-09T07:21:29+08:00,VideoCall·COMPACT Ver.,34,0
2026-08-09T07:21:52+08:00,VideoCall·COMPACT Ver.,34,0
2026-08-09T07:22:02+08:00,VideoCall·COMPACT Ver.,34,0
2026-08-09T07:22:13+08:00,VideoCall·COMPACT Ver.,34,0
2026-08-09T07:22:24+08:00,VideoCall·COMPACT Ver.,34,0
2026-08-09T07:22:34+08:00,VideoCall·COMPACT Ver.,34,0
2026-08-09T07:22:45+08:00,VideoCall·COMPACT Ver.,34,0
2026-08-09T07:23:06+08:00,VideoCall·COMPACT Ver.,34,0
2026-08-09T07:23:17+08:00,VideoCall·COMPACT Ver.,34,0
2026-08-09T07:23:27+08:00,VideoCall·COMPACT Ver.,34,0
2026-08-09T07:23:38+08:00,VideoCall·COMPACT Ver.,34,0
2026-08-09T07:23:49+08:00,VideoCall·COMPACT Ver.,34,0
2026-08-09T07:23:59+08:00,VideoCall·COMPACT Ver.,34,0
2026-08-09T07:24:21+08:00,VideoCall·COMPACT Ver.,34,0
2026-08-09T07:24:32+08:00,VideoCall·COMPACT Ver.,34,0
2026-08-09T07:24:43+08:00,VideoCall·COMPACT Ver.,34,0
2026-08-09T07:24:53+08:00,VideoCall·COMPACT Ver.,34,0
2026-08-09T07:25:04+08:00,VideoCall·COMPACT Ver.,34,0
2026-08-09T07:25:14+08:00,VideoCall·COMPACT Ver.,34,0
2026-08-09T07:25:37+08:00,VideoCall·COMPACT Ver.,34,0
2026-08-09T07:25:47+08:00,VideoCall·COMPACT Ver.,34,0
2026-08-09T07:25:58+08:00,VideoCall·COMPACT Ver.,34,0
2026-08-09T07:26:09+08:00,VideoCall·COMPACT Ver.,34,0
2026-08-09T07:26:19+08:00,VideoCall·COMPACT Ver.,34,0
2026-08-09T07:26:29+08:00,VideoCall·COMPACT Ver.,34,0
2026-08-09T07:26:52+08:00,VideoCall·COMPACT Ver.,34,0
2026-08-09T07:27:03+08:00,VideoCall·COMPACT Ver.,34,0
2026-08-09T07:27:13+08:00,VideoCall·COMPACT Ver.,34,0
2026-08-09T07:27:24+08:00,VideoCall·COMPACT Ver.,34,0
2026-08-09T07:27:34+08:00,VideoCall·COMPACT Ver.,34,0
2026-08-09T07:27:45+08:00,VideoCall·COMPACT Ver.,34,0
2026-08-09T07:28:07+08:00,VideoCall·COMPACT Ver.,34,0
2026-08-09T07:28:18+08:00,VideoCall·COMPACT Ver.,34,0
2026-08-09T07:28:28+08:00,VideoCall·COMPACT Ver.,34,0
2026-08-09T07:28:39+08:00,VideoCall·COMPACT Ver.,34,0
2026-08-09T07:28:49+08:00,VideoCall·COMPACT Ver.,34,0
2026-08-09T07:29:00+08:00,VideoCall·COMPACT Ver.,34,0
2026-08-09T07:29:22+08:00,VideoCall·COMPACT Ver.,34,0
2026-08-09T07:29:32+08:00,VideoCall·COMPACT Ver.,34,0
2026-08-09T07:29:43+08:00,VideoCall·COMPACT Ver.,34,0
2026-08-09T07:29:53+08:00,VideoCall·COMPACT Ver.,34,0
2026-08-09T07:30:04+08:00,VideoCall·COMPACT Ver.,34,0
2026-08-09T07:30:14+08:00,VideoCall·COMPACT Ver.,34,0
2026-08-09T07:30:35+08:00,VideoCall·COMPACT Ver.,34,0
2026-08-09T07:30:46+08:00,VideoCall·COMPACT Ver.,34,0
2026-08-09T07:30:57+08:00,VideoCall·COMPACT Ver.,34,0
2026-08-09T07:31:07+08:00,VideoCall·COMPACT Ver.,34,0
2026-08-09T07:31:18+08:00,VideoCall·COMPACT Ver.,34,0
2026-08-09T07:31:28+08:00,VideoCall·COMPACT Ver.,34,0
2026-08-09T07:31:51+08:00,VideoCall·COMPACT Ver.,34,0
2026-08-09T07:32:02+08:00,VideoCall·COMPACT Ver.,34,0
2026-08-09T07:32:12+08:00,VideoCall·COMPACT Ver.,34,0
2026-08-09T07:32:23+08:00,VideoCall·COMPACT Ver.,34,0
2026-08-09T07:32:33+08:00,VideoCall·COMPACT Ver.,34,0
2026-08-09T07:32:44+08:00,VideoCall·COMPACT Ver.,34,0
2026-08-09T07:33:06+08:00,VideoCall·COMPACT Ver.,34,0
2026-08-09T07:33:17+08:00,VideoCall·COMPACT Ver.,34,0
2026-08-09T07:33:31+08:00,VideoCall·COMPACT Ver.,34,0
2026-08-09T07:33:42+08:00,VideoCall·COMPACT Ver.,34,0
2026-08-09T07:33:52+08:00,VideoCall·COMPACT Ver.,34,0
2026-08-09T07:34:15+08:00,VideoCall·COMPACT Ver.,34,0
2026-08-09T07:34:26+08:00,VideoCall·COMPACT Ver.,34,0
2026-08-09T07:34:36+08:00,VideoCall·COMPACT Ver.,34,0
2026-08-09T07:34:46+08:00,VideoCall·COMPACT Ver.,34,0
2026-08-09T07:34:57+08:00,VideoCall·COMPACT Ver.,34,0
2026-08-09T07:35:08+08:00,VideoCall·COMPACT Ver.,34,0
2026-08-09T07:35:30+08:00,VideoCall·COMPACT Ver.,34,0
2026-08-09T07:35:40+08:00,VideoCall·COMPACT Ver.,34,0
2026-08-09T07:35:51+08:00,VideoCall·COMPACT Ver.,34,0
2026-08-09T07:36:02+08:00,VideoCall·COMPACT Ver.,34,0
2026-08-09T07:36:12+08:00,VideoCall·COMPACT Ver.,34,0
2026-08-09T07:36:23+08:00,VideoCall·COMPACT Ver.,34,0
2026-08-09T07:36:46+08:00,VideoCall·COMPACT Ver.,34,0
2026-08-09T07:36:57+08:00,VideoCall·COMPACT Ver.,34,0
2026-08-09T07:37:08+08:00,VideoCall·COMPACT Ver.,34,0
2026-08-09T07:37:18+08:00,VideoCall·COMPACT Ver.,34,0
2026-08-09T07:37:29+08:00,VideoCall·COMPACT Ver.,34,0
2026-08-09T07:37:39+08:00,VideoCall·COMPACT Ver.,34,0
2026-08-09T07:38:01+08:00,VideoCall·COMPACT Ver.,34,0
2026-08-09T07:38:11+08:00,VideoCall·COMPACT Ver.,34,0
2026-08-09T07:38:22+08:00,VideoCall·COMPACT Ver.,34,0
2026-08-09T07:38:32+08:00,VideoCall·COMPACT Ver.,34,0
2026-08-09T07:38:43+08:00,VideoCall·COMPACT Ver.,34,0
2026-08-09T07:38:53+08:00,VideoCall·COMPACT Ver.,34,0
2026-08-09T07:39:15+08:00,VideoCall·COMPACT Ver.,34,0
2026-08-09T07:39:26+08:00,VideoCall·COMPACT Ver.,34,0
2026-08-09T07:39:36+08:00,VideoCall·COMPACT Ver.,34,0
2026-08-09T07:39:47+08:00,VideoCall·COMPACT Ver.,34,0
2026-08-09T07:39:57+08:00,VideoCall·COMPACT Ver.,34,0
2026-08-09T07:40:08+08:00,VideoCall·COMPACT Ver.,34,0
2026-08-09T07:40:30+08:00,VideoCall·COMPACT Ver.,34,0
2026-08-09T07:40:41+08:00,VideoCall·COMPACT Ver.,34,0
2026-08-09T07:40:52+08:00,VideoCall·COMPACT Ver.,34,0
2026-08-09T07:41:03+08:00,VideoCall·COMPACT Ver.,34,0
2026-08-09T07:41:13+08:00,VideoCall·COMPACT Ver.,34,0
2026-08-09T07:41:24+08:00,VideoCall·COMPACT Ver.,34,0
2026-08-09T07:41:46+08:00,VideoCall·COMPACT Ver.,34,0
2026-08-09T07:41:56+08:00,VideoCall·COMPACT Ver.,34,0
2026-08-09T07:42:07+08:00,VideoCall·COMPACT Ver.,34,0
2026-08-09T07:42:17+08:00,VideoCall·COMPACT Ver.,34,0
2026-08-09T07:42:28+08:00,VideoCall·COMPACT Ver.,34,0
2026-08-09T07:42:38+08:00,VideoCall·COMPACT Ver.,34,0
2026-08-09T07:43:00+08:00,VideoCall·COMPACT Ver.,34,0
2026-08-09T07:43:11+08:00,VideoCall·COMPACT Ver.,34,0
2026-08-09T07:43:21+08:00,VideoCall·COMPACT Ver.,34,0
2026-08-09T07:43:32+08:00,VideoCall·COMPACT Ver.,34,0
2026-08-09T07:43:42+08:00,VideoCall·COMPACT Ver.,34,0
2026-08-09T07:43:52+08:00,VideoCall·COMPACT Ver.,34,0
2026-08-09T07:44:15+08:00,VideoCall·COMPACT Ver.,34,0
2026-08-09T07:44:25+08:00,VideoCall·COMPACT Ver.,34,0
2026-08-09T07:44:36+08:00,VideoCall·COMPACT Ver.,34,0
2026-08-09T07:44:47+08:00,VideoCall·COMPACT Ver.,34,0
2026-08-09T07:44:58+08:00,VideoCall·COMPACT Ver.,34,0
2026-08-09T07:45:08+08:00,VideoCall·COMPACT Ver.,34,0
2026-08-09T07:46:08+08:00,VideoCall·COMPACT Ver.,34,0
2026-08-09T07:46:19+08:00,VideoCall·COMPACT Ver.,34,0
2026-08-09T07:46:29+08:00,VideoCall·COMPACT Ver.,34,0
2026-08-09T07:46:40+08:00,VideoCall·COMPACT Ver.,34,0
2026-08-09T07:46:50+08:00,VideoCall·COMPACT Ver.,34,0
2026-08-09T07:47:01+08:00,VideoCall·COMPACT Ver.,34,0
2026-08-09T07:47:11+08:00,VideoCall·COMPACT Ver.,34,0
2026-08-09T07:47:33+08:00,VideoCall·COMPACT Ver.,34,0
2026-08-09T07:47:44+08:00,VideoCall·COMPACT Ver.,34,0
2026-08-09T07:47:54+08:00,VideoCall·COMPACT Ver.,34,0
2026-08-09T07:48:05+08:00,VideoCall·COMPACT Ver.,34,0
2026-08-09T07:48:15+08:00,VideoCall·COMPACT Ver.,34,0
2026-08-09T07:48:26+08:00,VideoCall·COMPACT Ver.,34,0
2026-08-09T07:48:49+08:00,VideoCall·COMPACT Ver.,34,0
2026-08-09T07:48:59+08:00,VideoCall·COMPACT Ver.,34,0
2026-08-09T07:49:10+08:00,VideoCall·COMPACT Ver.,34,0
2026-08-09T07:49:20+08:00,VideoCall·COMPACT Ver.,34,0
2026-08-09T07:49:31+08:00,VideoCall·COMPACT Ver.,34,0
2026-08-09T07:49:42+08:00,VideoCall·COMPACT Ver.,34,0
2026-08-09T07:50:03+08:00,VideoCall·COMPACT Ver.,34,0
2026-08-09T07:50:14+08:00,VideoCall·COMPACT Ver.,34,0
2026-08-09T07:50:24+08:00,VideoCall·COMPACT Ver.,34,0
2026-08-09T07:50:35+08:00,VideoCall·COMPACT Ver.,34,0
2026-08-09T07:50:45+08:00,VideoCall·COMPACT Ver.,34,0
2026-08-09T07:50:56+08:00,VideoCall·COMPACT Ver.,34,0
2026-08-09T07:51:18+08:00,VideoCall·COMPACT Ver.,34,0
2026-08-09T07:51:29+08:00,VideoCall·COMPACT Ver.,34,0
2026-08-09T07:51:39+08:00,VideoCall·COMPACT Ver.,34,0
2026-08-09T07:51:50+08:00,VideoCall·COMPACT Ver.,34,0
2026-08-09T07:52:00+08:00,VideoCall·COMPACT Ver.,34,0
2026-08-09T07:52:11+08:00,VideoCall·COMPACT Ver.,34,0
2026-08-09T07:52:33+08:00,VideoCall·COMPACT Ver.,34,0
2026-08-09T07:52:43+08:00,VideoCall·COMPACT Ver.,34,0
2026-08-09T07:52:54+08:00,VideoCall·COMPACT Ver.,34,0
2026-08-09T07:53:05+08:00,VideoCall·COMPACT Ver.,34,0
2026-08-09T07:53:15+08:00,VideoCall·COMPACT Ver.,34,0
2026-08-09T07:53:26+08:00,VideoCall·COMPACT Ver.,34,0
2026-08-09T07:53:47+08:00,VideoCall·COMPACT Ver.,34,0
2026-08-09T07:53:58+08:00,VideoCall·COMPACT Ver.,34,0
2026-08-09T07:54:08+08:00,VideoCall·COMPACT Ver.,34,0
2026-08-09T07:54:19+08:00,VideoCall·COMPACT Ver.,34,0
2026-08-09T07:54:29+08:00,VideoCall·COMPACT Ver.,34,0
2026-08-09T07:54:40+08:00,VideoCall·COMPACT Ver.,34,0
2026-08-09T07:55:03+08:00,VideoCall·COMPACT Ver.,34,0
2026-08-09T07:55:13+08:00,VideoCall·COMPACT Ver.,34,0
2026-08-09T07:55:24+08:00,VideoCall·COMPACT Ver.,34,0
2026-08-09T07:55:34+08:00,VideoCall·COMPACT Ver.,34,0
2026-08-09T07:55:45+08:00,VideoCall·COMPACT Ver.,34,0
2026-08-09T07:55:55+08:00,VideoCall·COMPACT Ver.,34,0
2026-08-09T07:56:17+08:00,VideoCall·COMPACT Ver.,34,0
2026-08-09T07:56:28+08:00,VideoCall·COMPACT Ver.,34,0
2026-08-09T07:56:38+08:00,VideoCall·COMPACT Ver.,34,0
2026-08-09T07:56:48+08:00,VideoCall·COMPACT Ver.,34,0
2026-08-09T07:56:59+08:00,VideoCall·COMPACT Ver.,34,0
2026-08-09T07:57:09+08:00,VideoCall·COMPACT Ver.,34,0
2026-08-09T07:57:31+08:00,VideoCall·COMPACT Ver.,34,0
2026-08-09T07:57:42+08:00,VideoCall·COMPACT Ver.,34,0
2026-08-09T07:57:52+08:00,VideoCall·COMPACT Ver.,34,0
2026-08-09T07:58:03+08:00,VideoCall·COMPACT Ver.,34,0
2026-08-09T07:58:13+08:00,VideoCall·COMPACT Ver.,34,0
2026-08-09T07:58:23+08:00,VideoCall·COMPACT Ver.,34,0
2026-08-09T07:58:45+08:00,VideoCall·COMPACT Ver.,34,0
2026-08-09T07:58:55+08:00,VideoCall·COMPACT Ver.,34,0
2026-08-09T07:59:06+08:00,VideoCall·COMPACT Ver.,34,0
2026-08-09T07:59:16+08:00,VideoCall·COMPACT Ver.,34,0
2026-08-09T07:59:27+08:00,VideoCall·COMPACT Ver.,34,0
2026-08-09T07:59:37+08:00,VideoCall·COMPACT Ver.,34,0
2026-08-09T08:00:00+08:00,VideoCall·COMPACT Ver.,34,0
2026-08-09T08:00:11+08:00,VideoCall·COMPACT Ver.,34,0
2026-08-09T08:00:21+08:00,VideoCall·COMPACT Ver.,34,0
2026-08-09T08:00:32+08:00,VideoCall·COMPACT Ver.,34,0
2026-08-09T08:00:42+08:00,VideoCall·COMPACT Ver.,34,0
2026-08-09T08:00:53+08:00,VideoCall·COMPACT Ver.,34,0
2026-08-09T08:01:15+08:00,VideoCall·COMPACT Ver.,34,0
2026-08-09T08:01:25+08:00,VideoCall·COMPACT Ver.,34,0
2026-08-09T08:01:36+08:00,VideoCall·COMPACT Ver.,34,0
2026-08-09T08:01:46+08:00,VideoCall·COMPACT Ver.,34,0
2026-08-09T08:01:57+08:00,VideoCall·COMPACT Ver.,34,0
2026-08-09T08:02:07+08:00,VideoCall·COMPACT Ver.,34,0
2026-08-09T08:02:29+08:00,VideoCall·COMPACT Ver.,34,0
2026-08-09T08:02:39+08:00,VideoCall·COMPACT Ver.,34,0
2026-08-09T08:02:50+08:00,VideoCall·COMPACT Ver.,34,0
2026-08-09T08:03:00+08:00,VideoCall·COMPACT Ver.,34,0
2026-08-09T08:03:11+08:00,VideoCall·COMPACT Ver.,34,0
2026-08-09T08:03:21+08:00,VideoCall·COMPACT Ver.,34,0
2026-08-09T08:03:43+08:00,VideoCall·COMPACT Ver.,34,0
2026-08-09T08:03:53+08:00,VideoCall·COMPACT Ver.,34,0
2026-08-09T08:04:03+08:00,VideoCall·COMPACT Ver.,34,0
2026-08-09T08:04:15+08:00,VideoCall·COMPACT Ver.,34,0
2026-08-09T08:04:25+08:00,VideoCall·COMPACT Ver.,34,0
2026-08-09T08:04:36+08:00,VideoCall·COMPACT Ver.,34,0
2026-08-09T08:04:58+08:00,VideoCall·COMPACT Ver.,34,0
2026-08-09T08:05:08+08:00,VideoCall·COMPACT Ver.,34,0
2026-08-09T08:05:19+08:00,VideoCall·COMPACT Ver.,34,0
2026-08-09T08:05:29+08:00,VideoCall·COMPACT Ver.,34,0
2026-08-09T08:05:40+08:00,VideoCall·COMPACT Ver.,34,0
2026-08-09T08:05:51+08:00,VideoCall·COMPACT Ver.,34,0
2026-08-09T08:06:12+08:00,VideoCall·COMPACT Ver.,34,0
2026-08-09T08:06:23+08:00,VideoCall·COMPACT Ver.,34,0
2026-08-09T08:06:33+08:00,VideoCall·COMPACT Ver.,34,0
2026-08-09T08:06:44+08:00,VideoCall·COMPACT Ver.,34,0
2026-08-09T08:06:54+08:00,VideoCall·COMPACT Ver.,34,0
2026-08-09T08:07:05+08:00,VideoCall·COMPACT Ver.,34,0
2026-08-09T08:07:28+08:00,VideoCall·COMPACT Ver.,34,0
2026-08-09T08:07:38+08:00,VideoCall·COMPACT Ver.,34,0
2026-08-09T08:07:49+08:00,VideoCall·COMPACT Ver.,34,0
2026-08-09T08:07:59+08:00,VideoCall·COMPACT Ver.,34,0
2026-08-09T08:08:10+08:00,VideoCall·COMPACT Ver.,34,0
2026-08-09T08:08:20+08:00,VideoCall·COMPACT Ver.,34,0
2026-08-09T08:08:42+08:00,VideoCall·COMPACT Ver.,34,0
2026-08-09T08:08:53+08:00,VideoCall·COMPACT Ver.,34,0
2026-08-09T08:09:03+08:00,VideoCall·COMPACT Ver.,34,0
2026-08-09T08:09:14+08:00,VideoCall·COMPACT Ver.,34,0
2026-08-09T08:09:24+08:00,VideoCall·COMPACT Ver.,34,0
2026-08-09T08:09:35+08:00,VideoCall·COMPACT Ver.,34,0
2026-08-09T08:09:57+08:00,VideoCall·COMPACT Ver.,34,0
2026-08-09T08:10:07+08:00,VideoCall·COMPACT Ver.,34,0
2026-08-09T08:10:18+08:00,VideoCall·COMPACT Ver.,34,0
2026-08-09T08:10:29+08:00,VideoCall·COMPACT Ver.,34,0
2026-08-09T08:10:39+08:00,VideoCall·COMPACT Ver.,34,0
2026-08-09T08:10:50+08:00,VideoCall·COMPACT Ver.,34,0
2026-08-09T08:11:12+08:00,VideoCall·COMPACT Ver.,34,0
2026-08-09T08:11:23+08:00,VideoCall·COMPACT Ver.,34,0
2026-08-09T08:11:33+08:00,VideoCall·COMPACT Ver.,34,0
2026-08-09T08:11:44+08:00,VideoCall·COMPACT Ver.,34,0
2026-08-09T08:11:54+08:00,VideoCall·COMPACT Ver.,34,0
2026-08-09T08:12:05+08:00,VideoCall·COMPACT Ver.,34,0
2026-08-09T08:12:32+08:00,VideoCall·COMPACT Ver.,34,0
2026-08-09T08:12:43+08:00,VideoCall·COMPACT Ver.,34,0
2026-08-09T08:12:53+08:00,VideoCall·COMPACT Ver.,34,0
2026-08-09T08:13:04+08:00,VideoCall·COMPACT Ver.,34,0
2026-08-09T08:13:14+08:00,VideoCall·COMPACT Ver.,34,0
2026-08-09T08:13:25+08:00,VideoCall·COMPACT Ver.,34,0
2026-08-09T08:13:46+08:00,VideoCall·COMPACT Ver.,34,0
2026-08-09T08:13:57+08:00,VideoCall·COMPACT Ver.,34,0
2026-08-09T08:14:07+08:00,VideoCall·COMPACT Ver.,34,0
2026-08-09T08:14:17+08:00,VideoCall·COMPACT Ver.,34,0
2026-08-09T08:14:28+08:00,VideoCall·COMPACT Ver.,34,0
2026-08-09T08:14:38+08:00,VideoCall·COMPACT Ver.,34,0
2026-08-09T08:15:01+08:00,VideoCall·COMPACT Ver.,34,0
2026-08-09T08:15:11+08:00,VideoCall·COMPACT Ver.,34,0
2026-08-09T08:15:22+08:00,VideoCall·COMPACT Ver.,34,0
2026-08-09T08:15:32+08:00,VideoCall·COMPACT Ver.,34,0
2026-08-09T08:15:43+08:00,VideoCall·COMPACT Ver.,34,0
2026-08-09T08:15:53+08:00,VideoCall·COMPACT Ver.,34,0
2026-08-09T08:16:16+08:00,VideoCall·COMPACT Ver.,34,0
2026-08-09T08:16:27+08:00,VideoCall·COMPACT Ver.,34,0
2026-08-09T08:16:37+08:00,VideoCall·COMPACT Ver.,34,0
2026-08-09T08:16:48+08:00,VideoCall·COMPACT Ver.,34,0
2026-08-09T08:16:58+08:00,VideoCall·COMPACT Ver.,34,0
2026-08-09T08:17:09+08:00,VideoCall·COMPACT Ver.,34,0
2026-08-09T08:17:31+08:00,VideoCall·COMPACT Ver.,34,0
2026-08-09T08:17:41+08:00,VideoCall·COMPACT Ver.,34,0
2026-08-09T08:17:52+08:00,VideoCall·COMPACT Ver.,34,0
2026-08-09T08:18:02+08:00,VideoCall·COMPACT Ver.,34,0
2026-08-09T08:18:13+08:00,VideoCall·COMPACT Ver.,34,0
2026-08-09T08:18:23+08:00,VideoCall·COMPACT Ver.,34,0
2026-08-09T08:18:45+08:00,VideoCall·COMPACT Ver.,34,0
2026-08-09T08:18:56+08:00,VideoCall·COMPACT Ver.,34,0
2026-08-09T08:19:06+08:00,VideoCall·COMPACT Ver.,34,0
2026-08-09T08:19:17+08:00,VideoCall·COMPACT Ver.,34,0
2026-08-09T08:19:27+08:00,VideoCall·COMPACT Ver.,34,0
2026-08-09T08:19:38+08:00,VideoCall·COMPACT Ver.,34,0
2026-08-09T08:20:00+08:00,VideoCall·COMPACT Ver.,34,0
2026-08-09T08:20:11+08:00,VideoCall·COMPACT Ver.,34,0
2026-08-09T08:20:21+08:00,VideoCall·COMPACT Ver.,34,0
2026-08-09T08:20:32+08:00,VideoCall·COMPACT Ver.,34,0
2026-08-09T08:20:42+08:00,VideoCall·COMPACT Ver.,34,0
2026-08-09T08:20:53+08:00,VideoCall·COMPACT Ver.,34,0
2026-08-09T08:21:16+08:00,VideoCall·COMPACT Ver.,34,0
2026-08-09T08:21:26+08:00,VideoCall·COMPACT Ver.,34,0
2026-08-09T08:21:37+08:00,VideoCall·COMPACT Ver.,34,0
2026-08-09T08:21:48+08:00,VideoCall·COMPACT Ver.,34,0
2026-08-09T08:21:58+08:00,VideoCall·COMPACT Ver.,34,0
2026-08-09T08:22:08+08:00,VideoCall·COMPACT Ver.,34,0
2026-08-09T08:22:30+08:00,VideoCall·COMPACT Ver.,34,0
2026-08-09T08:22:40+08:00,VideoCall·COMPACT Ver.,34,0
2026-08-09T08:22:51+08:00,VideoCall·COMPACT Ver.,34,0
2026-08-09T08:23:02+08:00,VideoCall·COMPACT Ver.,34,0
2026-08-09T08:23:12+08:00,VideoCall·COMPACT Ver.,34,0
2026-08-09T08:23:23+08:00,VideoCall·COMPACT Ver.,34,0
2026-08-09T08:23:44+08:00,VideoCall·COMPACT Ver.,34,0
2026-08-09T08:23:54+08:00,VideoCall·COMPACT Ver.,34,0
2026-08-09T08:24:05+08:00,VideoCall·COMPACT Ver.,34,0
2026-08-09T08:24:15+08:00,VideoCall·COMPACT Ver.,34,0
2026-08-09T08:24:26+08:00,VideoCall·COMPACT Ver.,34,0
2026-08-09T08:24:36+08:00,VideoCall·COMPACT Ver.,34,0
2026-08-09T08:24:59+08:00,VideoCall·COMPACT Ver.,34,0
2026-08-09T08:25:09+08:00,VideoCall·COMPACT Ver.,34,0
2026-08-09T08:25:20+08:00,VideoCall·COMPACT Ver.,34,0
2026-08-09T08:25:30+08:00,VideoCall·COMPACT Ver.,34,0
2026-08-09T08:25:41+08:00,VideoCall·COMPACT Ver.,34,0
2026-08-09T08:25:51+08:00,VideoCall·COMPACT Ver.,34,0
2026-08-09T08:26:14+08:00,VideoCall·COMPACT Ver.,34,0
2026-08-09T08:26:24+08:00,VideoCall·COMPACT Ver.,34,0
2026-08-09T08:26:35+08:00,VideoCall·COMPACT Ver.,34,0
2026-08-09T08:26:46+08:00,VideoCall·COMPACT Ver.,34,0
2026-08-09T08:26:56+08:00,VideoCall·COMPACT Ver.,34,0
2026-08-09T08:27:07+08:00,VideoCall·COMPACT Ver.,34,0
2026-08-09T08:27:29+08:00,VideoCall·COMPACT Ver.,34,0
2026-08-09T08:27:40+08:00,VideoCall·COMPACT Ver.,34,0
2026-08-09T08:27:50+08:00,VideoCall·COMPACT Ver.,34,0
2026-08-09T08:28:01+08:00,VideoCall·COMPACT Ver.,34,0
2026-08-09T08:28:11+08:00,VideoCall·COMPACT Ver.,34,0
2026-08-09T08:28:22+08:00,VideoCall·COMPACT Ver.,34,0
2026-08-09T08:28:44+08:00,VideoCall·COMPACT Ver.,34,0
2026-08-09T08:28:54+08:00,VideoCall·COMPACT Ver.,34,0
2026-08-09T08:29:05+08:00,VideoCall·COMPACT Ver.,34,0
2026-08-09T08:29:16+08:00,VideoCall·COMPACT Ver.,34,0
2026-08-09T08:29:26+08:00,VideoCall·COMPACT Ver.,34,0
2026-08-09T08:29:36+08:00,VideoCall·COMPACT Ver.,34,0
2026-08-09T08:29:59+08:00,VideoCall·COMPACT Ver.,34,0
2026-08-09T08:30:10+08:00,VideoCall·COMPACT Ver.,34,0
2026-08-09T08:30:20+08:00,VideoCall·COMPACT Ver.,34,0
2026-08-09T08:30:31+08:00,VideoCall·COMPACT Ver.,34,0
2026-08-09T08:30:41+08:00,VideoCall·COMPACT Ver.,34,0
2026-08-09T08:30:52+08:00,VideoCall·COMPACT Ver.,34,0
2026-08-09T08:31:14+08:00,VideoCall·COMPACT Ver.,34,0
2026-08-09T08:31:25+08:00,VideoCall·COMPACT Ver.,34,0
2026-08-09T08:31:35+08:00,VideoCall·COMPACT Ver.,34,0
2026-08-09T08:31:46+08:00,VideoCall·COMPACT Ver.,34,0
2026-08-09T08:31:56+08:00,VideoCall·COMPACT Ver.,34,0
2026-08-09T08:32:07+08:00,VideoCall·COMPACT Ver.,34,0
2026-08-09T08:32:27+08:00,VideoCall·COMPACT Ver.,34,0
2026-08-09T08:32:38+08:00,VideoCall·COMPACT Ver.,34,0
2026-08-09T08:32:49+08:00,VideoCall·COMPACT Ver.,34,0
2026-08-09T08:32:59+08:00,VideoCall·COMPACT Ver.,34,0
2026-08-09T08:33:09+08:00,VideoCall·COMPACT Ver.,34,0
2026-08-09T08:33:20+08:00,VideoCall·COMPACT Ver.,34,0
2026-08-09T08:33:42+08:00,VideoCall·COMPACT Ver.,34,0
2026-08-09T08:33:53+08:00,VideoCall·COMPACT Ver.,34,0
2026-08-09T08:34:03+08:00,VideoCall·COMPACT Ver.,34,0
2026-08-09T08:34:14+08:00,VideoCall·COMPACT Ver.,34,0
2026-08-09T08:34:24+08:00,VideoCall·COMPACT Ver.,34,0
2026-08-09T08:34:35+08:00,VideoCall·COMPACT Ver.,34,0
2026-08-09T08:34:57+08:00,VideoCall·COMPACT Ver.,34,0
2026-08-09T08:35:08+08:00,VideoCall·COMPACT Ver.,34,0
2026-08-09T08:35:18+08:00,VideoCall·COMPACT Ver.,34,0
2026-08-09T08:35:29+08:00,VideoCall·COMPACT Ver.,34,0
2026-08-09T08:35:39+08:00,VideoCall·COMPACT Ver.,34,0
2026-08-09T08:35:49+08:00,VideoCall·COMPACT Ver.,34,0
2026-08-09T08:36:27+08:00,VideoCall·COMPACT Ver.,34,0
2026-08-09T08:36:38+08:00,VideoCall·COMPACT Ver.,34,0
2026-08-09T08:36:49+08:00,VideoCall·COMPACT Ver.,34,0
2026-08-09T08:36:59+08:00,VideoCall·COMPACT Ver.,34,0
2026-08-09T08:37:10+08:00,VideoCall·COMPACT Ver.,34,0
2026-08-09T08:37:21+08:00,VideoCall·COMPACT Ver.,34,0
2026-08-09T08:37:32+08:00,VideoCall·COMPACT Ver.,34,0
2026-08-09T08:37:55+08:00,VideoCall·COMPACT Ver.,34,0
2026-08-09T08:38:06+08:00,VideoCall·COMPACT Ver.,34,0
2026-08-09T08:38:17+08:00,VideoCall·COMPACT Ver.,34,0
2026-08-09T08:38:28+08:00,VideoCall·COMPACT Ver.,34,0
2026-08-09T08:38:38+08:00,VideoCall·COMPACT Ver.,34,0
2026-08-09T08:38:49+08:00,VideoCall·COMPACT Ver.,34,0
2026-08-09T08:39:14+08:00,VideoCall·COMPACT Ver.,34,0
2026-08-09T08:39:25+08:00,VideoCall·COMPACT Ver.,34,0
2026-08-09T08:39:36+08:00,VideoCall·COMPACT Ver.,34,0
2026-08-09T08:39:46+08:00,VideoCall·COMPACT Ver.,34,0
2026-08-09T08:39:57+08:00,VideoCall·COMPACT Ver.,34,0
2026-08-09T08:40:07+08:00,VideoCall·COMPACT Ver.,34,0
2026-08-09T08:40:31+08:00,VideoCall·COMPACT Ver.,34,0
2026-08-09T08:40:42+08:00,VideoCall·COMPACT Ver.,34,0
2026-08-09T08:40:52+08:00,VideoCall·COMPACT Ver.,34,0
2026-08-09T08:41:03+08:00,VideoCall·COMPACT Ver.,34,0
2026-08-09T08:41:13+08:00,VideoCall·COMPACT Ver.,34,0
2026-08-09T08:41:24+08:00,VideoCall·COMPACT Ver.,34,0
2026-08-09T08:41:49+08:00,VideoCall·COMPACT Ver.,34,0
2026-08-09T08:41:59+08:00,VideoCall·COMPACT Ver.,34,0
2026-08-09T08:42:10+08:00,VideoCall·COMPACT Ver.,34,0
2026-08-09T08:42:21+08:00,VideoCall·COMPACT Ver.,34,0
2026-08-09T08:42:32+08:00,VideoCall·COMPACT Ver.,34,0
2026-08-09T08:42:42+08:00,VideoCall·COMPACT Ver.,34,0
2026-08-09T08:43:06+08:00,VideoCall·COMPACT Ver.,34,0
2026-08-09T08:43:17+08:00,VideoCall·COMPACT Ver.,34,0
2026-08-09T08:43:28+08:00,VideoCall·COMPACT Ver.,34,0
2026-08-09T08:43:39+08:00,VideoCall·COMPACT Ver.,34,0
2026-08-09T08:43:49+08:00,VideoCall·COMPACT Ver.,34,0
2026-08-09T08:44:00+08:00,VideoCall·COMPACT Ver.,34,0
2026-08-09T08:44:24+08:00,VideoCall·COMPACT Ver.,34,0
2026-08-09T08:44:35+08:00,VideoCall·COMPACT Ver.,34,0
2026-08-09T08:44:45+08:00,VideoCall·COMPACT Ver.,34,0
2026-08-09T08:44:57+08:00,VideoCall·COMPACT Ver.,34,0
2026-08-09T08:45:08+08:00,VideoCall·COMPACT Ver.,34,0
2026-08-09T08:45:18+08:00,VideoCall·COMPACT Ver.,34,0
2026-08-09T08:45:43+08:00,VideoCall·COMPACT Ver.,34,0
2026-08-09T08:45:53+08:00,VideoCall·COMPACT Ver.,34,0
2026-08-09T08:46:03+08:00,VideoCall·COMPACT Ver.,34,0
2026-08-09T08:46:14+08:00,VideoCall·COMPACT Ver.,34,0
2026-08-09T08:46:25+08:00,VideoCall·COMPACT Ver.,34,0
2026-08-09T08:46:35+08:00,VideoCall·COMPACT Ver.,34,0
2026-08-09T08:47:00+08:00,VideoCall·COMPACT Ver.,34,0
2026-08-09T08:47:11+08:00,VideoCall·COMPACT Ver.,34,0
2026-08-09T08:47:21+08:00,VideoCall·COMPACT Ver.,34,0
2026-08-09T08:47:32+08:00,VideoCall·COMPACT Ver.,34,0
2026-08-09T08:47:42+08:00,VideoCall·COMPACT Ver.,34,0
2026-08-09T08:47:53+08:00,VideoCall·COMPACT Ver.,34,0
2026-08-09T08:48:16+08:00,VideoCall·COMPACT Ver.,34,0
2026-08-09T08:48:26+08:00,VideoCall·COMPACT Ver.,34,0
2026-08-09T08:48:37+08:00,VideoCall·COMPACT Ver.,34,0
2026-08-09T08:48:47+08:00,VideoCall·COMPACT Ver.,34,0
2026-08-09T08:48:58+08:00,VideoCall·COMPACT Ver.,34,0
2026-08-09T08:49:09+08:00,VideoCall·COMPACT Ver.,34,0
2026-08-09T08:49:33+08:00,VideoCall·COMPACT Ver.,34,0
2026-08-09T08:49:44+08:00,VideoCall·COMPACT Ver.,34,0
2026-08-09T08:49:54+08:00,VideoCall·COMPACT Ver.,34,0
2026-08-09T08:50:05+08:00,VideoCall·COMPACT Ver.,34,0
2026-08-09T08:50:16+08:00,VideoCall·COMPACT Ver.,34,0
2026-08-09T08:50:26+08:00,VideoCall·COMPACT Ver.,34,0
2026-08-09T08:50:50+08:00,VideoCall·COMPACT Ver.,34,0
2026-08-09T08:51:01+08:00,VideoCall·COMPACT Ver.,34,0
2026-08-09T08:51:12+08:00,VideoCall·COMPACT Ver.,34,0
2026-08-09T08:51:22+08:00,VideoCall·COMPACT Ver.,34,0
2026-08-09T08:51:33+08:00,VideoCall·COMPACT Ver.,34,0
2026-08-09T08:51:44+08:00,VideoCall·COMPACT Ver.,34,0
2026-08-09T08:52:08+08:00,VideoCall·COMPACT Ver.,34,0
2026-08-09T08:52:19+08:00,VideoCall·COMPACT Ver.,34,0
2026-08-09T08:52:30+08:00,VideoCall·COMPACT Ver.,34,0
2026-08-09T08:52:40+08:00,VideoCall·COMPACT Ver.,34,0
2026-08-09T08:52:51+08:00,VideoCall·COMPACT Ver.,34,0
2026-08-09T08:53:02+08:00,VideoCall·COMPACT Ver.,34,0
2026-08-09T08:53:26+08:00,VideoCall·COMPACT Ver.,34,0
2026-08-09T08:53:37+08:00,VideoCall·COMPACT Ver.,34,0
2026-08-09T08:53:47+08:00,VideoCall·COMPACT Ver.,34,0
2026-08-09T08:53:58+08:00,VideoCall·COMPACT Ver.,34,0
2026-08-09T08:54:08+08:00,VideoCall·COMPACT Ver.,34,0
2026-08-09T08:54:19+08:00,VideoCall·COMPACT Ver.,34,0
2026-08-09T08:54:43+08:00,VideoCall·COMPACT Ver.,34,0
2026-08-09T08:54:53+08:00,VideoCall·COMPACT Ver.,34,0
2026-08-09T08:55:04+08:00,VideoCall·COMPACT Ver.,34,0
2026-08-09T08:55:15+08:00,VideoCall·COMPACT Ver.,34,0
2026-08-09T08:55:25+08:00,VideoCall·COMPACT Ver.,34,0
2026-08-09T08:55:35+08:00,VideoCall·COMPACT Ver.,34,0
2026-08-09T08:55:59+08:00,VideoCall·COMPACT Ver.,34,0
2026-08-09T08:56:10+08:00,VideoCall·COMPACT Ver.,34,0
2026-08-09T08:56:21+08:00,VideoCall·COMPACT Ver.,34,0
2026-08-09T08:56:31+08:00,VideoCall·COMPACT Ver.,34,0
2026-08-09T08:56:42+08:00,VideoCall·COMPACT Ver.,34,0
2026-08-09T08:56:52+08:00,VideoCall·COMPACT Ver.,34,0
2026-08-09T08:57:16+08:00,VideoCall·COMPACT Ver.,34,0
2026-08-09T08:57:26+08:00,VideoCall·COMPACT Ver.,34,0
2026-08-09T08:57:37+08:00,VideoCall·COMPACT Ver.,34,0
2026-08-09T08:57:48+08:00,VideoCall·COMPACT Ver.,34,0
2026-08-09T08:57:59+08:00,VideoCall·COMPACT Ver.,34,0
2026-08-09T08:58:09+08:00,VideoCall·COMPACT Ver.,34,0
2026-08-09T08:58:33+08:00,VideoCall·COMPACT Ver.,34,0
2026-08-09T08:58:44+08:00,VideoCall·COMPACT Ver.,34,0
2026-08-09T08:58:54+08:00,VideoCall·COMPACT Ver.,34,0
2026-08-09T08:59:05+08:00,VideoCall·COMPACT Ver.,34,0
2026-08-09T08:59:16+08:00,VideoCall·COMPACT Ver.,34,0
2026-08-09T08:59:26+08:00,VideoCall·COMPACT Ver.,34,0
2026-08-09T08:59:50+08:00,VideoCall·COMPACT Ver.,34,0
2026-08-09T09:00:01+08:00,VideoCall·COMPACT Ver.,34,0
2026-08-09T09:00:12+08:00,VideoCall·COMPACT Ver.,34,0
2026-08-09T09:00:23+08:00,VideoCall·COMPACT Ver.,34,0
2026-08-09T09:00:33+08:00,VideoCall·COMPACT Ver.,34,0
2026-08-09T09:00:44+08:00,VideoCall·COMPACT Ver.,34,0
2026-08-09T09:01:08+08:00,VideoCall·COMPACT Ver.,34,0
2026-08-09T09:01:19+08:00,VideoCall·COMPACT Ver.,34,0
2026-08-09T09:01:30+08:00,VideoCall·COMPACT Ver.,34,0
2026-08-09T09:01:41+08:00,VideoCall·COMPACT Ver.,34,0
2026-08-09T09:01:52+08:00,VideoCall·COMPACT Ver.,34,0
2026-08-09T09:02:02+08:00,VideoCall·COMPACT Ver.,34,0
2026-08-09T09:02:27+08:00,VideoCall·COMPACT Ver.,34,0
2026-08-09T09:02:38+08:00,VideoCall·COMPACT Ver.,34,0
2026-08-09T09:02:48+08:00,VideoCall·COMPACT Ver.,34,0
2026-08-09T09:02:59+08:00,VideoCall·COMPACT Ver.,34,0
2026-08-09T09:03:10+08:00,VideoCall·COMPACT Ver.,34,0
2026-08-09T09:03:20+08:00,VideoCall·COMPACT Ver.,34,0
2026-08-09T09:03:44+08:00,VideoCall·COMPACT Ver.,34,0
2026-08-09T09:03:55+08:00,VideoCall·COMPACT Ver.,34,0
2026-08-09T09:04:06+08:00,VideoCall·COMPACT Ver.,34,0
2026-08-09T09:04:17+08:00,VideoCall·COMPACT Ver.,34,0
2026-08-09T09:04:28+08:00,VideoCall·COMPACT Ver.,34,0
2026-08-09T09:04:38+08:00,VideoCall·COMPACT Ver.,34,0
2026-08-09T09:05:02+08:00,VideoCall·COMPACT Ver.,34,0
2026-08-09T09:05:13+08:00,VideoCall·COMPACT Ver.,34,0
2026-08-09T09:05:23+08:00,VideoCall·COMPACT Ver.,34,0
2026-08-09T09:05:34+08:00,VideoCall·COMPACT Ver.,34,0
2026-08-09T09:05:45+08:00,VideoCall·COMPACT Ver.,34,0
2026-08-09T09:05:56+08:00,VideoCall·COMPACT Ver.,34,0
2026-08-09T09:06:19+08:00,VideoCall·COMPACT Ver.,34,0
2026-08-09T09:06:30+08:00,VideoCall·COMPACT Ver.,34,0
2026-08-09T09:06:41+08:00,VideoCall·COMPACT Ver.,34,0
2026-08-09T09:06:51+08:00,VideoCall·COMPACT Ver.,34,0
2026-08-09T09:07:01+08:00,VideoCall·COMPACT Ver.,34,0
2026-08-09T09:07:12+08:00,VideoCall·COMPACT Ver.,34,0
2026-08-09T09:07:36+08:00,VideoCall·COMPACT Ver.,34,0
2026-08-09T09:07:46+08:00,VideoCall·COMPACT Ver.,34,0
2026-08-09T09:07:57+08:00,VideoCall·COMPACT Ver.,34,0
2026-08-09T09:08:08+08:00,VideoCall·COMPACT Ver.,34,0
2026-08-09T09:08:18+08:00,VideoCall·COMPACT Ver.,34,0
2026-08-09T09:08:28+08:00,VideoCall·COMPACT Ver.,34,0
2026-08-09T09:08:52+08:00,VideoCall·COMPACT Ver.,34,0
2026-08-09T09:09:03+08:00,VideoCall·COMPACT Ver.,34,0
2026-08-09T09:09:14+08:00,VideoCall·COMPACT Ver.,34,0
2026-08-09T09:09:25+08:00,VideoCall·COMPACT Ver.,34,0
2026-08-09T09:09:35+08:00,VideoCall·COMPACT Ver.,34,0
2026-08-09T09:09:46+08:00,VideoCall·COMPACT Ver.,34,0
2026-08-09T09:10:08+08:00,VideoCall·COMPACT Ver.,34,0
2026-08-09T09:10:19+08:00,VideoCall·COMPACT Ver.,34,0
2026-08-09T09:10:30+08:00,VideoCall·COMPACT Ver.,34,0
2026-08-09T09:10:41+08:00,VideoCall·COMPACT Ver.,34,0
2026-08-09T09:10:51+08:00,VideoCall·COMPACT Ver.,34,0
2026-08-09T09:11:02+08:00,VideoCall·COMPACT Ver.,34,0
2026-08-09T09:11:27+08:00,VideoCall·COMPACT Ver.,34,0
2026-08-09T09:11:38+08:00,VideoCall·COMPACT Ver.,34,0
2026-08-09T09:11:48+08:00,VideoCall·COMPACT Ver.,34,0
2026-08-09T09:11:59+08:00,VideoCall·COMPACT Ver.,34,0
2026-08-09T09:12:10+08:00,VideoCall·COMPACT Ver.,34,0
2026-08-09T09:12:20+08:00,VideoCall·COMPACT Ver.,34,0
2026-08-09T09:12:44+08:00,VideoCall·COMPACT Ver.,34,0
2026-08-09T09:12:55+08:00,VideoCall·COMPACT Ver.,34,0
2026-08-09T09:13:06+08:00,VideoCall·COMPACT Ver.,34,0
2026-08-09T09:13:16+08:00,VideoCall·COMPACT Ver.,34,0
2026-08-09T09:13:27+08:00,VideoCall·COMPACT Ver.,34,0
2026-08-09T09:13:37+08:00,VideoCall·COMPACT Ver.,34,0
2026-08-09T09:14:01+08:00,VideoCall·COMPACT Ver.,34,0
2026-08-09T09:14:11+08:00,VideoCall·COMPACT Ver.,34,0
2026-08-09T09:14:22+08:00,VideoCall·COMPACT Ver.,34,0
2026-08-09T09:14:33+08:00,VideoCall·COMPACT Ver.,34,0
2026-08-09T09:14:43+08:00,VideoCall·COMPACT Ver.,34,0
2026-08-09T09:14:54+08:00,VideoCall·COMPACT Ver.,34,0
2026-08-09T09:15:18+08:00,VideoCall·COMPACT Ver.,34,0
2026-08-09T09:15:28+08:00,VideoCall·COMPACT Ver.,34,0
2026-08-09T09:15:39+08:00,VideoCall·COMPACT Ver.,34,0
2026-08-09T09:15:49+08:00,VideoCall·COMPACT Ver.,34,0
2026-08-09T09:16:00+08:00,VideoCall·COMPACT Ver.,34,0
2026-08-09T09:16:11+08:00,VideoCall·COMPACT Ver.,34,0
2026-08-09T09:16:35+08:00,VideoCall·COMPACT Ver.,34,0
2026-08-09T09:16:46+08:00,VideoCall·COMPACT Ver.,34,0
2026-08-09T09:16:56+08:00,VideoCall·COMPACT Ver.,34,0
2026-08-09T09:17:07+08:00,VideoCall·COMPACT Ver.,34,0
2026-08-09T09:17:17+08:00,VideoCall·COMPACT Ver.,34,0
2026-08-09T09:17:28+08:00,VideoCall·COMPACT Ver.,34,0
2026-08-09T09:17:53+08:00,VideoCall·COMPACT Ver.,34,0
2026-08-09T09:18:04+08:00,VideoCall·COMPACT Ver.,34,0
2026-08-09T09:18:15+08:00,VideoCall·COMPACT Ver.,34,0
2026-08-09T09:18:25+08:00,VideoCall·COMPACT Ver.,34,0
2026-08-09T09:18:36+08:00,VideoCall·COMPACT Ver.,34,0
2026-08-09T09:18:47+08:00,VideoCall·COMPACT Ver.,34,0
2026-08-09T09:19:11+08:00,VideoCall·COMPACT Ver.,34,0
2026-08-09T09:19:21+08:00,VideoCall·COMPACT Ver.,34,0
2026-08-09T09:19:32+08:00,VideoCall·COMPACT Ver.,34,0
2026-08-09T09:19:42+08:00,VideoCall·COMPACT Ver.,34,0
2026-08-09T09:19:53+08:00,VideoCall·COMPACT Ver.,34,0
2026-08-09T09:20:04+08:00,VideoCall·COMPACT Ver.,34,0
2026-08-09T09:20:28+08:00,VideoCall·COMPACT Ver.,34,0
2026-08-09T09:20:39+08:00,VideoCall·COMPACT Ver.,34,0
2026-08-09T09:20:49+08:00,VideoCall·COMPACT Ver.,34,0
2026-08-09T09:21:00+08:00,VideoCall·COMPACT Ver.,34,0
2026-08-09T09:21:11+08:00,VideoCall·COMPACT Ver.,34,0
2026-08-09T09:21:21+08:00,VideoCall·COMPACT Ver.,34,0
2026-08-09T09:21:45+08:00,VideoCall·COMPACT Ver.,34,0
2026-08-09T09:21:56+08:00,VideoCall·COMPACT Ver.,34,0
2026-08-09T09:22:06+08:00,VideoCall·COMPACT Ver.,34,0
2026-08-09T09:22:17+08:00,VideoCall·COMPACT Ver.,34,0
2026-08-09T09:22:27+08:00,VideoCall·COMPACT Ver.,34,0
2026-08-09T09:22:38+08:00,VideoCall·COMPACT Ver.,34,0
2026-08-09T09:23:02+08:00,VideoCall·COMPACT Ver.,34,0
2026-08-09T09:23:13+08:00,VideoCall·COMPACT Ver.,34,0
2026-08-09T09:23:23+08:00,VideoCall·COMPACT Ver.,34,0
2026-08-09T09:23:34+08:00,VideoCall·COMPACT Ver.,34,0
2026-08-09T09:23:45+08:00,VideoCall·COMPACT Ver.,34,0
2026-08-09T09:23:56+08:00,VideoCall·COMPACT Ver.,34,0
2026-08-09T09:24:21+08:00,VideoCall·COMPACT Ver.,34,0
2026-08-09T09:24:31+08:00,VideoCall·COMPACT Ver.,34,0
2026-08-09T09:24:42+08:00,VideoCall·COMPACT Ver.,34,0
2026-08-09T09:24:53+08:00,VideoCall·COMPACT Ver.,34,0
2026-08-09T09:25:03+08:00,VideoCall·COMPACT Ver.,34,0
2026-08-09T09:25:14+08:00,VideoCall·COMPACT Ver.,34,0
2026-08-09T09:25:37+08:00,VideoCall·COMPACT Ver.,34,0
2026-08-09T09:25:48+08:00,VideoCall·COMPACT Ver.,34,0
2026-08-09T09:25:59+08:00,VideoCall·COMPACT Ver.,34,0
2026-08-09T09:26:09+08:00,VideoCall·COMPACT Ver.,34,0
2026-08-09T09:26:20+08:00,VideoCall·COMPACT Ver.,34,0
2026-08-09T09:26:43+08:00,VideoCall·COMPACT Ver.,34,0
2026-08-09T09:26:54+08:00,VideoCall·COMPACT Ver.,34,0
2026-08-09T09:27:05+08:00,VideoCall·COMPACT Ver.,34,0
2026-08-09T09:27:15+08:00,VideoCall·COMPACT Ver.,34,0
2026-08-09T09:27:26+08:00,VideoCall·COMPACT Ver.,34,0
2026-08-09T09:27:37+08:00,VideoCall·COMPACT Ver.,34,0
2026-08-09T09:27:48+08:00,VideoCall·COMPACT Ver.,34,0
2026-08-09T09:28:12+08:00,VideoCall·COMPACT Ver.,34,0
2026-08-09T09:28:23+08:00,VideoCall·COMPACT Ver.,34,0
2026-08-09T09:28:33+08:00,VideoCall·COMPACT Ver.,34,0
2026-08-09T09:28:44+08:00,VideoCall·COMPACT Ver.,34,0
2026-08-09T09:28:55+08:00,VideoCall·COMPACT Ver.,34,0
2026-08-09T09:29:06+08:00,VideoCall·COMPACT Ver.,34,0
2026-08-09T09:29:30+08:00,VideoCall·COMPACT Ver.,34,0
2026-08-09T09:29:40+08:00,VideoCall·COMPACT Ver.,34,0
2026-08-09T09:29:51+08:00,VideoCall·COMPACT Ver.,34,0
2026-08-09T09:30:02+08:00,VideoCall·COMPACT Ver.,34,0
2026-08-09T09:30:12+08:00,VideoCall·COMPACT Ver.,34,0
2026-08-09T09:30:22+08:00,VideoCall·COMPACT Ver.,34,0
2026-08-09T09:30:48+08:00,VideoCall·COMPACT Ver.,34,0
2026-08-09T09:30:59+08:00,VideoCall·COMPACT Ver.,34,0
2026-08-09T09:31:09+08:00,VideoCall·COMPACT Ver.,34,0
2026-08-09T09:31:20+08:00,VideoCall·COMPACT Ver.,34,0
2026-08-09T09:31:30+08:00,VideoCall·COMPACT Ver.,34,0
2026-08-09T09:31:40+08:00,VideoCall·COMPACT Ver.,34,0
2026-08-09T09:32:04+08:00,VideoCall·COMPACT Ver.,34,0
2026-08-09T09:32:14+08:00,VideoCall·COMPACT Ver.,34,0
2026-08-09T09:32:25+08:00,VideoCall·COMPACT Ver.,34,0
2026-08-09T09:32:35+08:00,VideoCall·COMPACT Ver.,34,0
2026-08-09T09:32:46+08:00,VideoCall·COMPACT Ver.,34,0
2026-08-09T09:32:57+08:00,VideoCall·COMPACT Ver.,34,0
2026-08-09T09:33:20+08:00,VideoCall·COMPACT Ver.,34,0
2026-08-09T09:33:31+08:00,VideoCall·COMPACT Ver.,34,0
2026-08-09T09:33:41+08:00,VideoCall·COMPACT Ver.,34,0
2026-08-09T09:33:52+08:00,VideoCall·COMPACT Ver.,34,0
2026-08-09T09:34:02+08:00,VideoCall·COMPACT Ver.,34,0
2026-08-09T09:34:13+08:00,VideoCall·COMPACT Ver.,34,0
2026-08-09T09:34:37+08:00,VideoCall·COMPACT Ver.,34,0
2026-08-09T09:34:47+08:00,VideoCall·COMPACT Ver.,34,0
2026-08-09T09:34:58+08:00,VideoCall·COMPACT Ver.,34,0
2026-08-09T09:35:08+08:00,VideoCall·COMPACT Ver.,34,0
2026-08-09T09:35:19+08:00,VideoCall·COMPACT Ver.,34,0
2026-08-09T09:35:30+08:00,VideoCall·COMPACT Ver.,34,0
2026-08-09T09:35:56+08:00,VideoCall·COMPACT Ver.,34,0
2026-08-09T09:36:06+08:00,VideoCall·COMPACT Ver.,34,0
2026-08-09T09:36:16+08:00,VideoCall·COMPACT Ver.,34,0
2026-08-09T09:36:27+08:00,VideoCall·COMPACT Ver.,34,0
2026-08-09T09:36:38+08:00,VideoCall·COMPACT Ver.,34,0
2026-08-09T09:36:48+08:00,VideoCall·COMPACT Ver.,34,0
2026-08-09T09:37:14+08:00,VideoCall·COMPACT Ver.,34,0
2026-08-09T09:37:24+08:00,VideoCall·COMPACT Ver.,34,0
2026-08-09T09:37:34+08:00,VideoCall·COMPACT Ver.,34,0
2026-08-09T09:37:45+08:00,VideoCall·COMPACT Ver.,34,0
2026-08-09T09:37:56+08:00,VideoCall·COMPACT Ver.,34,0
2026-08-09T09:38:07+08:00,VideoCall·COMPACT Ver.,34,0
2026-08-09T09:38:31+08:00,VideoCall·COMPACT Ver.,34,0
2026-08-09T09:38:41+08:00,VideoCall·COMPACT Ver.,34,0
2026-08-09T09:38:52+08:00,VideoCall·COMPACT Ver.,34,0
2026-08-09T09:39:02+08:00,VideoCall·COMPACT Ver.,34,0
2026-08-09T09:39:13+08:00,VideoCall·COMPACT Ver.,34,0
2026-08-09T09:39:24+08:00,VideoCall·COMPACT Ver.,34,0
2026-08-09T09:39:47+08:00,VideoCall·COMPACT Ver.,34,0
2026-08-09T09:39:57+08:00,VideoCall·COMPACT Ver.,34,0
2026-08-09T09:40:08+08:00,VideoCall·COMPACT Ver.,34,0
2026-08-09T09:40:18+08:00,VideoCall·COMPACT Ver.,34,0
2026-08-09T09:40:28+08:00,VideoCall·COMPACT Ver.,34,0
2026-08-09T09:40:39+08:00,VideoCall·COMPACT Ver.,34,0
2026-08-09T09:41:02+08:00,VideoCall·COMPACT Ver.,34,0
2026-08-09T09:41:12+08:00,VideoCall·COMPACT Ver.,34,0
2026-08-09T09:41:23+08:00,VideoCall·COMPACT Ver.,34,0
2026-08-09T09:41:33+08:00,VideoCall·COMPACT Ver.,34,0
2026-08-09T09:41:44+08:00,VideoCall·COMPACT Ver.,34,0
2026-08-09T09:41:55+08:00,VideoCall·COMPACT Ver.,34,0
2026-08-09T09:42:19+08:00,VideoCall·COMPACT Ver.,34,0
2026-08-09T09:42:30+08:00,VideoCall·COMPACT Ver.,34,0
2026-08-09T09:42:41+08:00,VideoCall·COMPACT Ver.,34,0
2026-08-09T09:42:51+08:00,VideoCall·COMPACT Ver.,34,0
2026-08-09T09:43:02+08:00,VideoCall·COMPACT Ver.,34,0
2026-08-09T09:43:12+08:00,VideoCall·COMPACT Ver.,34,0
2026-08-09T09:43:37+08:00,VideoCall·COMPACT Ver.,34,0
2026-08-09T09:43:47+08:00,VideoCall·COMPACT Ver.,34,0
2026-08-09T09:43:58+08:00,VideoCall·COMPACT Ver.,34,0
2026-08-09T09:44:09+08:00,VideoCall·COMPACT Ver.,34,0
2026-08-09T09:44:19+08:00,VideoCall·COMPACT Ver.,34,0
2026-08-09T09:44:30+08:00,VideoCall·COMPACT Ver.,34,0
2026-08-09T09:44:53+08:00,VideoCall·COMPACT Ver.,34,0
2026-08-09T09:45:04+08:00,VideoCall·COMPACT Ver.,34,0
2026-08-09T09:45:14+08:00,VideoCall·COMPACT Ver.,34,0
2026-08-09T09:45:25+08:00,VideoCall·COMPACT Ver.,34,0
2026-08-09T09:45:35+08:00,VideoCall·COMPACT Ver.,34,0
2026-08-09T09:45:46+08:00,VideoCall·COMPACT Ver.,34,0
2026-08-09T09:46:11+08:00,VideoCall·COMPACT Ver.,34,0
2026-08-09T09:46:21+08:00,VideoCall·COMPACT Ver.,34,0
2026-08-09T09:46:32+08:00,VideoCall·COMPACT Ver.,34,0
2026-08-09T09:46:43+08:00,VideoCall·COMPACT Ver.,34,0
2026-08-09T09:46:53+08:00,VideoCall·COMPACT Ver.,34,0
2026-08-09T09:47:04+08:00,VideoCall·COMPACT Ver.,34,0
2026-08-09T09:47:28+08:00,VideoCall·COMPACT Ver.,34,0
2026-08-09T09:47:39+08:00,VideoCall·COMPACT Ver.,34,0
2026-08-09T09:47:50+08:00,VideoCall·COMPACT Ver.,34,0
2026-08-09T09:48:00+08:00,VideoCall·COMPACT Ver.,34,0
2026-08-09T09:48:11+08:00,VideoCall·COMPACT Ver.,34,0
2026-08-09T09:48:21+08:00,VideoCall·COMPACT Ver.,34,0
2026-08-09T09:48:45+08:00,VideoCall·COMPACT Ver.,34,0
2026-08-09T09:48:56+08:00,VideoCall·COMPACT Ver.,34,0
2026-08-09T09:49:06+08:00,VideoCall·COMPACT Ver.,34,0
2026-08-09T09:49:17+08:00,VideoCall·COMPACT Ver.,34,0
2026-08-09T09:49:27+08:00,VideoCall·COMPACT Ver.,34,0
2026-08-09T09:49:37+08:00,VideoCall·COMPACT Ver.,34,0
2026-08-09T09:50:01+08:00,VideoCall·COMPACT Ver.,34,0
2026-08-09T09:50:12+08:00,VideoCall·COMPACT Ver.,34,0
2026-08-09T09:50:22+08:00,VideoCall·COMPACT Ver.,34,0
2026-08-09T09:50:33+08:00,VideoCall·COMPACT Ver.,34,0
2026-08-09T09:50:44+08:00,VideoCall·COMPACT Ver.,34,0
2026-08-09T09:50:55+08:00,VideoCall·COMPACT Ver.,34,0
2026-08-09T09:51:18+08:00,VideoCall·COMPACT Ver.,34,0
2026-08-09T09:51:28+08:00,VideoCall·COMPACT Ver.,34,0
2026-08-09T09:51:39+08:00,VideoCall·COMPACT Ver.,34,0
2026-08-09T09:51:50+08:00,VideoCall·COMPACT Ver.,34,0
2026-08-09T09:52:00+08:00,VideoCall·COMPACT Ver.,34,0
2026-08-09T09:52:11+08:00,VideoCall·COMPACT Ver.,34,0
2026-08-09T09:52:34+08:00,VideoCall·COMPACT Ver.,34,0
2026-08-09T09:52:45+08:00,VideoCall·COMPACT Ver.,34,0
2026-08-09T09:52:55+08:00,VideoCall·COMPACT Ver.,34,0
2026-08-09T09:53:06+08:00,VideoCall·COMPACT Ver.,34,0
2026-08-09T09:53:17+08:00,VideoCall·COMPACT Ver.,34,0
2026-08-09T09:53:27+08:00,VideoCall·COMPACT Ver.,34,0
2026-08-09T09:53:51+08:00,VideoCall·COMPACT Ver.,34,0
2026-08-09T09:54:02+08:00,VideoCall·COMPACT Ver.,34,0
2026-08-09T09:54:12+08:00,VideoCall·COMPACT Ver.,34,0
2026-08-09T09:54:22+08:00,VideoCall·COMPACT Ver.,34,0
2026-08-09T09:54:32+08:00,VideoCall·COMPACT Ver.,34,0
2026-08-09T09:54:43+08:00,VideoCall·COMPACT Ver.,34,0
2026-08-09T09:55:07+08:00,VideoCall·COMPACT Ver.,34,0
2026-08-09T09:55:17+08:00,VideoCall·COMPACT Ver.,34,0
2026-08-09T09:55:28+08:00,VideoCall·COMPACT Ver.,34,0
2026-08-09T09:55:39+08:00,VideoCall·COMPACT Ver.,34,0
2026-08-09T09:55:49+08:00,VideoCall·COMPACT Ver.,34,0
2026-08-09T09:56:00+08:00,VideoCall·COMPACT Ver.,34,0
2026-08-09T09:56:24+08:00,VideoCall·COMPACT Ver.,34,0
2026-08-09T09:56:34+08:00,VideoCall·COMPACT Ver.,34,0
2026-08-09T09:56:45+08:00,VideoCall·COMPACT Ver.,34,0
2026-08-09T09:56:55+08:00,VideoCall·COMPACT Ver.,34,0
2026-08-09T09:57:05+08:00,VideoCall·COMPACT Ver.,34,0
2026-08-09T09:57:16+08:00,VideoCall·COMPACT Ver.,34,0
2026-08-09T09:57:40+08:00,VideoCall·COMPACT Ver.,34,0
2026-08-09T09:57:50+08:00,VideoCall·COMPACT Ver.,34,0
2026-08-09T09:58:01+08:00,VideoCall·COMPACT Ver.,34,0
2026-08-09T09:58:11+08:00,VideoCall·COMPACT Ver.,34,0
2026-08-09T09:58:22+08:00,VideoCall·COMPACT Ver.,34,0
2026-08-09T09:58:33+08:00,VideoCall·COMPACT Ver.,34,0
2026-08-09T09:58:57+08:00,VideoCall·COMPACT Ver.,34,0
2026-08-09T09:59:08+08:00,VideoCall·COMPACT Ver.,34,0
2026-08-09T09:59:18+08:00,VideoCall·COMPACT Ver.,34,0
2026-08-09T09:59:29+08:00,VideoCall·COMPACT Ver.,34,0
2026-08-09T09:59:39+08:00,VideoCall·COMPACT Ver.,34,0
2026-08-09T09:59:49+08:00,VideoCall·COMPACT Ver.,34,0
2026-08-09T10:00:35+08:00,VideoCall·COMPACT Ver.,34,0
2026-08-09T10:00:46+08:00,VideoCall·COMPACT Ver.,34,0
2026-08-09T10:00:57+08:00,VideoCall·COMPACT Ver.,34,0
2026-08-09T10:01:08+08:00,VideoCall·COMPACT Ver.,34,0
2026-08-09T10:01:18+08:00,VideoCall·COMPACT Ver.,34,0
2026-08-09T10:01:29+08:00,VideoCall·COMPACT Ver.,34,0
2026-08-09T10:01:39+08:00,VideoCall·COMPACT Ver.,34,0
2026-08-09T10:02:03+08:00,VideoCall·COMPACT Ver.,34,0
2026-08-09T10:02:14+08:00,VideoCall·COMPACT Ver.,34,0
2026-08-09T10:02:25+08:00,VideoCall·COMPACT Ver.,34,0
2026-08-09T10:02:35+08:00,VideoCall·COMPACT Ver.,34,0
2026-08-09T10:02:46+08:00,VideoCall·COMPACT Ver.,34,0
2026-08-09T10:02:56+08:00,VideoCall·COMPACT Ver.,34,0
2026-08-09T10:03:21+08:00,VideoCall·COMPACT Ver.,34,0
2026-08-09T10:03:32+08:00,VideoCall·COMPACT Ver.,34,0
2026-08-09T10:03:42+08:00,VideoCall·COMPACT Ver.,34,0
2026-08-09T10:03:53+08:00,VideoCall·COMPACT Ver.,34,0
2026-08-09T10:04:04+08:00,VideoCall·COMPACT Ver.,34,0
2026-08-09T10:04:14+08:00,VideoCall·COMPACT Ver.,34,0
2026-08-09T10:04:38+08:00,VideoCall·COMPACT Ver.,34,0
2026-08-09T10:04:48+08:00,VideoCall·COMPACT Ver.,34,0
2026-08-09T10:04:59+08:00,VideoCall·COMPACT Ver.,34,0
2026-08-09T10:05:09+08:00,VideoCall·COMPACT Ver.,34,0
2026-08-09T10:05:20+08:00,VideoCall·COMPACT Ver.,34,0
2026-08-09T10:05:30+08:00,VideoCall·COMPACT Ver.,34,0
2026-08-09T10:05:55+08:00,VideoCall·COMPACT Ver.,34,0
2026-08-09T10:06:06+08:00,VideoCall·COMPACT Ver.,34,0
2026-08-09T10:06:16+08:00,VideoCall·COMPACT Ver.,34,0
2026-08-09T10:06:27+08:00,VideoCall·COMPACT Ver.,34,0
2026-08-09T10:06:37+08:00,VideoCall·COMPACT Ver.,34,0
2026-08-09T10:06:48+08:00,VideoCall·COMPACT Ver.,34,0
2026-08-09T10:07:11+08:00,VideoCall·COMPACT Ver.,34,0
2026-08-09T10:07:22+08:00,VideoCall·COMPACT Ver.,34,0
2026-08-09T10:07:32+08:00,VideoCall·COMPACT Ver.,34,0
2026-08-09T10:07:43+08:00,VideoCall·COMPACT Ver.,34,0
2026-08-09T10:07:54+08:00,VideoCall·COMPACT Ver.,34,0
2026-08-09T10:08:04+08:00,VideoCall·COMPACT Ver.,34,0
2026-08-09T10:08:28+08:00,VideoCall·COMPACT Ver.,34,0
2026-08-09T10:08:39+08:00,VideoCall·COMPACT Ver.,34,0
2026-08-09T10:08:49+08:00,VideoCall·COMPACT Ver.,34,0
2026-08-09T10:08:59+08:00,VideoCall·COMPACT Ver.,34,0
2026-08-09T10:09:09+08:00,VideoCall·COMPACT Ver.,34,0
2026-08-09T10:09:20+08:00,VideoCall·COMPACT Ver.,34,0
2026-08-09T10:09:44+08:00,VideoCall·COMPACT Ver.,34,0
2026-08-09T10:09:54+08:00,VideoCall·COMPACT Ver.,34,0
2026-08-09T10:10:05+08:00,VideoCall·COMPACT Ver.,34,0
2026-08-09T10:10:16+08:00,VideoCall·COMPACT Ver.,34,0
2026-08-09T10:10:27+08:00,VideoCall·COMPACT Ver.,34,0
2026-08-09T10:10:37+08:00,VideoCall·COMPACT Ver.,34,0
2026-08-09T10:11:00+08:00,VideoCall·COMPACT Ver.,34,0
2026-08-09T10:11:11+08:00,VideoCall·COMPACT Ver.,34,0
2026-08-09T10:11:22+08:00,VideoCall·COMPACT Ver.,34,0
2026-08-09T10:11:32+08:00,VideoCall·COMPACT Ver.,34,0
2026-08-09T10:11:43+08:00,VideoCall·COMPACT Ver.,34,0
2026-08-09T10:11:53+08:00,VideoCall·COMPACT Ver.,34,0
2026-08-09T10:12:19+08:00,VideoCall·COMPACT Ver.,34,0
2026-08-09T10:12:29+08:00,VideoCall·COMPACT Ver.,34,0
2026-08-09T10:12:40+08:00,VideoCall·COMPACT Ver.,34,0
2026-08-09T10:12:50+08:00,VideoCall·COMPACT Ver.,34,0
2026-08-09T10:13:01+08:00,VideoCall·COMPACT Ver.,34,0
2026-08-09T10:13:11+08:00,VideoCall·COMPACT Ver.,34,0
2026-08-09T10:13:34+08:00,VideoCall·COMPACT Ver.,34,0
2026-08-09T10:13:45+08:00,VideoCall·COMPACT Ver.,34,0
2026-08-09T10:13:55+08:00,VideoCall·COMPACT Ver.,34,0
2026-08-09T10:14:06+08:00,VideoCall·COMPACT Ver.,34,0
2026-08-09T10:14:17+08:00,VideoCall·COMPACT Ver.,34,0
2026-08-09T10:14:27+08:00,VideoCall·COMPACT Ver.,34,0
2026-08-09T10:14:52+08:00,VideoCall·COMPACT Ver.,34,0
2026-08-09T10:15:03+08:00,VideoCall·COMPACT Ver.,34,0
2026-08-09T10:15:13+08:00,VideoCall·COMPACT Ver.,34,0
2026-08-09T10:15:24+08:00,VideoCall·COMPACT Ver.,34,0
2026-08-09T10:15:35+08:00,VideoCall·COMPACT Ver.,34,0
2026-08-09T10:15:45+08:00,VideoCall·COMPACT Ver.,34,0
2026-08-09T10:16:08+08:00,VideoCall·COMPACT Ver.,34,0
2026-08-09T10:16:18+08:00,VideoCall·COMPACT Ver.,34,0
2026-08-09T10:16:33+08:00,VideoCall·COMPACT Ver.,34,0
2026-08-09T10:16:44+08:00,VideoCall·COMPACT Ver.,34,0
2026-08-09T10:16:54+08:00,VideoCall·COMPACT Ver.,34,0
2026-08-09T10:17:05+08:00,VideoCall·COMPACT Ver.,34,0
2026-08-09T10:17:30+08:00,VideoCall·COMPACT Ver.,34,0
2026-08-09T10:17:40+08:00,VideoCall·COMPACT Ver.,34,0
2026-08-09T10:17:51+08:00,VideoCall·COMPACT Ver.,34,0
2026-08-09T10:18:01+08:00,VideoCall·COMPACT Ver.,34,0
2026-08-09T10:18:12+08:00,VideoCall·COMPACT Ver.,34,0
2026-08-09T10:18:22+08:00,VideoCall·COMPACT Ver.,34,0
2026-08-09T10:18:46+08:00,VideoCall·COMPACT Ver.,34,0
2026-08-09T10:18:57+08:00,VideoCall·COMPACT Ver.,34,0
2026-08-09T10:19:07+08:00,VideoCall·COMPACT Ver.,34,0
2026-08-09T10:19:17+08:00,VideoCall·COMPACT Ver.,34,0
2026-08-09T10:19:28+08:00,VideoCall·COMPACT Ver.,34,0
2026-08-09T10:19:39+08:00,VideoCall·COMPACT Ver.,34,0
2026-08-09T10:20:02+08:00,VideoCall·COMPACT Ver.,34,0
2026-08-09T10:20:12+08:00,VideoCall·COMPACT Ver.,34,0
2026-08-09T10:20:23+08:00,VideoCall·COMPACT Ver.,34,0
2026-08-09T10:20:33+08:00,VideoCall·COMPACT Ver.,34,0
2026-08-09T10:20:44+08:00,VideoCall·COMPACT Ver.,34,0
2026-08-09T10:20:54+08:00,VideoCall·COMPACT Ver.,34,0
2026-08-09T10:21:18+08:00,VideoCall·COMPACT Ver.,34,0
2026-08-09T10:21:29+08:00,VideoCall·COMPACT Ver.,34,0
2026-08-09T10:21:39+08:00,VideoCall·COMPACT Ver.,34,0
2026-08-09T10:21:49+08:00,VideoCall·COMPACT Ver.,34,0
2026-08-09T10:22:00+08:00,VideoCall·COMPACT Ver.,34,0
2026-08-09T10:22:11+08:00,VideoCall·COMPACT Ver.,34,0
2026-08-09T10:22:35+08:00,VideoCall·COMPACT Ver.,34,0
2026-08-09T10:22:45+08:00,VideoCall·COMPACT Ver.,34,0
2026-08-09T10:22:55+08:00,VideoCall·COMPACT Ver.,34,0
2026-08-09T10:23:06+08:00,VideoCall·COMPACT Ver.,34,0
2026-08-09T10:23:16+08:00,VideoCall·COMPACT Ver.,34,0
2026-08-09T10:23:27+08:00,VideoCall·COMPACT Ver.,34,0
2026-08-09T10:23:51+08:00,VideoCall·COMPACT Ver.,34,0
2026-08-09T10:24:02+08:00,VideoCall·COMPACT Ver.,34,0
2026-08-09T10:24:12+08:00,VideoCall·COMPACT Ver.,34,0
2026-08-09T10:24:23+08:00,VideoCall·COMPACT Ver.,34,0
2026-08-09T10:24:33+08:00,VideoCall·COMPACT Ver.,34,0
2026-08-09T10:24:44+08:00,VideoCall·COMPACT Ver.,34,0
2026-08-09T10:25:08+08:00,VideoCall·COMPACT Ver.,34,0
2026-08-09T10:25:18+08:00,VideoCall·COMPACT Ver.,34,0
2026-08-09T10:25:29+08:00,VideoCall·COMPACT Ver.,34,0
2026-08-09T10:25:39+08:00,VideoCall·COMPACT Ver.,34,0
2026-08-09T10:25:50+08:00,VideoCall·COMPACT Ver.,34,0
2026-08-09T10:26:01+08:00,VideoCall·COMPACT Ver.,34,0
2026-08-09T10:26:25+08:00,VideoCall·COMPACT Ver.,34,0
2026-08-09T10:26:35+08:00,VideoCall·COMPACT Ver.,34,0
2026-08-09T10:26:46+08:00,VideoCall·COMPACT Ver.,34,0
2026-08-09T10:26:57+08:00,VideoCall·COMPACT Ver.,34,0
2026-08-09T10:27:07+08:00,VideoCall·COMPACT Ver.,34,0
2026-08-09T10:27:18+08:00,VideoCall·COMPACT Ver.,34,0
2026-08-09T10:27:42+08:00,VideoCall·COMPACT Ver.,34,0
2026-08-09T10:27:53+08:00,VideoCall·COMPACT Ver.,34,0
2026-08-09T10:28:03+08:00,VideoCall·COMPACT Ver.,34,0
2026-08-09T10:28:14+08:00,VideoCall·COMPACT Ver.,34,0
2026-08-09T10:28:25+08:00,VideoCall·COMPACT Ver.,34,0
2026-08-09T10:28:35+08:00,VideoCall·COMPACT Ver.,34,0
2026-08-09T10:28:59+08:00,VideoCall·COMPACT Ver.,34,0
2026-08-09T10:29:10+08:00,VideoCall·COMPACT Ver.,34,0
2026-08-09T10:29:21+08:00,VideoCall·COMPACT Ver.,34,0
2026-08-09T10:29:31+08:00,VideoCall·COMPACT Ver.,34,0
2026-08-09T10:29:42+08:00,VideoCall·COMPACT Ver.,34,0
2026-08-09T10:29:52+08:00,VideoCall·COMPACT Ver.,34,0
2026-08-09T10:30:16+08:00,VideoCall·COMPACT Ver.,34,0
2026-08-09T10:30:26+08:00,VideoCall·COMPACT Ver.,34,0
2026-08-09T10:30:37+08:00,VideoCall·COMPACT Ver.,34,0
2026-08-09T10:30:47+08:00,VideoCall·COMPACT Ver.,34,0
2026-08-09T10:30:58+08:00,VideoCall·COMPACT Ver.,34,0
2026-08-09T10:31:08+08:00,VideoCall·COMPACT Ver.,34,0
2026-08-09T10:31:32+08:00,VideoCall·COMPACT Ver.,34,0
2026-08-09T10:31:43+08:00,VideoCall·COMPACT Ver.,34,0
2026-08-09T10:31:54+08:00,VideoCall·COMPACT Ver.,34,0
2026-08-09T10:32:04+08:00,VideoCall·COMPACT Ver.,34,0
2026-08-09T10:32:15+08:00,VideoCall·COMPACT Ver.,34,0
2026-08-09T10:32:25+08:00,VideoCall·COMPACT Ver.,34,0
2026-08-09T10:32:50+08:00,VideoCall·COMPACT Ver.,34,0
2026-08-09T10:33:00+08:00,VideoCall·COMPACT Ver.,34,0
2026-08-09T10:33:11+08:00,VideoCall·COMPACT Ver.,34,0
2026-08-09T10:33:21+08:00,VideoCall·COMPACT Ver.,34,0
2026-08-09T10:33:32+08:00,VideoCall·COMPACT Ver.,34,0
2026-08-09T10:33:43+08:00,VideoCall·COMPACT Ver.,34,0
2026-08-09T10:34:07+08:00,VideoCall·COMPACT Ver.,34,0
2026-08-09T10:34:17+08:00,VideoCall·COMPACT Ver.,34,0
2026-08-09T10:34:28+08:00,VideoCall·COMPACT Ver.,34,0
2026-08-09T10:34:38+08:00,VideoCall·COMPACT Ver.,34,0
2026-08-09T10:34:49+08:00,VideoCall·COMPACT Ver.,34,0
2026-08-09T10:34:59+08:00,VideoCall·COMPACT Ver.,34,0
2026-08-09T10:35:22+08:00,VideoCall·COMPACT Ver.,34,0
2026-08-09T10:35:33+08:00,VideoCall·COMPACT Ver.,34,0
2026-08-09T10:35:43+08:00,VideoCall·COMPACT Ver.,34,0
2026-08-09T10:35:54+08:00,VideoCall·COMPACT Ver.,34,0
2026-08-09T10:36:04+08:00,VideoCall·COMPACT Ver.,34,0
2026-08-09T10:36:15+08:00,VideoCall·COMPACT Ver.,34,0
2026-08-09T10:36:39+08:00,VideoCall·COMPACT Ver.,34,0
2026-08-09T10:36:50+08:00,VideoCall·COMPACT Ver.,34,0
2026-08-09T10:37:00+08:00,VideoCall·COMPACT Ver.,34,0
2026-08-09T10:37:11+08:00,VideoCall·COMPACT Ver.,34,0
2026-08-09T10:37:21+08:00,VideoCall·COMPACT Ver.,34,0
2026-08-09T10:37:31+08:00,VideoCall·COMPACT Ver.,34,0
2026-08-09T10:37:55+08:00,VideoCall·COMPACT Ver.,34,0
2026-08-09T10:38:05+08:00,VideoCall·COMPACT Ver.,34,0
2026-08-09T10:38:16+08:00,VideoCall·COMPACT Ver.,34,0
2026-08-09T10:38:27+08:00,VideoCall·COMPACT Ver.,34,0
2026-08-09T10:38:37+08:00,VideoCall·COMPACT Ver.,34,0
2026-08-09T10:38:48+08:00,VideoCall·COMPACT Ver.,34,0
2026-08-09T10:39:12+08:00,VideoCall·COMPACT Ver.,34,0
2026-08-09T10:39:22+08:00,VideoCall·COMPACT Ver.,34,0
2026-08-09T10:39:33+08:00,VideoCall·COMPACT Ver.,34,0
2026-08-09T10:39:43+08:00,VideoCall·COMPACT Ver.,34,0
2026-08-09T10:39:54+08:00,VideoCall·COMPACT Ver.,34,0
2026-08-09T10:40:04+08:00,VideoCall·COMPACT Ver.,34,0
2026-08-09T10:40:28+08:00,VideoCall·COMPACT Ver.,34,0
2026-08-09T10:40:39+08:00,VideoCall·COMPACT Ver.,34,0
2026-08-09T10:40:49+08:00,VideoCall·COMPACT Ver.,34,0
2026-08-09T10:41:00+08:00,VideoCall·COMPACT Ver.,34,0
2026-08-09T10:41:10+08:00,VideoCall·COMPACT Ver.,34,0
2026-08-09T10:41:20+08:00,VideoCall·COMPACT Ver.,34,0
2026-08-09T10:41:44+08:00,VideoCall·COMPACT Ver.,34,0
2026-08-09T10:41:55+08:00,VideoCall·COMPACT Ver.,34,0
2026-08-09T10:42:05+08:00,VideoCall·COMPACT Ver.,34,0
2026-08-09T10:42:16+08:00,VideoCall·COMPACT Ver.,34,0
2026-08-09T10:42:26+08:00,VideoCall·COMPACT Ver.,34,0
2026-08-09T10:42:37+08:00,VideoCall·COMPACT Ver.,34,0
2026-08-09T10:43:01+08:00,VideoCall·COMPACT Ver.,34,0
2026-08-09T10:43:11+08:00,VideoCall·COMPACT Ver.,34,0
2026-08-09T10:43:22+08:00,VideoCall·COMPACT Ver.,34,0
2026-08-09T10:43:33+08:00,VideoCall·COMPACT Ver.,34,0
2026-08-09T10:43:43+08:00,VideoCall·COMPACT Ver.,34,0
2026-08-09T10:43:54+08:00,VideoCall·COMPACT Ver.,34,0
2026-08-09T10:44:17+08:00,VideoCall·COMPACT Ver.,34,0
2026-08-09T10:44:27+08:00,VideoCall·COMPACT Ver.,34,0
2026-08-09T10:44:38+08:00,VideoCall·COMPACT Ver.,34,0
2026-08-09T10:44:49+08:00,VideoCall·COMPACT Ver.,34,0
2026-08-09T10:44:59+08:00,VideoCall·COMPACT Ver.,34,0
2026-08-09T10:45:10+08:00,VideoCall·COMPACT Ver.,34,0
2026-08-09T10:45:33+08:00,VideoCall·COMPACT Ver.,34,0
2026-08-09T10:45:44+08:00,VideoCall·COMPACT Ver.,34,0
2026-08-09T10:45:54+08:00,VideoCall·COMPACT Ver.,34,0
2026-08-09T10:46:05+08:00,VideoCall·COMPACT Ver.,34,0
2026-08-09T10:46:16+08:00,VideoCall·COMPACT Ver.,34,0
2026-08-09T10:46:26+08:00,VideoCall·COMPACT Ver.,34,0
2026-08-09T10:46:50+08:00,VideoCall·COMPACT Ver.,34,0
2026-08-09T10:47:00+08:00,VideoCall·COMPACT Ver.,34,0
2026-08-09T10:47:11+08:00,VideoCall·COMPACT Ver.,34,0
2026-08-09T10:47:22+08:00,VideoCall·COMPACT Ver.,34,0
2026-08-09T10:47:32+08:00,VideoCall·COMPACT Ver.,34,0
2026-08-09T10:47:43+08:00,VideoCall·COMPACT Ver.,34,0
2026-08-09T10:48:07+08:00,VideoCall·COMPACT Ver.,34,0
2026-08-09T10:48:17+08:00,VideoCall·COMPACT Ver.,34,0
2026-08-09T10:48:28+08:00,VideoCall·COMPACT Ver.,34,0
2026-08-09T10:48:38+08:00,VideoCall·COMPACT Ver.,34,0
2026-08-09T10:48:48+08:00,VideoCall·COMPACT Ver.,34,0
2026-08-09T10:48:59+08:00,VideoCall·COMPACT Ver.,34,0
2026-08-09T10:49:23+08:00,VideoCall·COMPACT Ver.,34,0
2026-08-09T10:49:33+08:00,VideoCall·COMPACT Ver.,34,0
2026-08-09T10:49:44+08:00,VideoCall·COMPACT Ver.,34,0
2026-08-09T10:49:54+08:00,VideoCall·COMPACT Ver.,34,0
2026-08-09T10:50:05+08:00,VideoCall·COMPACT Ver.,34,0
2026-08-09T10:50:16+08:00,VideoCall·COMPACT Ver.,34,0
2026-08-09T10:50:54+08:00,VideoCall·COMPACT Ver.,34,0
2026-08-09T10:51:05+08:00,VideoCall·COMPACT Ver.,34,0
2026-08-09T10:51:15+08:00,VideoCall·COMPACT Ver.,34,0
2026-08-09T10:51:25+08:00,VideoCall·COMPACT Ver.,34,0
2026-08-09T10:51:36+08:00,VideoCall·COMPACT Ver.,34,0
2026-08-09T10:51:46+08:00,VideoCall·COMPACT Ver.,34,0
2026-08-09T10:51:57+08:00,VideoCall·COMPACT Ver.,34,0
2026-08-09T10:52:20+08:00,VideoCall·COMPACT Ver.,34,0
2026-08-09T10:52:31+08:00,VideoCall·COMPACT Ver.,34,0
2026-08-09T10:52:41+08:00,VideoCall·COMPACT Ver.,34,0
2026-08-09T10:52:52+08:00,VideoCall·COMPACT Ver.,34,0
2026-08-09T10:53:02+08:00,VideoCall·COMPACT Ver.,34,0
2026-08-09T10:53:12+08:00,VideoCall·COMPACT Ver.,34,0
2026-08-09T10:53:36+08:00,VideoCall·COMPACT Ver.,34,0
2026-08-09T10:53:47+08:00,VideoCall·COMPACT Ver.,34,0
2026-08-09T10:53:58+08:00,VideoCall·COMPACT Ver.,34,0
2026-08-09T10:54:08+08:00,VideoCall·COMPACT Ver.,34,0
2026-08-09T10:54:19+08:00,VideoCall·COMPACT Ver.,34,0
2026-08-09T10:54:30+08:00,VideoCall·COMPACT Ver.,34,0
2026-08-09T10:54:53+08:00,VideoCall·COMPACT Ver.,34,0
2026-08-09T10:55:03+08:00,VideoCall·COMPACT Ver.,34,0
2026-08-09T10:55:14+08:00,VideoCall·COMPACT Ver.,34,0
2026-08-09T10:55:24+08:00,VideoCall·COMPACT Ver.,34,0
2026-08-09T10:55:35+08:00,VideoCall·COMPACT Ver.,34,0
2026-08-09T10:55:45+08:00,VideoCall·COMPACT Ver.,34,0
2026-08-09T10:56:08+08:00,VideoCall·COMPACT Ver.,34,0
2026-08-09T10:56:18+08:00,VideoCall·COMPACT Ver.,34,0
2026-08-09T10:56:29+08:00,VideoCall·COMPACT Ver.,34,0
2026-08-09T10:56:40+08:00,VideoCall·COMPACT Ver.,34,0
2026-08-09T10:56:50+08:00,VideoCall·COMPACT Ver.,34,0
2026-08-09T10:57:01+08:00,VideoCall·COMPACT Ver.,34,0
2026-08-09T10:57:25+08:00,VideoCall·COMPACT Ver.,34,0
2026-08-09T10:57:36+08:00,VideoCall·COMPACT Ver.,34,0
2026-08-09T10:57:46+08:00,VideoCall·COMPACT Ver.,34,0
2026-08-09T10:57:57+08:00,VideoCall·COMPACT Ver.,34,0
2026-08-09T10:58:08+08:00,VideoCall·COMPACT Ver.,34,0
2026-08-09T10:58:18+08:00,VideoCall·COMPACT Ver.,34,0
2026-08-09T10:58:42+08:00,VideoCall·COMPACT Ver.,34,0
2026-08-09T10:58:53+08:00,VideoCall·COMPACT Ver.,34,0
2026-08-09T10:59:04+08:00,VideoCall·COMPACT Ver.,34,0
2026-08-09T10:59:14+08:00,VideoCall·COMPACT Ver.,34,0
2026-08-09T10:59:25+08:00,VideoCall·COMPACT Ver.,34,0
2026-08-09T10:59:38+08:00,VideoCall·COMPACT Ver.,34,0
2026-08-09T11:00:00+08:00,VideoCall·COMPACT Ver.,34,0
2026-08-09T11:00:11+08:00,VideoCall·COMPACT Ver.,34,0
2026-08-09T11:00:22+08:00,VideoCall·COMPACT Ver.,34,0
2026-08-09T11:00:33+08:00,VideoCall·COMPACT Ver.,34,0
2026-08-09T11:00:43+08:00,VideoCall·COMPACT Ver.,34,0
2026-08-09T11:00:54+08:00,VideoCall·COMPACT Ver.,34,0
2026-08-09T11:01:18+08:00,VideoCall·COMPACT Ver.,34,0
2026-08-09T11:01:29+08:00,VideoCall·COMPACT Ver.,34,0
2026-08-09T11:01:39+08:00,VideoCall·COMPACT Ver.,34,0
2026-08-09T11:01:50+08:00,VideoCall·COMPACT Ver.,34,0
2026-08-09T11:02:01+08:00,VideoCall·COMPACT Ver.,34,0
2026-08-09T11:02:11+08:00,VideoCall·COMPACT Ver.,34,0
2026-08-09T11:02:35+08:00,VideoCall·COMPACT Ver.,34,0
2026-08-09T11:02:45+08:00,VideoCall·COMPACT Ver.,34,0
2026-08-09T11:02:56+08:00,VideoCall·COMPACT Ver.,34,0
2026-08-09T11:03:06+08:00,VideoCall·COMPACT Ver.,34,0
2026-08-09T11:03:17+08:00,VideoCall·COMPACT Ver.,34,0
2026-08-09T11:03:28+08:00,VideoCall·COMPACT Ver.,34,0
2026-08-09T11:03:51+08:00,VideoCall·COMPACT Ver.,34,0
2026-08-09T11:04:02+08:00,VideoCall·COMPACT Ver.,34,0
2026-08-09T11:04:13+08:00,VideoCall·COMPACT Ver.,34,0
2026-08-09T11:04:24+08:00,VideoCall·COMPACT Ver.,34,0
2026-08-09T11:04:34+08:00,VideoCall·COMPACT Ver.,34,0
2026-08-09T11:04:45+08:00,VideoCall·COMPACT Ver.,34,0
2026-08-09T11:05:08+08:00,VideoCall·COMPACT Ver.,34,0
2026-08-09T11:05:18+08:00,VideoCall·COMPACT Ver.,34,0
2026-08-09T11:05:29+08:00,VideoCall·COMPACT Ver.,34,0
2026-08-09T11:05:39+08:00,VideoCall·COMPACT Ver.,34,0
2026-08-09T11:05:50+08:00,VideoCall·COMPACT Ver.,34,0
2026-08-09T11:06:00+08:00,VideoCall·COMPACT Ver.,34,0
2026-08-09T11:06:24+08:00,VideoCall·COMPACT Ver.,34,0
2026-08-09T11:06:35+08:00,VideoCall·COMPACT Ver.,34,0
2026-08-09T11:06:45+08:00,VideoCall·COMPACT Ver.,34,0
2026-08-09T11:06:56+08:00,VideoCall·COMPACT Ver.,34,0
2026-08-09T11:07:06+08:00,VideoCall·COMPACT Ver.,34,0
2026-08-09T11:07:17+08:00,VideoCall·COMPACT Ver.,34,0
2026-08-09T11:07:41+08:00,VideoCall·COMPACT Ver.,34,0
2026-08-09T11:07:51+08:00,VideoCall·COMPACT Ver.,34,0
2026-08-09T11:08:02+08:00,VideoCall·COMPACT Ver.,34,0
2026-08-09T11:08:13+08:00,VideoCall·COMPACT Ver.,34,0
2026-08-09T11:08:24+08:00,VideoCall·COMPACT Ver.,34,0
2026-08-09T11:08:34+08:00,VideoCall·COMPACT Ver.,34,0
2026-08-09T11:08:58+08:00,VideoCall·COMPACT Ver.,34,0
2026-08-09T11:09:09+08:00,VideoCall·COMPACT Ver.,34,0
2026-08-09T11:09:20+08:00,VideoCall·COMPACT Ver.,34,0
2026-08-09T11:09:30+08:00,VideoCall·COMPACT Ver.,34,0
2026-08-09T11:09:41+08:00,VideoCall·COMPACT Ver.,34,0
2026-08-09T11:09:51+08:00,VideoCall·COMPACT Ver.,34,0
2026-08-09T11:10:15+08:00,VideoCall·COMPACT Ver.,34,0
2026-08-09T11:10:25+08:00,VideoCall·COMPACT Ver.,34,0
2026-08-09T11:10:36+08:00,VideoCall·COMPACT Ver.,34,0
2026-08-09T11:10:47+08:00,VideoCall·COMPACT Ver.,34,0
2026-08-09T11:10:58+08:00,VideoCall·COMPACT Ver.,34,0
2026-08-09T11:11:08+08:00,VideoCall·COMPACT Ver.,34,0
2026-08-09T11:11:32+08:00,VideoCall·COMPACT Ver.,34,0
2026-08-09T11:11:43+08:00,VideoCall·COMPACT Ver.,34,0
2026-08-09T11:11:54+08:00,VideoCall·COMPACT Ver.,34,0
2026-08-09T11:12:04+08:00,VideoCall·COMPACT Ver.,34,0
2026-08-09T11:12:15+08:00,VideoCall·COMPACT Ver.,34,0
2026-08-09T11:12:26+08:00,VideoCall·COMPACT Ver.,34,0
2026-08-09T11:12:50+08:00,VideoCall·COMPACT Ver.,34,0
2026-08-09T11:13:01+08:00,VideoCall·COMPACT Ver.,34,0
2026-08-09T11:13:11+08:00,VideoCall·COMPACT Ver.,34,0
2026-08-09T11:13:22+08:00,VideoCall·COMPACT Ver.,34,0
2026-08-09T11:13:33+08:00,VideoCall·COMPACT Ver.,34,0
2026-08-09T11:13:44+08:00,VideoCall·COMPACT Ver.,34,0
2026-08-09T11:14:06+08:00,VideoCall·COMPACT Ver.,34,0
2026-08-09T11:14:17+08:00,VideoCall·COMPACT Ver.,34,0
2026-08-09T11:14:27+08:00,VideoCall·COMPACT Ver.,34,0
2026-08-09T11:14:38+08:00,VideoCall·COMPACT Ver.,34,0
2026-08-09T11:14:49+08:00,VideoCall·COMPACT Ver.,34,0
2026-08-09T11:14:59+08:00,VideoCall·COMPACT Ver.,34,0
2026-08-09T11:15:23+08:00,VideoCall·COMPACT Ver.,34,0
2026-08-09T11:15:34+08:00,VideoCall·COMPACT Ver.,34,0
2026-08-09T11:15:44+08:00,VideoCall·COMPACT Ver.,34,0
2026-08-09T11:15:55+08:00,VideoCall·COMPACT Ver.,34,0
2026-08-09T11:16:06+08:00,VideoCall·COMPACT Ver.,34,0
2026-08-09T11:16:16+08:00,VideoCall·COMPACT Ver.,34,0
2026-08-09T11:16:39+08:00,VideoCall·COMPACT Ver.,34,0
2026-08-09T11:16:49+08:00,VideoCall·COMPACT Ver.,34,0
2026-08-09T11:17:00+08:00,VideoCall·COMPACT Ver.,34,0
2026-08-09T11:17:11+08:00,VideoCall·COMPACT Ver.,34,0
2026-08-09T11:17:21+08:00,VideoCall·COMPACT Ver.,34,0
2026-08-09T11:17:32+08:00,VideoCall·COMPACT Ver.,34,0
2026-08-09T11:17:55+08:00,VideoCall·COMPACT Ver.,34,0
2026-08-09T11:18:06+08:00,VideoCall·COMPACT Ver.,34,0
2026-08-09T11:18:17+08:00,VideoCall·COMPACT Ver.,34,0
2026-08-09T11:18:27+08:00,VideoCall·COMPACT Ver.,34,0
2026-08-09T11:18:38+08:00,VideoCall·COMPACT Ver.,34,0
2026-08-09T11:18:48+08:00,VideoCall·COMPACT Ver.,34,0
2026-08-09T11:19:12+08:00,VideoCall·COMPACT Ver.,34,0
2026-08-09T11:19:22+08:00,VideoCall·COMPACT Ver.,34,0
2026-08-09T11:19:33+08:00,VideoCall·COMPACT Ver.,34,0
2026-08-09T11:19:44+08:00,VideoCall·COMPACT Ver.,34,0
2026-08-09T11:19:54+08:00,VideoCall·COMPACT Ver.,34,0
2026-08-09T11:20:05+08:00,VideoCall·COMPACT Ver.,34,0
2026-08-09T11:20:29+08:00,VideoCall·COMPACT Ver.,34,0
2026-08-09T11:20:40+08:00,VideoCall·COMPACT Ver.,34,0
2026-08-09T11:20:51+08:00,VideoCall·COMPACT Ver.,34,0
2026-08-09T11:21:02+08:00,VideoCall·COMPACT Ver.,34,0
2026-08-09T11:21:12+08:00,VideoCall·COMPACT Ver.,34,0
2026-08-09T11:21:23+08:00,VideoCall·COMPACT Ver.,34,0
2026-08-09T11:21:45+08:00,VideoCall·COMPACT Ver.,34,0
2026-08-09T11:21:56+08:00,VideoCall·COMPACT Ver.,34,0
2026-08-09T11:22:07+08:00,VideoCall·COMPACT Ver.,34,0
2026-08-09T11:22:18+08:00,VideoCall·COMPACT Ver.,34,0
2026-08-09T11:22:28+08:00,VideoCall·COMPACT Ver.,34,0
2026-08-09T11:22:39+08:00,VideoCall·COMPACT Ver.,34,0
2026-08-09T11:23:03+08:00,VideoCall·COMPACT Ver.,34,0
2026-08-09T11:23:14+08:00,VideoCall·COMPACT Ver.,34,0
2026-08-09T11:23:24+08:00,VideoCall·COMPACT Ver.,34,0
2026-08-09T11:23:35+08:00,VideoCall·COMPACT Ver.,34,0
2026-08-09T11:23:45+08:00,VideoCall·COMPACT Ver.,34,0
2026-08-09T11:23:55+08:00,VideoCall·COMPACT Ver.,34,0
2026-08-09T11:24:19+08:00,VideoCall·COMPACT Ver.,34,0
2026-08-09T11:24:29+08:00,VideoCall·COMPACT Ver.,34,0
2026-08-09T11:24:40+08:00,VideoCall·COMPACT Ver.,34,0
2026-08-09T11:24:51+08:00,VideoCall·COMPACT Ver.,34,0
2026-08-09T11:25:02+08:00,VideoCall·COMPACT Ver.,34,0
2026-08-09T11:25:13+08:00,VideoCall·COMPACT Ver.,34,0
2026-08-09T11:25:37+08:00,VideoCall·COMPACT Ver.,34,0
2026-08-09T11:25:47+08:00,VideoCall·COMPACT Ver.,34,0
2026-08-09T11:25:58+08:00,VideoCall·COMPACT Ver.,34,0
2026-08-09T11:26:09+08:00,VideoCall·COMPACT Ver.,34,0
2026-08-09T11:26:19+08:00,VideoCall·COMPACT Ver.,34,0
2026-08-09T11:26:29+08:00,VideoCall·COMPACT Ver.,34,0
2026-08-09T11:26:53+08:00,VideoCall·COMPACT Ver.,34,0
2026-08-09T11:27:04+08:00,VideoCall·COMPACT Ver.,34,0
2026-08-09T11:27:15+08:00,VideoCall·COMPACT Ver.,34,0
2026-08-09T11:27:25+08:00,VideoCall·COMPACT Ver.,34,0
2026-08-09T11:27:36+08:00,VideoCall·COMPACT Ver.,34,0
2026-08-09T11:27:46+08:00,VideoCall·COMPACT Ver.,34,0
2026-08-09T11:28:10+08:00,VideoCall·COMPACT Ver.,34,0
2026-08-09T11:28:21+08:00,VideoCall·COMPACT Ver.,34,0
2026-08-09T11:28:31+08:00,VideoCall·COMPACT Ver.,34,0
2026-08-09T11:28:41+08:00,VideoCall·COMPACT Ver.,34,0
2026-08-09T11:28:52+08:00,VideoCall·COMPACT Ver.,34,0
2026-08-09T11:29:03+08:00,VideoCall·COMPACT Ver.,34,0
2026-08-09T11:29:28+08:00,VideoCall·COMPACT Ver.,34,0
2026-08-09T11:29:39+08:00,VideoCall·COMPACT Ver.,34,0
2026-08-09T11:29:50+08:00,VideoCall·COMPACT Ver.,34,0
2026-08-09T11:30:00+08:00,VideoCall·COMPACT Ver.,34,0
2026-08-09T11:30:11+08:00,VideoCall·COMPACT Ver.,34,0
2026-08-09T11:30:21+08:00,VideoCall·COMPACT Ver.,34,0
2026-08-09T11:30:45+08:00,VideoCall·COMPACT Ver.,34,0
2026-08-09T11:30:55+08:00,VideoCall·COMPACT Ver.,34,0
2026-08-09T11:31:06+08:00,VideoCall·COMPACT Ver.,34,0
2026-08-09T11:31:16+08:00,VideoCall·COMPACT Ver.,34,0
2026-08-09T11:31:26+08:00,VideoCall·COMPACT Ver.,34,0
2026-08-09T11:31:37+08:00,VideoCall·COMPACT Ver.,34,0
2026-08-09T11:32:01+08:00,VideoCall·COMPACT Ver.,34,0
2026-08-09T11:32:12+08:00,VideoCall·COMPACT Ver.,34,0
2026-08-09T11:32:23+08:00,VideoCall·COMPACT Ver.,34,0
2026-08-09T11:32:33+08:00,VideoCall·COMPACT Ver.,34,0
2026-08-09T11:32:44+08:00,VideoCall·COMPACT Ver.,34,0
2026-08-09T11:32:55+08:00,VideoCall·COMPACT Ver.,34,0
2026-08-09T11:33:18+08:00,VideoCall·COMPACT Ver.,34,0
2026-08-09T11:33:29+08:00,VideoCall·COMPACT Ver.,34,0
2026-08-09T11:33:39+08:00,VideoCall·COMPACT Ver.,34,0
2026-08-09T11:33:49+08:00,VideoCall·COMPACT Ver.,34,0
2026-08-09T11:34:00+08:00,VideoCall·COMPACT Ver.,34,0
2026-08-09T11:34:10+08:00,VideoCall·COMPACT Ver.,34,0
2026-08-09T11:34:34+08:00,VideoCall·COMPACT Ver.,34,0
2026-08-09T11:34:44+08:00,VideoCall·COMPACT Ver.,34,0
2026-08-09T11:34:54+08:00,VideoCall·COMPACT Ver.,34,0
2026-08-09T11:35:05+08:00,VideoCall·COMPACT Ver.,34,0
2026-08-09T11:35:15+08:00,VideoCall·COMPACT Ver.,34,0
2026-08-09T11:35:26+08:00,VideoCall·COMPACT Ver.,34,0
2026-08-09T11:35:49+08:00,VideoCall·COMPACT Ver.,34,0
2026-08-09T11:36:00+08:00,VideoCall·COMPACT Ver.,34,0
2026-08-09T11:36:11+08:00,VideoCall·COMPACT Ver.,34,0
2026-08-09T11:36:21+08:00,VideoCall·COMPACT Ver.,34,0
2026-08-09T11:36:32+08:00,VideoCall·COMPACT Ver.,34,0
2026-08-09T11:36:42+08:00,VideoCall·COMPACT Ver.,34,0
2026-08-09T11:37:05+08:00,VideoCall·COMPACT Ver.,34,0
2026-08-09T11:37:16+08:00,VideoCall·COMPACT Ver.,34,0
2026-08-09T11:37:26+08:00,VideoCall·COMPACT Ver.,34,0
2026-08-09T11:37:37+08:00,VideoCall·COMPACT Ver.,34,0
2026-08-09T11:37:47+08:00,VideoCall·COMPACT Ver.,34,0
2026-08-09T11:37:58+08:00,VideoCall·COMPACT Ver.,34,0
2026-08-09T11:38:21+08:00,VideoCall·COMPACT Ver.,34,0
2026-08-09T11:38:32+08:00,VideoCall·COMPACT Ver.,34,0
2026-08-09T11:38:43+08:00,VideoCall·COMPACT Ver.,34,0
2026-08-09T11:38:54+08:00,VideoCall·COMPACT Ver.,34,0
2026-08-09T11:39:04+08:00,VideoCall·COMPACT Ver.,34,0
2026-08-09T11:39:15+08:00,VideoCall·COMPACT Ver.,34,0
2026-08-09T11:39:40+08:00,VideoCall·COMPACT Ver.,34,0
2026-08-09T11:39:50+08:00,VideoCall·COMPACT Ver.,34,0
2026-08-09T11:40:01+08:00,VideoCall·COMPACT Ver.,34,0
2026-08-09T11:40:12+08:00,VideoCall·COMPACT Ver.,34,0
2026-08-09T11:40:23+08:00,VideoCall·COMPACT Ver.,34,0
2026-08-09T11:40:33+08:00,VideoCall·COMPACT Ver.,34,0
2026-08-09T11:41:14+08:00,VideoCall·COMPACT Ver.,34,0
2026-08-09T11:41:25+08:00,VideoCall·COMPACT Ver.,34,0
2026-08-09T11:41:35+08:00,VideoCall·COMPACT Ver.,34,0
2026-08-09T11:41:46+08:00,VideoCall·COMPACT Ver.,34,0
2026-08-09T11:41:56+08:00,VideoCall·COMPACT Ver.,34,0
2026-08-09T11:42:07+08:00,VideoCall·COMPACT Ver.,34,0
2026-08-09T11:42:17+08:00,VideoCall·COMPACT Ver.,34,0
2026-08-09T11:42:41+08:00,VideoCall·COMPACT Ver.,34,0
2026-08-09T11:42:51+08:00,VideoCall·COMPACT Ver.,34,0
2026-08-09T11:43:01+08:00,VideoCall·COMPACT Ver.,34,0
2026-08-09T11:43:12+08:00,VideoCall·COMPACT Ver.,34,0
2026-08-09T11:43:23+08:00,VideoCall·COMPACT Ver.,34,0
2026-08-09T11:43:34+08:00,VideoCall·COMPACT Ver.,34,0
2026-08-09T11:43:58+08:00,VideoCall·COMPACT Ver.,34,0
2026-08-09T11:44:09+08:00,VideoCall·COMPACT Ver.,34,0
2026-08-09T11:44:19+08:00,VideoCall·COMPACT Ver.,34,0
2026-08-09T11:44:30+08:00,VideoCall·COMPACT Ver.,34,0
2026-08-09T11:44:41+08:00,VideoCall·COMPACT Ver.,34,0
2026-08-09T11:44:51+08:00,VideoCall·COMPACT Ver.,34,0
2026-08-09T11:45:16+08:00,VideoCall·COMPACT Ver.,34,0
2026-08-09T11:45:26+08:00,VideoCall·COMPACT Ver.,34,0
2026-08-09T11:45:37+08:00,VideoCall·COMPACT Ver.,34,0
2026-08-09T11:45:47+08:00,VideoCall·COMPACT Ver.,34,0
2026-08-09T11:45:58+08:00,VideoCall·COMPACT Ver.,34,0
2026-08-09T11:46:08+08:00,VideoCall·COMPACT Ver.,34,0
2026-08-09T11:46:33+08:00,VideoCall·COMPACT Ver.,34,0
2026-08-09T11:46:44+08:00,VideoCall·COMPACT Ver.,34,0
2026-08-09T11:46:54+08:00,VideoCall·COMPACT Ver.,34,0
2026-08-09T11:47:04+08:00,VideoCall·COMPACT Ver.,34,0
2026-08-09T11:47:15+08:00,VideoCall·COMPACT Ver.,34,0
2026-08-09T11:47:26+08:00,VideoCall·COMPACT Ver.,34,0
2026-08-09T11:47:50+08:00,VideoCall·COMPACT Ver.,34,0
2026-08-09T11:48:00+08:00,VideoCall·COMPACT Ver.,34,0
2026-08-09T11:48:11+08:00,VideoCall·COMPACT Ver.,34,0
2026-08-09T11:48:22+08:00,VideoCall·COMPACT Ver.,34,0
2026-08-09T11:48:33+08:00,VideoCall·COMPACT Ver.,34,0
2026-08-09T11:48:44+08:00,VideoCall·COMPACT Ver.,34,0
2026-08-09T11:49:08+08:00,VideoCall·COMPACT Ver.,34,0
2026-08-09T11:49:19+08:00,VideoCall·COMPACT Ver.,34,0
2026-08-09T11:49:29+08:00,VideoCall·COMPACT Ver.,34,0
2026-08-09T11:49:40+08:00,VideoCall·COMPACT Ver.,34,0
2026-08-09T11:49:51+08:00,VideoCall·COMPACT Ver.,34,0
2026-08-09T11:50:02+08:00,VideoCall·COMPACT Ver.,34,0
2026-08-09T11:50:26+08:00,VideoCall·COMPACT Ver.,34,0
2026-08-09T11:50:37+08:00,VideoCall·COMPACT Ver.,34,0
2026-08-09T11:50:47+08:00,VideoCall·COMPACT Ver.,34,0
2026-08-09T11:50:58+08:00,VideoCall·COMPACT Ver.,34,0
2026-08-09T11:51:09+08:00,VideoCall·COMPACT Ver.,34,0
2026-08-09T11:51:20+08:00,VideoCall·COMPACT Ver.,34,0
2026-08-09T11:51:43+08:00,VideoCall·COMPACT Ver.,34,0
2026-08-09T11:51:54+08:00,VideoCall·COMPACT Ver.,34,0
2026-08-09T11:52:04+08:00,VideoCall·COMPACT Ver.,34,0
2026-08-09T11:52:15+08:00,VideoCall·COMPACT Ver.,34,0
2026-08-09T11:52:26+08:00,VideoCall·COMPACT Ver.,34,0
2026-08-09T11:52:37+08:00,VideoCall·COMPACT Ver.,34,0
2026-08-09T11:53:21+08:00,VideoCall·COMPACT Ver.,34,0
2026-08-09T11:53:32+08:00,VideoCall·COMPACT Ver.,34,0
2026-08-09T11:53:42+08:00,VideoCall·COMPACT Ver.,34,0
2026-08-09T11:53:52+08:00,VideoCall·COMPACT Ver.,34,0
2026-08-09T11:54:03+08:00,VideoCall·COMPACT Ver.,34,0
2026-08-09T11:54:13+08:00,VideoCall·COMPACT Ver.,34,0
2026-08-09T11:54:23+08:00,VideoCall·COMPACT Ver.,34,0
2026-08-09T11:54:44+08:00,VideoCall·COMPACT Ver.,34,0
2026-08-09T11:54:54+08:00,VideoCall·COMPACT Ver.,34,0
2026-08-09T11:55:04+08:00,VideoCall·COMPACT Ver.,34,0
2026-08-09T11:55:15+08:00,VideoCall·COMPACT Ver.,34,0
2026-08-09T11:55:25+08:00,VideoCall·COMPACT Ver.,34,0
2026-08-09T11:55:36+08:00,VideoCall·COMPACT Ver.,34,0
2026-08-09T11:55:57+08:00,VideoCall·COMPACT Ver.,34,0
2026-08-09T11:56:07+08:00,VideoCall·COMPACT Ver.,34,0
2026-08-09T11:56:17+08:00,VideoCall·COMPACT Ver.,34,0
2026-08-09T11:56:27+08:00,VideoCall·COMPACT Ver.,34,0
2026-08-09T11:56:38+08:00,VideoCall·COMPACT Ver.,34,0
2026-08-09T11:56:48+08:00,VideoCall·COMPACT Ver.,34,0
2026-08-09T11:57:08+08:00,VideoCall·COMPACT Ver.,34,0
2026-08-09T11:57:19+08:00,VideoCall·COMPACT Ver.,34,0
2026-08-09T11:57:29+08:00,VideoCall·COMPACT Ver.,34,0
2026-08-09T11:57:39+08:00,VideoCall·COMPACT Ver.,34,0
2026-08-09T11:57:50+08:00,VideoCall·COMPACT Ver.,34,0
2026-08-09T11:58:00+08:00,VideoCall·COMPACT Ver.,34,0
2026-08-09T11:58:21+08:00,VideoCall·COMPACT Ver.,34,0
2026-08-09T11:58:32+08:00,VideoCall·COMPACT Ver.,34,0
2026-08-09T11:58:42+08:00,VideoCall·COMPACT Ver.,34,0
2026-08-09T11:58:53+08:00,VideoCall·COMPACT Ver.,34,0
2026-08-09T11:59:03+08:00,VideoCall·COMPACT Ver.,34,0
2026-08-09T11:59:14+08:00,VideoCall·COMPACT Ver.,34,0
2026-08-09T11:59:34+08:00,VideoCall·COMPACT Ver.,34,0
2026-08-09T11:59:44+08:00,VideoCall·COMPACT Ver.,34,0
2026-08-09T11:59:55+08:00,VideoCall·COMPACT Ver.,34,0
2026-08-09T12:00:05+08:00,VideoCall·COMPACT Ver.,34,0
2026-08-09T12:00:15+08:00,VideoCall·COMPACT Ver.,34,0
2026-08-09T12:00:25+08:00,VideoCall·COMPACT Ver.,34,0
2026-08-09T12:00:46+08:00,VideoCall·COMPACT Ver.,34,0
2026-08-09T12:00:57+08:00,VideoCall·COMPACT Ver.,34,0
2026-08-09T12:01:08+08:00,VideoCall·COMPACT Ver.,34,0
2026-08-09T12:01:18+08:00,VideoCall·COMPACT Ver.,34,0
2026-08-09T12:01:29+08:00,VideoCall·COMPACT Ver.,34,0
2026-08-09T12:01:39+08:00,VideoCall·COMPACT Ver.,34,0
2026-08-09T12:02:00+08:00,VideoCall·COMPACT Ver.,34,0
2026-08-09T12:02:10+08:00,VideoCall·COMPACT Ver.,34,0
2026-08-09T12:02:20+08:00,VideoCall·COMPACT Ver.,34,0
2026-08-09T12:02:31+08:00,VideoCall·COMPACT Ver.,34,0
2026-08-09T12:02:41+08:00,VideoCall·COMPACT Ver.,34,0
2026-08-09T12:02:51+08:00,VideoCall·COMPACT Ver.,34,0
2026-08-09T12:03:12+08:00,VideoCall·COMPACT Ver.,34,0
2026-08-09T12:03:23+08:00,VideoCall·COMPACT Ver.,34,0
2026-08-09T12:03:33+08:00,VideoCall·COMPACT Ver.,34,0
2026-08-09T12:03:43+08:00,VideoCall·COMPACT Ver.,34,0
2026-08-09T12:03:54+08:00,VideoCall·COMPACT Ver.,34,0
2026-08-09T12:04:04+08:00,VideoCall·COMPACT Ver.,34,0
2026-08-09T12:04:24+08:00,VideoCall·COMPACT Ver.,34,0
2026-08-09T12:04:35+08:00,VideoCall·COMPACT Ver.,34,0
2026-08-09T12:04:45+08:00,VideoCall·COMPACT Ver.,34,0
2026-08-09T12:04:55+08:00,VideoCall·COMPACT Ver.,34,0
2026-08-09T12:05:05+08:00,VideoCall·COMPACT Ver.,34,0
2026-08-09T12:05:16+08:00,VideoCall·COMPACT Ver.,34,0
2026-08-09T12:05:36+08:00,VideoCall·COMPACT Ver.,34,0
2026-08-09T12:05:47+08:00,VideoCall·COMPACT Ver.,34,0
2026-08-09T12:05:57+08:00,VideoCall·COMPACT Ver.,34,0
2026-08-09T12:06:08+08:00,VideoCall·COMPACT Ver.,34,0
2026-08-09T12:06:22+08:00,VideoCall·COMPACT Ver.,34,0
2026-08-09T12:06:32+08:00,VideoCall·COMPACT Ver.,34,0
2026-08-09T12:06:53+08:00,VideoCall·COMPACT Ver.,34,0
2026-08-09T12:07:03+08:00,VideoCall·COMPACT Ver.,34,0
2026-08-09T12:07:13+08:00,VideoCall·COMPACT Ver.,34,0
2026-08-09T12:07:23+08:00,VideoCall·COMPACT Ver.,34,0
2026-08-09T12:07:34+08:00,VideoCall·COMPACT Ver.,34,0
2026-08-09T12:07:44+08:00,VideoCall·COMPACT Ver.,34,0
2026-08-09T12:08:05+08:00,VideoCall·COMPACT Ver.,34,0
2026-08-09T12:08:15+08:00,VideoCall·COMPACT Ver.,34,0
2026-08-09T12:08:25+08:00,VideoCall·COMPACT Ver.,34,0
2026-08-09T12:08:36+08:00,VideoCall·COMPACT Ver.,34,0
2026-08-09T12:08:46+08:00,VideoCall·COMPACT Ver.,34,0
2026-08-09T12:08:57+08:00,VideoCall·COMPACT Ver.,34,0
2026-08-09T12:09:17+08:00,VideoCall·COMPACT Ver.,34,0
2026-08-09T12:09:27+08:00,VideoCall·COMPACT Ver.,34,0
2026-08-09T12:09:38+08:00,VideoCall·COMPACT Ver.,34,0
2026-08-09T12:09:48+08:00,VideoCall·COMPACT Ver.,34,0
2026-08-09T12:09:58+08:00,VideoCall·COMPACT Ver.,34,0
2026-08-09T12:10:08+08:00,VideoCall·COMPACT Ver.,34,0
2026-08-09T12:10:29+08:00,VideoCall·COMPACT Ver.,34,0
2026-08-09T12:10:39+08:00,VideoCall·COMPACT Ver.,34,0
2026-08-09T12:10:50+08:00,VideoCall·COMPACT Ver.,34,0
2026-08-09T12:11:00+08:00,VideoCall·COMPACT Ver.,34,0
2026-08-09T12:11:10+08:00,VideoCall·COMPACT Ver.,34,0
2026-08-09T12:11:20+08:00,VideoCall·COMPACT Ver.,34,0
2026-08-09T12:11:41+08:00,VideoCall·COMPACT Ver.,34,0
2026-08-09T12:11:51+08:00,VideoCall·COMPACT Ver.,34,0
2026-08-09T12:12:02+08:00,VideoCall·COMPACT Ver.,34,0
2026-08-09T12:12:12+08:00,VideoCall·COMPACT Ver.,34,0
2026-08-09T12:12:22+08:00,VideoCall·COMPACT Ver.,34,0
2026-08-09T12:12:33+08:00,VideoCall·COMPACT Ver.,34,0
2026-08-09T12:12:54+08:00,VideoCall·COMPACT Ver.,34,0
2026-08-09T12:13:04+08:00,VideoCall·COMPACT Ver.,34,0
2026-08-09T12:13:15+08:00,VideoCall·COMPACT Ver.,34,0
2026-08-09T12:13:25+08:00,VideoCall·COMPACT Ver.,34,0
2026-08-09T12:13:35+08:00,VideoCall·COMPACT Ver.,34,0
2026-08-09T12:13:46+08:00,VideoCall·COMPACT Ver.,34,0
2026-08-09T12:14:06+08:00,VideoCall·COMPACT Ver.,34,0
2026-08-09T12:14:16+08:00,VideoCall·COMPACT Ver.,34,0
2026-08-09T12:14:27+08:00,VideoCall·COMPACT Ver.,34,0
2026-08-09T12:14:37+08:00,VideoCall·COMPACT Ver.,34,0
2026-08-09T12:14:48+08:00,VideoCall·COMPACT Ver.,34,0
2026-08-09T12:14:58+08:00,VideoCall·COMPACT Ver.,34,0
2026-08-09T12:15:19+08:00,VideoCall·COMPACT Ver.,34,0
2026-08-09T12:15:30+08:00,VideoCall·COMPACT Ver.,34,0
2026-08-09T12:15:40+08:00,VideoCall·COMPACT Ver.,34,0
2026-08-09T12:15:51+08:00,VideoCall·COMPACT Ver.,34,0
2026-08-09T12:16:01+08:00,VideoCall·COMPACT Ver.,34,0
2026-08-09T12:16:12+08:00,VideoCall·COMPACT Ver.,34,0
2026-08-09T12:16:32+08:00,VideoCall·COMPACT Ver.,34,0
2026-08-09T12:16:43+08:00,VideoCall·COMPACT Ver.,34,0
2026-08-09T12:16:53+08:00,VideoCall·COMPACT Ver.,34,0
2026-08-09T12:17:03+08:00,VideoCall·COMPACT Ver.,34,0
2026-08-09T12:17:14+08:00,VideoCall·COMPACT Ver.,34,0
2026-08-09T12:17:24+08:00,VideoCall·COMPACT Ver.,34,0
2026-08-09T12:17:45+08:00,VideoCall·COMPACT Ver.,34,0
2026-08-09T12:17:55+08:00,VideoCall·COMPACT Ver.,34,0
2026-08-09T12:18:05+08:00,VideoCall·COMPACT Ver.,34,0
2026-08-09T12:18:15+08:00,VideoCall·COMPACT Ver.,34,0
2026-08-09T12:18:26+08:00,VideoCall·COMPACT Ver.,34,0
2026-08-09T12:18:36+08:00,VideoCall·COMPACT Ver.,34,0
2026-08-09T12:18:57+08:00,VideoCall·COMPACT Ver.,34,0
2026-08-09T12:19:08+08:00,VideoCall·COMPACT Ver.,34,0
2026-08-09T12:19:18+08:00,VideoCall·COMPACT Ver.,34,0
2026-08-09T12:19:29+08:00,VideoCall·COMPACT Ver.,34,0
2026-08-09T12:19:39+08:00,VideoCall·COMPACT Ver.,34,0
2026-08-09T12:19:50+08:00,VideoCall·COMPACT Ver.,34,0
2026-08-09T12:20:11+08:00,VideoCall·COMPACT Ver.,34,0
2026-08-09T12:20:22+08:00,VideoCall·COMPACT Ver.,34,0
2026-08-09T12:20:32+08:00,VideoCall·COMPACT Ver.,34,0
2026-08-09T12:20:43+08:00,VideoCall·COMPACT Ver.,34,0
2026-08-09T12:20:53+08:00,VideoCall·COMPACT Ver.,34,0
2026-08-09T12:21:03+08:00,VideoCall·COMPACT Ver.,34,0
2026-08-09T12:21:24+08:00,VideoCall·COMPACT Ver.,34,0
2026-08-09T12:21:35+08:00,VideoCall·COMPACT Ver.,34,0
2026-08-09T12:21:45+08:00,VideoCall·COMPACT Ver.,34,0
2026-08-09T12:21:55+08:00,VideoCall·COMPACT Ver.,34,0
2026-08-09T12:22:06+08:00,VideoCall·COMPACT Ver.,34,0
2026-08-09T12:22:16+08:00,VideoCall·COMPACT Ver.,34,0
2026-08-09T12:22:36+08:00,VideoCall·COMPACT Ver.,34,0
2026-08-09T12:22:47+08:00,VideoCall·COMPACT Ver.,34,0
2026-08-09T12:22:57+08:00,VideoCall·COMPACT Ver.,34,0
2026-08-09T12:23:07+08:00,VideoCall·COMPACT Ver.,34,0
2026-08-09T12:23:18+08:00,VideoCall·COMPACT Ver.,34,0
2026-08-09T12:23:28+08:00,VideoCall·COMPACT Ver.,34,0
2026-08-09T12:23:49+08:00,VideoCall·COMPACT Ver.,34,0
2026-08-09T12:23:59+08:00,VideoCall·COMPACT Ver.,34,0
2026-08-09T12:24:10+08:00,VideoCall·COMPACT Ver.,34,0
2026-08-09T12:24:20+08:00,VideoCall·COMPACT Ver.,34,0
2026-08-09T12:24:31+08:00,VideoCall·COMPACT Ver.,34,0
2026-08-09T12:24:41+08:00,VideoCall·COMPACT Ver.,34,0
2026-08-09T12:25:02+08:00,VideoCall·COMPACT Ver.,34,0
2026-08-09T12:25:13+08:00,VideoCall·COMPACT Ver.,34,0
2026-08-09T12:25:23+08:00,VideoCall·COMPACT Ver.,34,0
2026-08-09T12:25:33+08:00,VideoCall·COMPACT Ver.,34,0
2026-08-09T12:25:44+08:00,VideoCall·COMPACT Ver.,34,0
2026-08-09T12:25:54+08:00,VideoCall·COMPACT Ver.,34,0
2026-08-09T12:26:16+08:00,VideoCall·COMPACT Ver.,34,0
2026-08-09T12:26:26+08:00,VideoCall·COMPACT Ver.,34,0
2026-08-09T12:26:37+08:00,VideoCall·COMPACT Ver.,34,0
2026-08-09T12:26:47+08:00,VideoCall·COMPACT Ver.,34,0
2026-08-09T12:26:58+08:00,VideoCall·COMPACT Ver.,34,0
2026-08-09T12:27:08+08:00,VideoCall·COMPACT Ver.,34,0
2026-08-09T12:27:29+08:00,VideoCall·COMPACT Ver.,34,0
2026-08-09T12:27:40+08:00,VideoCall·COMPACT Ver.,34,0
2026-08-09T12:27:50+08:00,VideoCall·COMPACT Ver.,34,0
2026-08-09T12:28:00+08:00,VideoCall·COMPACT Ver.,34,0
2026-08-09T12:28:11+08:00,VideoCall·COMPACT Ver.,34,0
2026-08-09T12:28:21+08:00,VideoCall·COMPACT Ver.,34,0
2026-08-09T12:28:42+08:00,VideoCall·COMPACT Ver.,34,0
2026-08-09T12:28:52+08:00,VideoCall·COMPACT Ver.,34,0
2026-08-09T12:29:03+08:00,VideoCall·COMPACT Ver.,34,0
2026-08-09T12:29:13+08:00,VideoCall·COMPACT Ver.,34,0
2026-08-09T12:29:24+08:00,VideoCall·COMPACT Ver.,34,0
2026-08-09T12:29:34+08:00,VideoCall·COMPACT Ver.,34,0
2026-08-09T12:29:55+08:00,VideoCall·COMPACT Ver.,34,0
2026-08-09T12:30:05+08:00,VideoCall·COMPACT Ver.,34,0
2026-08-09T12:30:16+08:00,VideoCall·COMPACT Ver.,34,0
2026-08-09T12:30:26+08:00,VideoCall·COMPACT Ver.,34,0
2026-08-09T12:30:36+08:00,VideoCall·COMPACT Ver.,34,0
2026-08-09T12:30:46+08:00,VideoCall·COMPACT Ver.,34,0
2026-08-09T12:31:07+08:00,VideoCall·COMPACT Ver.,34,0
2026-08-09T12:31:17+08:00,VideoCall·COMPACT Ver.,34,0
2026-08-09T12:31:28+08:00,VideoCall·COMPACT Ver.,34,0
2026-08-09T12:31:38+08:00,VideoCall·COMPACT Ver.,34,0
2026-08-09T12:31:48+08:00,VideoCall·COMPACT Ver.,34,0
2026-08-09T12:31:59+08:00,VideoCall·COMPACT Ver.,34,0
2026-08-09T12:32:20+08:00,VideoCall·COMPACT Ver.,34,0
2026-08-09T12:32:30+08:00,VideoCall·COMPACT Ver.,34,0
2026-08-09T12:32:40+08:00,VideoCall·COMPACT Ver.,34,0
2026-08-09T12:32:51+08:00,VideoCall·COMPACT Ver.,34,0
2026-08-09T12:33:01+08:00,VideoCall·COMPACT Ver.,34,0
2026-08-09T12:33:11+08:00,VideoCall·COMPACT Ver.,34,0
2026-08-09T12:33:32+08:00,VideoCall·COMPACT Ver.,34,0
2026-08-09T12:33:43+08:00,VideoCall·COMPACT Ver.,34,0
2026-08-09T12:33:53+08:00,VideoCall·COMPACT Ver.,34,0
2026-08-09T12:34:03+08:00,VideoCall·COMPACT Ver.,34,0
2026-08-09T12:34:13+08:00,VideoCall·COMPACT Ver.,34,0
2026-08-09T12:34:23+08:00,VideoCall·COMPACT Ver.,34,0
2026-08-09T12:34:44+08:00,VideoCall·COMPACT Ver.,34,0
2026-08-09T12:34:54+08:00,VideoCall·COMPACT Ver.,34,0
2026-08-09T12:35:05+08:00,VideoCall·COMPACT Ver.,34,0
2026-08-09T12:35:15+08:00,VideoCall·COMPACT Ver.,34,0
2026-08-09T12:35:25+08:00,VideoCall·COMPACT Ver.,34,0
2026-08-09T12:35:35+08:00,VideoCall·COMPACT Ver.,34,0
2026-08-09T12:35:56+08:00,VideoCall·COMPACT Ver.,34,0
2026-08-09T12:36:07+08:00,VideoCall·COMPACT Ver.,34,0
2026-08-09T12:36:17+08:00,VideoCall·COMPACT Ver.,34,0
2026-08-09T12:36:27+08:00,VideoCall·COMPACT Ver.,34,0
2026-08-09T12:36:38+08:00,VideoCall·COMPACT Ver.,34,0
2026-08-09T12:36:48+08:00,VideoCall·COMPACT Ver.,34,0
2026-08-09T12:37:08+08:00,VideoCall·COMPACT Ver.,34,0
2026-08-09T12:37:18+08:00,VideoCall·COMPACT Ver.,34,0
2026-08-09T12:37:28+08:00,VideoCall·COMPACT Ver.,34,0
2026-08-09T12:37:39+08:00,VideoCall·COMPACT Ver.,34,0
2026-08-09T12:37:49+08:00,VideoCall·COMPACT Ver.,34,0
2026-08-09T12:37:59+08:00,VideoCall·COMPACT Ver.,34,0
2026-08-09T12:38:21+08:00,VideoCall·COMPACT Ver.,34,0
2026-08-09T12:38:31+08:00,VideoCall·COMPACT Ver.,34,0
2026-08-09T12:38:41+08:00,VideoCall·COMPACT Ver.,34,0
2026-08-09T12:38:52+08:00,VideoCall·COMPACT Ver.,34,0
2026-08-09T12:39:02+08:00,VideoCall·COMPACT Ver.,34,0
2026-08-09T12:39:13+08:00,VideoCall·COMPACT Ver.,34,0
2026-08-09T12:39:33+08:00,VideoCall·COMPACT Ver.,34,0
2026-08-09T12:39:44+08:00,VideoCall·COMPACT Ver.,34,0
2026-08-09T12:39:54+08:00,VideoCall·COMPACT Ver.,34,0
2026-08-09T12:40:04+08:00,VideoCall·COMPACT Ver.,34,0
2026-08-09T12:40:15+08:00,VideoCall·COMPACT Ver.,34,0
2026-08-09T12:40:25+08:00,VideoCall·COMPACT Ver.,34,0
2026-08-09T12:40:46+08:00,VideoCall·COMPACT Ver.,34,0
2026-08-09T12:40:56+08:00,VideoCall·COMPACT Ver.,34,0
2026-08-09T12:41:07+08:00,VideoCall·COMPACT Ver.,34,0
2026-08-09T12:41:17+08:00,VideoCall·COMPACT Ver.,34,0
2026-08-09T12:41:27+08:00,VideoCall·COMPACT Ver.,34,0
2026-08-09T12:41:37+08:00,VideoCall·COMPACT Ver.,34,0
2026-08-09T12:41:58+08:00,VideoCall·COMPACT Ver.,34,0
2026-08-09T12:42:09+08:00,VideoCall·COMPACT Ver.,34,0
2026-08-09T12:42:19+08:00,VideoCall·COMPACT Ver.,34,0
2026-08-09T12:42:29+08:00,VideoCall·COMPACT Ver.,34,0
2026-08-09T12:42:40+08:00,VideoCall·COMPACT Ver.,34,0
2026-08-09T12:42:50+08:00,VideoCall·COMPACT Ver.,34,0
2026-08-09T12:43:11+08:00,VideoCall·COMPACT Ver.,34,0
2026-08-09T12:43:39+08:00,VideoCall·COMPACT Ver.,34,0
2026-08-09T12:43:51+08:00,VideoCall·COMPACT Ver.,34,0
2026-08-09T12:44:01+08:00,VideoCall·COMPACT Ver.,34,0
2026-08-09T12:44:11+08:00,VideoCall·COMPACT Ver.,34,0
2026-08-09T12:44:21+08:00,VideoCall·COMPACT Ver.,34,0
2026-08-09T12:44:32+08:00,VideoCall·COMPACT Ver.,34,0
2026-08-09T12:44:42+08:00,VideoCall·COMPACT Ver.,34,0
2026-08-09T12:45:04+08:00,VideoCall·COMPACT Ver.,34,0
2026-08-09T12:45:15+08:00,VideoCall·COMPACT Ver.,34,0
2026-08-09T12:45:25+08:00,VideoCall·COMPACT Ver.,34,0
2026-08-09T12:45:35+08:00,VideoCall·COMPACT Ver.,34,0
2026-08-09T12:45:45+08:00,VideoCall·COMPACT Ver.,34,0
2026-08-09T12:45:56+08:00,VideoCall·COMPACT Ver.,34,0
2026-08-09T12:46:17+08:00,VideoCall·COMPACT Ver.,34,0
2026-08-09T12:46:27+08:00,VideoCall·COMPACT Ver.,34,0
2026-08-09T12:46:38+08:00,VideoCall·COMPACT Ver.,34,0
2026-08-09T12:46:48+08:00,VideoCall·COMPACT Ver.,34,0
2026-08-09T12:46:58+08:00,VideoCall·COMPACT Ver.,34,0
2026-08-09T12:47:08+08:00,VideoCall·COMPACT Ver.,34,0
2026-08-09T12:47:31+08:00,VideoCall·COMPACT Ver.,34,0
2026-08-09T12:47:41+08:00,VideoCall·COMPACT Ver.,34,0
2026-08-09T12:47:51+08:00,VideoCall·COMPACT Ver.,34,0
2026-08-09T12:48:02+08:00,VideoCall·COMPACT Ver.,34,0
2026-08-09T12:48:12+08:00,VideoCall·COMPACT Ver.,34,0
2026-08-09T12:48:22+08:00,VideoCall·COMPACT Ver.,34,0
2026-08-09T12:48:44+08:00,VideoCall·COMPACT Ver.,34,0
2026-08-09T12:48:54+08:00,VideoCall·COMPACT Ver.,34,0
2026-08-09T12:49:04+08:00,VideoCall·COMPACT Ver.,34,0
2026-08-09T12:49:15+08:00,VideoCall·COMPACT Ver.,34,0
2026-08-09T12:49:25+08:00,VideoCall·COMPACT Ver.,34,0
2026-08-09T12:49:35+08:00,VideoCall·COMPACT Ver.,34,0
2026-08-09T12:49:56+08:00,VideoCall·COMPACT Ver.,34,0
2026-08-09T12:50:07+08:00,VideoCall·COMPACT Ver.,34,0
2026-08-09T12:50:17+08:00,VideoCall·COMPACT Ver.,34,0
2026-08-09T12:50:27+08:00,VideoCall·COMPACT Ver.,34,0
2026-08-09T12:50:38+08:00,VideoCall·COMPACT Ver.,34,0
2026-08-09T12:50:48+08:00,VideoCall·COMPACT Ver.,34,0
2026-08-09T12:51:09+08:00,VideoCall·COMPACT Ver.,34,0
2026-08-09T12:51:19+08:00,VideoCall·COMPACT Ver.,34,0
2026-08-09T12:51:30+08:00,VideoCall·COMPACT Ver.,34,0
2026-08-09T12:51:40+08:00,VideoCall·COMPACT Ver.,34,0
2026-08-09T12:51:50+08:00,VideoCall·COMPACT Ver.,34,0
2026-08-09T12:52:00+08:00,VideoCall·COMPACT Ver.,34,0
2026-08-09T12:52:22+08:00,VideoCall·COMPACT Ver.,34,0
2026-08-09T12:52:32+08:00,VideoCall·COMPACT Ver.,34,0
2026-08-09T12:52:42+08:00,VideoCall·COMPACT Ver.,34,0
2026-08-09T12:52:52+08:00,VideoCall·COMPACT Ver.,34,0
2026-08-09T12:53:03+08:00,VideoCall·COMPACT Ver.,34,0
2026-08-09T12:53:13+08:00,VideoCall·COMPACT Ver.,34,0
2026-08-09T12:53:35+08:00,VideoCall·COMPACT Ver.,34,0
2026-08-09T12:53:45+08:00,VideoCall·COMPACT Ver.,34,0
2026-08-09T12:53:55+08:00,VideoCall·COMPACT Ver.,34,0
2026-08-09T12:54:05+08:00,VideoCall·COMPACT Ver.,34,0
2026-08-09T12:54:16+08:00,VideoCall·COMPACT Ver.,34,0
2026-08-09T12:54:26+08:00,VideoCall·COMPACT Ver.,34,0
2026-08-09T12:54:47+08:00,VideoCall·COMPACT Ver.,34,0
2026-08-09T12:54:57+08:00,VideoCall·COMPACT Ver.,34,0
2026-08-09T12:55:07+08:00,VideoCall·COMPACT Ver.,34,0
2026-08-09T12:55:18+08:00,VideoCall·COMPACT Ver.,34,0
2026-08-09T12:55:28+08:00,VideoCall·COMPACT Ver.,34,0
2026-08-09T12:55:38+08:00,VideoCall·COMPACT Ver.,34,0
2026-08-09T12:55:59+08:00,VideoCall·COMPACT Ver.,34,0
2026-08-09T12:56:09+08:00,VideoCall·COMPACT Ver.,34,0
2026-08-09T12:56:19+08:00,VideoCall·COMPACT Ver.,34,0
2026-08-09T12:56:30+08:00,VideoCall·COMPACT Ver.,34,0
2026-08-09T12:56:40+08:00,VideoCall·COMPACT Ver.,34,0
2026-08-09T12:56:50+08:00,VideoCall·COMPACT Ver.,34,0
2026-08-09T12:57:12+08:00,VideoCall·COMPACT Ver.,34,0
2026-08-09T12:57:22+08:00,VideoCall·COMPACT Ver.,34,0
2026-08-09T12:57:33+08:00,VideoCall·COMPACT Ver.,34,0
2026-08-09T12:57:43+08:00,VideoCall·COMPACT Ver.,34,0
2026-08-09T12:57:53+08:00,VideoCall·COMPACT Ver.,34,0
2026-08-09T12:58:03+08:00,VideoCall·COMPACT Ver.,34,0
2026-08-09T12:58:24+08:00,VideoCall·COMPACT Ver.,34,0
2026-08-09T12:58:34+08:00,VideoCall·COMPACT Ver.,34,0
2026-08-09T12:58:45+08:00,VideoCall·COMPACT Ver.,34,0
2026-08-09T12:58:55+08:00,VideoCall·COMPACT Ver.,34,0
2026-08-09T12:59:05+08:00,VideoCall·COMPACT Ver.,34,0
2026-08-09T12:59:15+08:00,VideoCall·COMPACT Ver.,34,0
2026-08-09T12:59:37+08:00,VideoCall·COMPACT Ver.,34,0
2026-08-09T12:59:47+08:00,VideoCall·COMPACT Ver.,34,0
2026-08-09T12:59:57+08:00,VideoCall·COMPACT Ver.,34,0
2026-08-09T13:00:07+08:00,VideoCall·COMPACT Ver.,34,0
2026-08-09T13:00:18+08:00,VideoCall·COMPACT Ver.,34,0
2026-08-09T13:00:28+08:00,VideoCall·COMPACT Ver.,34,0
2026-08-09T13:00:50+08:00,VideoCall·COMPACT Ver.,34,0
2026-08-09T13:01:00+08:00,VideoCall·COMPACT Ver.,34,0
2026-08-09T13:01:10+08:00,VideoCall·COMPACT Ver.,34,0
2026-08-09T13:01:21+08:00,VideoCall·COMPACT Ver.,34,0
2026-08-09T13:01:31+08:00,VideoCall·COMPACT Ver.,34,0
2026-08-09T13:01:41+08:00,VideoCall·COMPACT Ver.,34,0
2026-08-09T13:02:02+08:00,VideoCall·COMPACT Ver.,34,0
2026-08-09T13:02:12+08:00,VideoCall·COMPACT Ver.,34,0
2026-08-09T13:02:23+08:00,VideoCall·COMPACT Ver.,34,0
2026-08-09T13:02:33+08:00,VideoCall·COMPACT Ver.,34,0
2026-08-09T13:02:44+08:00,VideoCall·COMPACT Ver.,34,0
2026-08-09T13:02:54+08:00,VideoCall·COMPACT Ver.,34,0
2026-08-09T13:03:15+08:00,VideoCall·COMPACT Ver.,34,0
2026-08-09T13:03:26+08:00,VideoCall·COMPACT Ver.,34,0
2026-08-09T13:03:36+08:00,VideoCall·COMPACT Ver.,34,0
2026-08-09T13:03:47+08:00,VideoCall·COMPACT Ver.,34,0
2026-08-09T13:03:57+08:00,VideoCall·COMPACT Ver.,34,0
2026-08-09T13:04:07+08:00,VideoCall·COMPACT Ver.,34,0
2026-08-09T13:04:28+08:00,VideoCall·COMPACT Ver.,34,0
2026-08-09T13:04:38+08:00,VideoCall·COMPACT Ver.,34,0
2026-08-09T13:04:49+08:00,VideoCall·COMPACT Ver.,34,0
2026-08-09T13:04:59+08:00,VideoCall·COMPACT Ver.,34,0
2026-08-09T13:05:09+08:00,VideoCall·COMPACT Ver.,34,0
2026-08-09T13:05:20+08:00,VideoCall·COMPACT Ver.,34,0
2026-08-09T13:05:41+08:00,VideoCall·COMPACT Ver.,34,0
2026-08-09T13:05:52+08:00,VideoCall·COMPACT Ver.,34,0
2026-08-09T13:06:02+08:00,VideoCall·COMPACT Ver.,34,0
2026-08-09T13:06:13+08:00,VideoCall·COMPACT Ver.,34,0
2026-08-09T13:06:23+08:00,VideoCall·COMPACT Ver.,34,0
2026-08-09T13:06:33+08:00,VideoCall·COMPACT Ver.,34,0
2026-08-09T13:06:55+08:00,VideoCall·COMPACT Ver.,34,0
2026-08-09T13:07:05+08:00,VideoCall·COMPACT Ver.,34,0
2026-08-09T13:07:15+08:00,VideoCall·COMPACT Ver.,34,0
2026-08-09T13:07:26+08:00,VideoCall·COMPACT Ver.,34,0
2026-08-09T13:07:36+08:00,VideoCall·COMPACT Ver.,34,0
2026-08-09T13:07:47+08:00,VideoCall·COMPACT Ver.,34,0
2026-08-09T13:08:09+08:00,VideoCall·COMPACT Ver.,34,0
2026-08-09T13:08:19+08:00,VideoCall·COMPACT Ver.,34,0
2026-08-09T13:08:29+08:00,VideoCall·COMPACT Ver.,34,0
2026-08-09T13:08:39+08:00,VideoCall·COMPACT Ver.,34,0
2026-08-09T13:08:50+08:00,VideoCall·COMPACT Ver.,34,0
2026-08-09T13:09:00+08:00,VideoCall·COMPACT Ver.,34,0
2026-08-09T13:58:49+08:00,VideoCall·COMPACT Ver.,34,0
2026-08-09T13:59:00+08:00,VideoCall·COMPACT Ver.,34,0
2026-08-09T13:59:10+08:00,VideoCall·COMPACT Ver.,34,0
2026-08-09T13:59:21+08:00,VideoCall·COMPACT Ver.,34,0
2026-08-09T13:59:31+08:00,VideoCall·COMPACT Ver.,34,0
2026-08-09T13:59:42+08:00,VideoCall·COMPACT Ver.,34,0
2026-08-09T13:59:52+08:00,VideoCall·COMPACT Ver.,34,0
2026-08-09T14:00:14+08:00,VideoCall·COMPACT Ver.,34,0
2026-08-09T14:00:24+08:00,VideoCall·COMPACT Ver.,34,0
2026-08-09T14:00:35+08:00,VideoCall·COMPACT Ver.,34,0
2026-08-09T14:00:45+08:00,VideoCall·COMPACT Ver.,34,0
2026-08-09T14:00:56+08:00,VideoCall·COMPACT Ver.,34,0
2026-08-09T14:01:06+08:00,VideoCall·COMPACT Ver.,34,0
2026-08-09T14:01:27+08:00,VideoCall·COMPACT Ver.,34,0
2026-08-09T14:01:37+08:00,VideoCall·COMPACT Ver.,34,0
2026-08-09T14:01:48+08:00,VideoCall·COMPACT Ver.,34,0
2026-08-09T14:01:58+08:00,VideoCall·COMPACT Ver.,34,0
2026-08-09T14:02:09+08:00,VideoCall·COMPACT Ver.,34,0
2026-08-09T14:02:19+08:00,VideoCall·COMPACT Ver.,34,0
2026-08-09T14:02:41+08:00,VideoCall·COMPACT Ver.,34,0
2026-08-09T14:02:52+08:00,VideoCall·COMPACT Ver.,34,0
2026-08-09T14:03:02+08:00,VideoCall·COMPACT Ver.,34,0
2026-08-09T14:03:13+08:00,VideoCall·COMPACT Ver.,34,0
2026-08-09T14:03:23+08:00,VideoCall·COMPACT Ver.,34,0
2026-08-09T14:03:34+08:00,VideoCall·COMPACT Ver.,34,0
2026-08-09T14:03:54+08:00,VideoCall·COMPACT Ver.,34,0
2026-08-09T14:04:05+08:00,VideoCall·COMPACT Ver.,34,0
2026-08-09T14:04:15+08:00,VideoCall·COMPACT Ver.,34,0
2026-08-09T14:04:25+08:00,VideoCall·COMPACT Ver.,34,0
2026-08-09T14:04:36+08:00,VideoCall·COMPACT Ver.,34,0
2026-08-09T14:04:46+08:00,VideoCall·COMPACT Ver.,34,0
2026-08-09T14:05:06+08:00,VideoCall·COMPACT Ver.,34,0
2026-08-09T14:05:17+08:00,VideoCall·COMPACT Ver.,34,0
2026-08-09T14:05:27+08:00,VideoCall·COMPACT Ver.,34,0
2026-08-09T14:05:38+08:00,VideoCall·COMPACT Ver.,34,0
2026-08-09T14:05:48+08:00,VideoCall·COMPACT Ver.,34,0
2026-08-09T14:05:59+08:00,VideoCall·COMPACT Ver.,34,0
2026-08-09T14:06:20+08:00,VideoCall·COMPACT Ver.,34,0
2026-08-09T14:06:31+08:00,VideoCall·COMPACT Ver.,34,0
2026-08-09T14:06:41+08:00,VideoCall·COMPACT Ver.,34,0
2026-08-09T14:06:52+08:00,VideoCall·COMPACT Ver.,34,0
2026-08-09T14:07:03+08:00,VideoCall·COMPACT Ver.,34,0
2026-08-09T14:07:13+08:00,VideoCall·COMPACT Ver.,34,0
2026-08-09T14:07:34+08:00,VideoCall·COMPACT Ver.,34,0
2026-08-09T14:07:45+08:00,VideoCall·COMPACT Ver.,34,0
2026-08-09T14:07:55+08:00,VideoCall·COMPACT Ver.,34,0
2026-08-09T14:08:06+08:00,VideoCall·COMPACT Ver.,34,0
2026-08-09T14:08:16+08:00,VideoCall·COMPACT Ver.,34,0
2026-08-09T14:08:27+08:00,VideoCall·COMPACT Ver.,34,0
2026-08-09T14:08:48+08:00,VideoCall·COMPACT Ver.,34,0
2026-08-09T14:08:58+08:00,VideoCall·COMPACT Ver.,34,0
2026-08-09T14:09:09+08:00,VideoCall·COMPACT Ver.,34,0
2026-08-09T14:09:19+08:00,VideoCall·COMPACT Ver.,34,0
2026-08-09T14:09:30+08:00,VideoCall·COMPACT Ver.,34,0
2026-08-09T14:09:40+08:00,VideoCall·COMPACT Ver.,34,0
2026-08-09T14:10:01+08:00,VideoCall·COMPACT Ver.,34,0
2026-08-09T14:10:12+08:00,VideoCall·COMPACT Ver.,34,0
2026-08-09T14:10:23+08:00,VideoCall·COMPACT Ver.,34,0
2026-08-09T14:10:33+08:00,VideoCall·COMPACT Ver.,34,0
2026-08-09T14:10:44+08:00,VideoCall·COMPACT Ver.,34,0
2026-08-09T14:10:54+08:00,VideoCall·COMPACT Ver.,34,0
2026-08-09T14:11:16+08:00,VideoCall·COMPACT Ver.,34,0
2026-08-09T14:11:26+08:00,VideoCall·COMPACT Ver.,34,0
2026-08-09T14:11:37+08:00,VideoCall·COMPACT Ver.,34,0
2026-08-09T14:11:47+08:00,VideoCall·COMPACT Ver.,34,0
2026-08-09T14:11:58+08:00,VideoCall·COMPACT Ver.,34,0
2026-08-09T14:12:08+08:00,VideoCall·COMPACT Ver.,34,0
2026-08-09T14:12:28+08:00,VideoCall·COMPACT Ver.,34,0
2026-08-09T14:12:39+08:00,VideoCall·COMPACT Ver.,34,0
2026-08-09T14:12:49+08:00,VideoCall·COMPACT Ver.,34,0
2026-08-09T14:13:00+08:00,VideoCall·COMPACT Ver.,34,0
2026-08-09T14:13:10+08:00,VideoCall·COMPACT Ver.,34,0
2026-08-09T14:13:21+08:00,VideoCall·COMPACT Ver.,34,0
2026-08-09T14:13:42+08:00,VideoCall·COMPACT Ver.,34,0
2026-08-09T14:13:52+08:00,VideoCall·COMPACT Ver.,34,0
2026-08-09T14:14:03+08:00,VideoCall·COMPACT Ver.,34,0
2026-08-09T14:14:13+08:00,VideoCall·COMPACT Ver.,34,0
2026-08-09T14:14:24+08:00,VideoCall·COMPACT Ver.,34,0
2026-08-09T14:14:34+08:00,VideoCall·COMPACT Ver.,34,0
2026-08-09T14:14:56+08:00,VideoCall·COMPACT Ver.,34,0
2026-08-09T14:15:07+08:00,VideoCall·COMPACT Ver.,34,0
2026-08-09T14:15:17+08:00,VideoCall·COMPACT Ver.,34,0
2026-08-09T14:15:28+08:00,VideoCall·COMPACT Ver.,34,0
2026-08-09T14:15:38+08:00,VideoCall·COMPACT Ver.,34,0
2026-08-09T14:15:49+08:00,VideoCall·COMPACT Ver.,34,0
2026-08-09T14:16:10+08:00,VideoCall·COMPACT Ver.,34,0
2026-08-09T14:16:20+08:00,VideoCall·COMPACT Ver.,34,0
2026-08-09T14:16:31+08:00,VideoCall·COMPACT Ver.,34,0
2026-08-09T14:16:41+08:00,VideoCall·COMPACT Ver.,34,0
2026-08-09T14:16:52+08:00,VideoCall·COMPACT Ver.,34,0
2026-08-09T14:17:02+08:00,VideoCall·COMPACT Ver.,34,0
2026-08-09T14:17:24+08:00,VideoCall·COMPACT Ver.,34,0
2026-08-09T14:17:34+08:00,VideoCall·COMPACT Ver.,34,0
2026-08-09T14:17:45+08:00,VideoCall·COMPACT Ver.,34,0
2026-08-09T14:17:55+08:00,VideoCall·COMPACT Ver.,34,0
2026-08-09T14:18:06+08:00,VideoCall·COMPACT Ver.,34,0
2026-08-09T14:18:16+08:00,VideoCall·COMPACT Ver.,34,0
2026-08-09T14:18:38+08:00,VideoCall·COMPACT Ver.,34,0
2026-08-09T14:18:49+08:00,VideoCall·COMPACT Ver.,34,0
2026-08-09T14:18:59+08:00,VideoCall·COMPACT Ver.,34,0
2026-08-09T14:19:10+08:00,VideoCall·COMPACT Ver.,34,0
2026-08-09T14:19:21+08:00,VideoCall·COMPACT Ver.,34,0
2026-08-09T14:19:31+08:00,VideoCall·COMPACT Ver.,34,0
2026-08-09T14:19:52+08:00,VideoCall·COMPACT Ver.,34,0
2026-08-09T14:20:03+08:00,VideoCall·COMPACT Ver.,34,0
2026-08-09T14:20:14+08:00,VideoCall·COMPACT Ver.,34,0
2026-08-09T14:20:24+08:00,VideoCall·COMPACT Ver.,34,0
2026-08-09T14:20:34+08:00,VideoCall·COMPACT Ver.,34,0
2026-08-09T14:20:45+08:00,VideoCall·COMPACT Ver.,34,0
2026-08-09T14:21:06+08:00,VideoCall·COMPACT Ver.,34,0
2026-08-09T14:21:17+08:00,VideoCall·COMPACT Ver.,34,0
2026-08-09T14:21:27+08:00,VideoCall·COMPACT Ver.,34,0
2026-08-09T14:21:38+08:00,VideoCall·COMPACT Ver.,34,0
2026-08-09T14:21:48+08:00,VideoCall·COMPACT Ver.,34,0
2026-08-09T14:21:59+08:00,VideoCall·COMPACT Ver.,34,0
2026-08-09T14:22:20+08:00,VideoCall·COMPACT Ver.,34,0
2026-08-09T14:22:30+08:00,VideoCall·COMPACT Ver.,34,0
2026-08-09T14:22:41+08:00,VideoCall·COMPACT Ver.,34,0
2026-08-09T14:22:51+08:00,VideoCall·COMPACT Ver.,34,0
2026-08-09T14:23:02+08:00,VideoCall·COMPACT Ver.,34,0
2026-08-09T14:23:12+08:00,VideoCall·COMPACT Ver.,34,0
2026-08-09T14:23:33+08:00,VideoCall·COMPACT Ver.,34,0
2026-08-09T14:23:43+08:00,VideoCall·COMPACT Ver.,34,0
2026-08-09T14:23:53+08:00,VideoCall·COMPACT Ver.,34,0
2026-08-09T14:24:04+08:00,VideoCall·COMPACT Ver.,34,0
2026-08-09T14:24:15+08:00,VideoCall·COMPACT Ver.,34,0
2026-08-09T14:24:25+08:00,VideoCall·COMPACT Ver.,34,0
2026-08-09T14:24:46+08:00,VideoCall·COMPACT Ver.,34,0
2026-08-09T14:24:56+08:00,VideoCall·COMPACT Ver.,34,0
2026-08-09T14:25:07+08:00,VideoCall·COMPACT Ver.,34,0
2026-08-09T14:25:17+08:00,VideoCall·COMPACT Ver.,34,0
2026-08-09T14:25:28+08:00,VideoCall·COMPACT Ver.,34,0
2026-08-09T14:25:38+08:00,VideoCall·COMPACT Ver.,34,0
2026-08-09T14:26:00+08:00,VideoCall·COMPACT Ver.,34,0
2026-08-09T14:26:11+08:00,VideoCall·COMPACT Ver.,34,0
2026-08-09T14:26:21+08:00,VideoCall·COMPACT Ver.,34,0
2026-08-09T14:26:32+08:00,VideoCall·COMPACT Ver.,34,0
2026-08-09T14:26:42+08:00,VideoCall·COMPACT Ver.,34,0
2026-08-09T14:26:53+08:00,VideoCall·COMPACT Ver.,34,0
2026-08-09T14:27:14+08:00,VideoCall·COMPACT Ver.,34,0
2026-08-09T14:27:24+08:00,VideoCall·COMPACT Ver.,34,0
2026-08-09T14:27:34+08:00,VideoCall·COMPACT Ver.,34,0
2026-08-09T14:27:45+08:00,VideoCall·COMPACT Ver.,34,0
2026-08-09T14:27:55+08:00,VideoCall·COMPACT Ver.,34,0
2026-08-09T14:28:06+08:00,VideoCall·COMPACT Ver.,34,0
2026-08-09T14:28:27+08:00,VideoCall·COMPACT Ver.,34,0
2026-08-09T14:28:37+08:00,VideoCall·COMPACT Ver.,34,0
2026-08-09T14:28:48+08:00,VideoCall·COMPACT Ver.,34,0
2026-08-09T14:28:58+08:00,VideoCall·COMPACT Ver.,34,0
2026-08-09T14:29:09+08:00,VideoCall·COMPACT Ver.,34,0
2026-08-09T14:29:19+08:00,VideoCall·COMPACT Ver.,34,0
2026-08-09T14:29:39+08:00,VideoCall·COMPACT Ver.,34,0
2026-08-09T14:29:50+08:00,VideoCall·COMPACT Ver.,34,0
2026-08-09T14:30:00+08:00,VideoCall·COMPACT Ver.,34,0
2026-08-09T14:30:11+08:00,VideoCall·COMPACT Ver.,34,0
2026-08-09T14:30:21+08:00,VideoCall·COMPACT Ver.,34,0
2026-08-09T14:30:32+08:00,VideoCall·COMPACT Ver.,34,0
2026-08-09T14:30:53+08:00,VideoCall·COMPACT Ver.,34,0
2026-08-09T14:31:03+08:00,VideoCall·COMPACT Ver.,34,0
2026-08-09T14:31:14+08:00,VideoCall·COMPACT Ver.,34,0
2026-08-09T14:31:24+08:00,VideoCall·COMPACT Ver.,34,0
2026-08-09T14:31:35+08:00,VideoCall·COMPACT Ver.,34,0
2026-08-09T14:31:45+08:00,VideoCall·COMPACT Ver.,34,0
2026-08-09T14:32:06+08:00,VideoCall·COMPACT Ver.,34,0
2026-08-09T14:32:17+08:00,VideoCall·COMPACT Ver.,34,0
2026-08-09T14:32:28+08:00,VideoCall·COMPACT Ver.,34,0
2026-08-09T14:32:38+08:00,VideoCall·COMPACT Ver.,34,0
2026-08-09T14:32:49+08:00,VideoCall·COMPACT Ver.,34,0
2026-08-09T14:32:59+08:00,VideoCall·COMPACT Ver.,34,0
2026-08-09T14:33:21+08:00,VideoCall·COMPACT Ver.,34,0
2026-08-09T14:33:32+08:00,VideoCall·COMPACT Ver.,34,0
2026-08-09T14:33:42+08:00,VideoCall·COMPACT Ver.,34,0
2026-08-09T14:33:52+08:00,VideoCall·COMPACT Ver.,34,0
2026-08-09T14:34:02+08:00,VideoCall·COMPACT Ver.,34,0
2026-08-09T14:34:13+08:00,VideoCall·COMPACT Ver.,34,0
2026-08-09T14:34:35+08:00,VideoCall·COMPACT Ver.,34,0
2026-08-09T14:34:45+08:00,VideoCall·COMPACT Ver.,34,0
2026-08-09T14:34:56+08:00,VideoCall·COMPACT Ver.,34,0
2026-08-09T14:35:06+08:00,VideoCall·COMPACT Ver.,34,0
2026-08-09T14:35:17+08:00,VideoCall·COMPACT Ver.,34,0
2026-08-09T14:35:27+08:00,VideoCall·COMPACT Ver.,34,0
2026-08-09T14:35:49+08:00,VideoCall·COMPACT Ver.,34,0
2026-08-09T14:35:59+08:00,VideoCall·COMPACT Ver.,34,0
2026-08-09T14:36:10+08:00,VideoCall·COMPACT Ver.,34,0
2026-08-09T14:36:20+08:00,VideoCall·COMPACT Ver.,34,0
2026-08-09T14:36:31+08:00,VideoCall·COMPACT Ver.,34,0
2026-08-09T14:36:41+08:00,VideoCall·COMPACT Ver.,34,0
2026-08-09T14:37:03+08:00,VideoCall·COMPACT Ver.,34,0
2026-08-09T14:37:13+08:00,VideoCall·COMPACT Ver.,34,0
2026-08-09T14:37:24+08:00,VideoCall·COMPACT Ver.,34,0
2026-08-09T14:37:34+08:00,VideoCall·COMPACT Ver.,34,0
2026-08-09T14:37:45+08:00,VideoCall·COMPACT Ver.,34,0
2026-08-09T14:37:55+08:00,VideoCall·COMPACT Ver.,34,0
2026-08-09T14:38:16+08:00,VideoCall·COMPACT Ver.,34,0
2026-08-09T14:38:27+08:00,VideoCall·COMPACT Ver.,34,0
2026-08-09T14:38:37+08:00,VideoCall·COMPACT Ver.,34,0
2026-08-09T14:38:48+08:00,VideoCall·COMPACT Ver.,34,0
2026-08-09T14:38:58+08:00,VideoCall·COMPACT Ver.,34,0
2026-08-09T14:39:09+08:00,VideoCall·COMPACT Ver.,34,0
2026-08-09T14:39:30+08:00,VideoCall·COMPACT Ver.,34,0
2026-08-09T14:39:41+08:00,VideoCall·COMPACT Ver.,34,0
2026-08-09T14:39:51+08:00,VideoCall·COMPACT Ver.,34,0
2026-08-09T14:40:02+08:00,VideoCall·COMPACT Ver.,34,0
2026-08-09T14:40:12+08:00,VideoCall·COMPACT Ver.,34,0
2026-08-09T14:40:23+08:00,VideoCall·COMPACT Ver.,34,0
2026-08-09T14:40:46+08:00,VideoCall·COMPACT Ver.,34,0
2026-08-09T14:40:56+08:00,VideoCall·COMPACT Ver.,34,0
2026-08-09T14:41:06+08:00,VideoCall·COMPACT Ver.,34,0
2026-08-09T14:41:17+08:00,VideoCall·COMPACT Ver.,34,0
2026-08-09T14:41:28+08:00,VideoCall·COMPACT Ver.,34,0
2026-08-09T14:41:38+08:00,VideoCall·COMPACT Ver.,34,0
2026-08-09T14:41:59+08:00,VideoCall·COMPACT Ver.,34,0
2026-08-09T14:42:10+08:00,VideoCall·COMPACT Ver.,34,0
2026-08-09T14:42:20+08:00,VideoCall·COMPACT Ver.,34,0
2026-08-09T14:42:31+08:00,VideoCall·COMPACT Ver.,34,0
2026-08-09T14:42:42+08:00,VideoCall·COMPACT Ver.,34,0
2026-08-09T14:42:52+08:00,VideoCall·COMPACT Ver.,34,0
2026-08-09T14:43:13+08:00,VideoCall·COMPACT Ver.,34,0
2026-08-09T14:43:24+08:00,VideoCall·COMPACT Ver.,34,0
2026-08-09T14:43:34+08:00,VideoCall·COMPACT Ver.,34,0
2026-08-09T14:43:45+08:00,VideoCall·COMPACT Ver.,34,0
2026-08-09T14:43:56+08:00,VideoCall·COMPACT Ver.,34,0
2026-08-09T14:44:06+08:00,VideoCall·COMPACT Ver.,34,0
2026-08-09T14:44:27+08:00,VideoCall·COMPACT Ver.,34,0
2026-08-09T14:44:38+08:00,VideoCall·COMPACT Ver.,34,0
2026-08-09T14:44:48+08:00,VideoCall·COMPACT Ver.,34,0
2026-08-09T14:44:59+08:00,VideoCall·COMPACT Ver.,34,0
2026-08-09T14:45:09+08:00,VideoCall·COMPACT Ver.,34,0
2026-08-09T14:45:20+08:00,VideoCall·COMPACT Ver.,34,0
2026-08-09T14:45:41+08:00,VideoCall·COMPACT Ver.,34,0
2026-08-09T14:45:51+08:00,VideoCall·COMPACT Ver.,34,0
2026-08-09T14:46:02+08:00,VideoCall·COMPACT Ver.,34,0
2026-08-09T14:46:12+08:00,VideoCall·COMPACT Ver.,34,0
2026-08-09T14:46:23+08:00,VideoCall·COMPACT Ver.,34,0
2026-08-09T14:46:33+08:00,VideoCall·COMPACT Ver.,34,0
2026-08-09T14:46:54+08:00,VideoCall·COMPACT Ver.,34,0
2026-08-09T14:47:05+08:00,VideoCall·COMPACT Ver.,34,0
2026-08-09T14:47:16+08:00,VideoCall·COMPACT Ver.,34,0
2026-08-09T14:47:26+08:00,VideoCall·COMPACT Ver.,34,0
2026-08-09T14:47:37+08:00,VideoCall·COMPACT Ver.,34,0
2026-08-09T14:47:47+08:00,VideoCall·COMPACT Ver.,34,0
2026-08-09T14:48:09+08:00,VideoCall·COMPACT Ver.,34,0
2026-08-09T14:48:19+08:00,VideoCall·COMPACT Ver.,34,0
2026-08-09T14:48:30+08:00,VideoCall·COMPACT Ver.,34,0
2026-08-09T14:48:40+08:00,VideoCall·COMPACT Ver.,34,0
2026-08-09T14:49:06+08:00,VideoCall·COMPACT Ver.,34,0
2026-08-09T14:49:17+08:00,VideoCall·COMPACT Ver.,34,0
2026-08-09T14:49:28+08:00,VideoCall·COMPACT Ver.,34,0
2026-08-09T14:49:39+08:00,VideoCall·COMPACT Ver.,34,0
2026-08-09T14:49:50+08:00,VideoCall·COMPACT Ver.,34,0
2026-08-09T14:50:00+08:00,VideoCall·COMPACT Ver.,34,0
2026-08-09T14:50:11+08:00,VideoCall·COMPACT Ver.,34,0
2026-08-09T14:50:35+08:00,VideoCall·COMPACT Ver.,34,0
2026-08-09T14:50:46+08:00,VideoCall·COMPACT Ver.,34,0
2026-08-09T14:50:57+08:00,VideoCall·COMPACT Ver.,34,0
2026-08-09T14:51:07+08:00,VideoCall·COMPACT Ver.,34,0
2026-08-09T14:51:18+08:00,VideoCall·COMPACT Ver.,34,0
2026-08-09T14:51:28+08:00,VideoCall·COMPACT Ver.,34,0
2026-08-09T14:51:53+08:00,VideoCall·COMPACT Ver.,34,0
2026-08-09T14:52:04+08:00,VideoCall·COMPACT Ver.,34,0
2026-08-09T14:52:14+08:00,VideoCall·COMPACT Ver.,34,0
2026-08-09T14:52:25+08:00,VideoCall·COMPACT Ver.,34,0
2026-08-09T14:52:36+08:00,VideoCall·COMPACT Ver.,34,0
2026-08-09T14:52:46+08:00,VideoCall·COMPACT Ver.,34,0
2026-08-09T14:53:10+08:00,VideoCall·COMPACT Ver.,34,0
2026-08-09T14:53:21+08:00,VideoCall·COMPACT Ver.,34,0
2026-08-09T14:53:31+08:00,VideoCall·COMPACT Ver.,34,0
2026-08-09T14:53:42+08:00,VideoCall·COMPACT Ver.,34,0
2026-08-09T14:53:53+08:00,VideoCall·COMPACT Ver.,34,0
2026-08-09T14:54:03+08:00,VideoCall·COMPACT Ver.,34,0
2026-08-09T14:54:28+08:00,VideoCall·COMPACT Ver.,34,0
2026-08-09T14:54:39+08:00,VideoCall·COMPACT Ver.,34,0
2026-08-09T14:54:49+08:00,VideoCall·COMPACT Ver.,34,0
2026-08-09T14:55:00+08:00,VideoCall·COMPACT Ver.,34,0
2026-08-09T14:55:11+08:00,VideoCall·COMPACT Ver.,34,0
2026-08-09T14:55:22+08:00,VideoCall·COMPACT Ver.,34,0
2026-08-09T14:55:46+08:00,VideoCall·COMPACT Ver.,34,0
2026-08-09T14:55:57+08:00,VideoCall·COMPACT Ver.,34,0
2026-08-09T14:56:08+08:00,VideoCall·COMPACT Ver.,34,0
2026-08-09T14:56:18+08:00,VideoCall·COMPACT Ver.,34,0
2026-08-09T14:56:29+08:00,VideoCall·COMPACT Ver.,34,0
2026-08-09T14:56:40+08:00,VideoCall·COMPACT Ver.,34,0
2026-08-09T14:57:03+08:00,VideoCall·COMPACT Ver.,34,0
2026-08-09T14:57:14+08:00,VideoCall·COMPACT Ver.,34,0
2026-08-09T14:57:25+08:00,VideoCall·COMPACT Ver.,34,0
2026-08-09T14:57:36+08:00,VideoCall·COMPACT Ver.,34,0
2026-08-09T14:57:47+08:00,VideoCall·COMPACT Ver.,34,0
2026-08-09T14:57:57+08:00,VideoCall·COMPACT Ver.,34,0
2026-08-09T14:58:21+08:00,VideoCall·COMPACT Ver.,34,0
2026-08-09T14:58:32+08:00,VideoCall·COMPACT Ver.,34,0
2026-08-09T14:58:42+08:00,VideoCall·COMPACT Ver.,34,0
2026-08-09T14:58:52+08:00,VideoCall·COMPACT Ver.,34,0
2026-08-09T14:59:03+08:00,VideoCall·COMPACT Ver.,34,0
2026-08-09T14:59:14+08:00,VideoCall·COMPACT Ver.,34,0
2026-08-09T14:59:38+08:00,VideoCall·COMPACT Ver.,34,0
2026-08-09T14:59:49+08:00,VideoCall·COMPACT Ver.,34,0
2026-08-09T15:00:00+08:00,VideoCall·COMPACT Ver.,34,0
2026-08-09T15:00:10+08:00,VideoCall·COMPACT Ver.,34,0
2026-08-09T15:00:21+08:00,VideoCall·COMPACT Ver.,34,0
2026-08-09T15:00:32+08:00,VideoCall·COMPACT Ver.,34,0
2026-08-09T15:00:57+08:00,VideoCall·COMPACT Ver.,34,0
2026-08-09T15:01:07+08:00,VideoCall·COMPACT Ver.,34,0
2026-08-09T15:01:18+08:00,VideoCall·COMPACT Ver.,34,0
2026-08-09T15:01:28+08:00,VideoCall·COMPACT Ver.,34,0
2026-08-09T15:01:39+08:00,VideoCall·COMPACT Ver.,34,0
2026-08-09T15:01:49+08:00,VideoCall·COMPACT Ver.,34,0
2026-08-09T15:02:14+08:00,VideoCall·COMPACT Ver.,34,0
2026-08-09T15:02:24+08:00,VideoCall·COMPACT Ver.,34,0
2026-08-09T15:02:34+08:00,VideoCall·COMPACT Ver.,34,0
2026-08-09T15:02:45+08:00,VideoCall·COMPACT Ver.,34,0
2026-08-09T15:02:55+08:00,VideoCall·COMPACT Ver.,34,0
2026-08-09T15:03:06+08:00,VideoCall·COMPACT Ver.,34,0
2026-08-09T15:03:29+08:00,VideoCall·COMPACT Ver.,34,0
2026-08-09T15:03:40+08:00,VideoCall·COMPACT Ver.,34,0
2026-08-09T15:03:50+08:00,VideoCall·COMPACT Ver.,34,0
2026-08-09T15:04:01+08:00,VideoCall·COMPACT Ver.,34,0
2026-08-09T15:04:12+08:00,VideoCall·COMPACT Ver.,34,0
2026-08-09T15:04:23+08:00,VideoCall·COMPACT Ver.,34,0
2026-08-09T15:04:48+08:00,VideoCall·COMPACT Ver.,34,0
2026-08-09T15:04:58+08:00,VideoCall·COMPACT Ver.,34,0
2026-08-09T15:05:09+08:00,VideoCall·COMPACT Ver.,34,0
2026-08-09T15:05:19+08:00,VideoCall·COMPACT Ver.,34,0
2026-08-09T15:05:30+08:00,VideoCall·COMPACT Ver.,34,0
2026-08-09T15:05:41+08:00,VideoCall·COMPACT Ver.,34,0
2026-08-09T15:06:05+08:00,VideoCall·COMPACT Ver.,34,0
2026-08-09T15:06:16+08:00,VideoCall·COMPACT Ver.,34,0
2026-08-09T15:06:26+08:00,VideoCall·COMPACT Ver.,34,0
2026-08-09T15:06:37+08:00,VideoCall·COMPACT Ver.,34,0
2026-08-09T15:06:47+08:00,VideoCall·COMPACT Ver.,34,0
2026-08-09T15:06:58+08:00,VideoCall·COMPACT Ver.,34,0
2026-08-09T15:07:22+08:00,VideoCall·COMPACT Ver.,34,0
2026-08-09T15:07:32+08:00,VideoCall·COMPACT Ver.,34,0
2026-08-09T15:07:42+08:00,VideoCall·COMPACT Ver.,34,0
2026-08-09T15:07:52+08:00,VideoCall·COMPACT Ver.,34,0
2026-08-09T15:08:03+08:00,VideoCall·COMPACT Ver.,34,0
2026-08-09T15:08:14+08:00,VideoCall·COMPACT Ver.,34,0
2026-08-09T15:09:08+08:00,VideoCall·COMPACT Ver.,34,0
2026-08-09T15:09:18+08:00,VideoCall·COMPACT Ver.,34,0
2026-08-09T15:09:29+08:00,VideoCall·COMPACT Ver.,34,0
2026-08-09T15:09:39+08:00,VideoCall·COMPACT Ver.,34,0
2026-08-09T15:09:49+08:00,VideoCall·COMPACT Ver.,34,0
2026-08-09T15:09:59+08:00,VideoCall·COMPACT Ver.,34,0
2026-08-09T15:10:09+08:00,VideoCall·COMPACT Ver.,34,0
2026-08-09T15:10:31+08:00,VideoCall·COMPACT Ver.,34,0
2026-08-09T15:10:41+08:00,VideoCall·COMPACT Ver.,34,0
2026-08-09T15:10:51+08:00,VideoCall·COMPACT Ver.,34,0
2026-08-09T15:11:02+08:00,VideoCall·COMPACT Ver.,34,0
2026-08-09T15:11:12+08:00,VideoCall·COMPACT Ver.,34,0
2026-08-09T15:11:22+08:00,VideoCall·COMPACT Ver.,34,0
2026-08-09T15:11:43+08:00,VideoCall·COMPACT Ver.,34,0
2026-08-09T15:11:53+08:00,VideoCall·COMPACT Ver.,34,0
2026-08-09T15:12:04+08:00,VideoCall·COMPACT Ver.,34,0
2026-08-09T15:12:14+08:00,VideoCall·COMPACT Ver.,34,0
2026-08-09T15:12:24+08:00,VideoCall·COMPACT Ver.,34,0
2026-08-09T15:12:34+08:00,VideoCall·COMPACT Ver.,34,0
2026-08-09T15:12:56+08:00,VideoCall·COMPACT Ver.,34,0
2026-08-09T15:13:07+08:00,VideoCall·COMPACT Ver.,34,0
2026-08-09T15:13:17+08:00,VideoCall·COMPACT Ver.,34,0
2026-08-09T15:13:27+08:00,VideoCall·COMPACT Ver.,34,0
2026-08-09T15:13:37+08:00,VideoCall·COMPACT Ver.,34,0
2026-08-09T15:13:47+08:00,VideoCall·COMPACT Ver.,34,0
2026-08-09T15:14:09+08:00,VideoCall·COMPACT Ver.,34,0
2026-08-09T15:14:19+08:00,VideoCall·COMPACT Ver.,34,0
2026-08-09T15:14:29+08:00,VideoCall·COMPACT Ver.,34,0
2026-08-09T15:14:40+08:00,VideoCall·COMPACT Ver.,34,0
2026-08-09T15:14:50+08:00,VideoCall·COMPACT Ver.,34,0
2026-08-09T15:15:00+08:00,VideoCall·COMPACT Ver.,34,0
2026-08-09T15:15:23+08:00,VideoCall·COMPACT Ver.,34,0
2026-08-09T15:15:33+08:00,VideoCall·COMPACT Ver.,34,0
2026-08-09T15:15:43+08:00,VideoCall·COMPACT Ver.,34,0
2026-08-09T15:15:54+08:00,VideoCall·COMPACT Ver.,34,0
2026-08-09T15:16:04+08:00,VideoCall·COMPACT Ver.,34,0
2026-08-09T15:16:14+08:00,VideoCall·COMPACT Ver.,34,0
2026-08-09T15:16:36+08:00,VideoCall·COMPACT Ver.,34,0
2026-08-09T15:16:46+08:00,VideoCall·COMPACT Ver.,34,0
2026-08-09T15:16:57+08:00,VideoCall·COMPACT Ver.,34,0
2026-08-09T15:17:07+08:00,VideoCall·COMPACT Ver.,34,0
2026-08-09T15:17:18+08:00,VideoCall·COMPACT Ver.,34,0
2026-08-09T15:17:28+08:00,VideoCall·COMPACT Ver.,34,0
2026-08-09T15:17:50+08:00,VideoCall·COMPACT Ver.,34,0
2026-08-09T15:18:00+08:00,VideoCall·COMPACT Ver.,34,0
2026-08-09T15:18:11+08:00,VideoCall·COMPACT Ver.,34,0
2026-08-09T15:18:21+08:00,VideoCall·COMPACT Ver.,34,0
2026-08-09T15:18:31+08:00,VideoCall·COMPACT Ver.,34,0
2026-08-09T15:18:41+08:00,VideoCall·COMPACT Ver.,34,0
2026-08-09T15:19:03+08:00,VideoCall·COMPACT Ver.,34,0
2026-08-09T15:19:13+08:00,VideoCall·COMPACT Ver.,34,0
2026-08-09T15:19:23+08:00,VideoCall·COMPACT Ver.,34,0
2026-08-09T15:19:34+08:00,VideoCall·COMPACT Ver.,34,0
2026-08-09T15:19:44+08:00,VideoCall·COMPACT Ver.,34,0
2026-08-09T15:19:54+08:00,VideoCall·COMPACT Ver.,34,0
2026-08-09T15:20:16+08:00,VideoCall·COMPACT Ver.,34,0
2026-08-09T15:20:26+08:00,VideoCall·COMPACT Ver.,34,0
2026-08-09T15:20:36+08:00,VideoCall·COMPACT Ver.,34,0
2026-08-09T15:20:46+08:00,VideoCall·COMPACT Ver.,34,0
2026-08-09T15:20:57+08:00,VideoCall·COMPACT Ver.,34,0
2026-08-09T15:21:07+08:00,VideoCall·COMPACT Ver.,34,0
2026-08-09T15:21:28+08:00,VideoCall·COMPACT Ver.,34,0
2026-08-09T15:21:38+08:00,VideoCall·COMPACT Ver.,34,0
2026-08-09T15:21:48+08:00,VideoCall·COMPACT Ver.,34,0
2026-08-09T15:21:59+08:00,VideoCall·COMPACT Ver.,34,0
2026-08-09T15:22:09+08:00,VideoCall·COMPACT Ver.,34,0
2026-08-09T15:22:19+08:00,VideoCall·COMPACT Ver.,34,0
2026-08-09T15:22:39+08:00,VideoCall·COMPACT Ver.,34,0
2026-08-09T15:22:50+08:00,VideoCall·COMPACT Ver.,34,0
2026-08-09T15:23:00+08:00,VideoCall·COMPACT Ver.,34,0
2026-08-09T15:23:11+08:00,VideoCall·COMPACT Ver.,34,0
2026-08-09T15:23:21+08:00,VideoCall·COMPACT Ver.,34,0
2026-08-09T15:23:31+08:00,VideoCall·COMPACT Ver.,34,0
2026-08-09T15:23:53+08:00,VideoCall·COMPACT Ver.,34,0
2026-08-09T15:24:04+08:00,VideoCall·COMPACT Ver.,34,0
2026-08-09T15:24:14+08:00,VideoCall·COMPACT Ver.,34,0
2026-08-09T15:24:24+08:00,VideoCall·COMPACT Ver.,34,0
2026-08-09T15:24:34+08:00,VideoCall·COMPACT Ver.,34,0
2026-08-09T15:24:45+08:00,VideoCall·COMPACT Ver.,34,0
2026-08-09T15:25:07+08:00,VideoCall·COMPACT Ver.,34,0
2026-08-09T15:25:18+08:00,VideoCall·COMPACT Ver.,34,0
2026-08-09T15:25:28+08:00,VideoCall·COMPACT Ver.,34,0
2026-08-09T15:25:39+08:00,VideoCall·COMPACT Ver.,34,0
2026-08-09T15:25:49+08:00,VideoCall·COMPACT Ver.,34,0
2026-08-09T15:25:59+08:00,VideoCall·COMPACT Ver.,34,0
2026-08-09T15:26:21+08:00,VideoCall·COMPACT Ver.,34,0
2026-08-09T15:26:32+08:00,VideoCall·COMPACT Ver.,34,0
2026-08-09T15:26:42+08:00,VideoCall·COMPACT Ver.,34,0
2026-08-09T15:26:53+08:00,VideoCall·COMPACT Ver.,34,0
2026-08-09T15:27:03+08:00,VideoCall·COMPACT Ver.,34,0
2026-08-09T15:27:13+08:00,VideoCall·COMPACT Ver.,34,0
2026-08-09T15:27:35+08:00,VideoCall·COMPACT Ver.,34,0
2026-08-09T15:27:45+08:00,VideoCall·COMPACT Ver.,34,0
2026-08-09T15:27:55+08:00,VideoCall·COMPACT Ver.,34,0
2026-08-09T15:28:05+08:00,VideoCall·COMPACT Ver.,34,0
2026-08-09T15:28:15+08:00,VideoCall·COMPACT Ver.,34,0
2026-08-09T15:28:25+08:00,VideoCall·COMPACT Ver.,34,0
2026-08-09T15:28:46+08:00,VideoCall·COMPACT Ver.,34,0
2026-08-09T15:28:57+08:00,VideoCall·COMPACT Ver.,34,0
2026-08-09T15:29:07+08:00,VideoCall·COMPACT Ver.,34,0
2026-08-09T15:29:17+08:00,VideoCall·COMPACT Ver.,34,0
2026-08-09T15:29:28+08:00,VideoCall·COMPACT Ver.,34,0
2026-08-09T15:29:38+08:00,VideoCall·COMPACT Ver.,34,0
2026-08-09T15:29:59+08:00,VideoCall·COMPACT Ver.,34,0
2026-08-09T15:30:09+08:00,VideoCall·COMPACT Ver.,34,0
2026-08-09T15:30:20+08:00,VideoCall·COMPACT Ver.,34,0
2026-08-09T15:30:30+08:00,VideoCall·COMPACT Ver.,34,0
2026-08-09T15:30:40+08:00,VideoCall·COMPACT Ver.,34,0
2026-08-09T15:30:50+08:00,VideoCall·COMPACT Ver.,34,0
2026-08-09T15:31:11+08:00,VideoCall·COMPACT Ver.,34,0
2026-08-09T15:31:22+08:00,VideoCall·COMPACT Ver.,34,0
2026-08-09T15:31:32+08:00,VideoCall·COMPACT Ver.,34,0
2026-08-09T15:31:42+08:00,VideoCall·COMPACT Ver.,34,0
2026-08-09T15:31:53+08:00,VideoCall·COMPACT Ver.,34,0
2026-08-09T15:32:03+08:00,VideoCall·COMPACT Ver.,34,0
2026-08-09T15:32:24+08:00,VideoCall·COMPACT Ver.,34,0
2026-08-09T15:32:35+08:00,VideoCall·COMPACT Ver.,34,0
2026-08-09T15:32:46+08:00,VideoCall·COMPACT Ver.,34,0
2026-08-09T15:32:56+08:00,VideoCall·COMPACT Ver.,34,0
2026-08-09T15:33:06+08:00,VideoCall·COMPACT Ver.,34,0
2026-08-09T15:33:17+08:00,VideoCall·COMPACT Ver.,34,0
2026-08-09T15:33:38+08:00,VideoCall·COMPACT Ver.,34,0
2026-08-09T15:33:48+08:00,VideoCall·COMPACT Ver.,34,0
2026-08-09T15:33:58+08:00,VideoCall·COMPACT Ver.,34,0
2026-08-09T15:34:09+08:00,VideoCall·COMPACT Ver.,34,0
2026-08-09T15:34:19+08:00,VideoCall·COMPACT Ver.,34,0
2026-08-09T15:34:29+08:00,VideoCall·COMPACT Ver.,34,0
2026-08-09T15:34:50+08:00,VideoCall·COMPACT Ver.,34,0
2026-08-09T15:35:01+08:00,VideoCall·COMPACT Ver.,34,0
2026-08-09T15:35:11+08:00,VideoCall·COMPACT Ver.,34,0
2026-08-09T15:35:21+08:00,VideoCall·COMPACT Ver.,34,0
2026-08-09T15:35:31+08:00,VideoCall·COMPACT Ver.,34,0
2026-08-09T15:35:42+08:00,VideoCall·COMPACT Ver.,34,0
2026-08-09T15:36:03+08:00,VideoCall·COMPACT Ver.,34,0
2026-08-09T15:36:13+08:00,VideoCall·COMPACT Ver.,34,0
2026-08-09T15:36:24+08:00,VideoCall·COMPACT Ver.,34,0
2026-08-09T15:36:34+08:00,VideoCall·COMPACT Ver.,34,0
2026-08-09T15:36:44+08:00,VideoCall·COMPACT Ver.,34,0
2026-08-09T15:36:54+08:00,VideoCall·COMPACT Ver.,34,0
2026-08-09T15:37:16+08:00,VideoCall·COMPACT Ver.,34,0
2026-08-09T15:37:26+08:00,VideoCall·COMPACT Ver.,34,0
2026-08-09T15:37:36+08:00,VideoCall·COMPACT Ver.,34,0
2026-08-09T15:37:46+08:00,VideoCall·COMPACT Ver.,34,0
2026-08-09T15:37:57+08:00,VideoCall·COMPACT Ver.,34,0
2026-08-09T15:38:07+08:00,VideoCall·COMPACT Ver.,34,0
2026-08-09T15:38:27+08:00,VideoCall·COMPACT Ver.,34,0
2026-08-09T15:38:38+08:00,VideoCall·COMPACT Ver.,34,0
2026-08-09T15:38:48+08:00,VideoCall·COMPACT Ver.,34,0
2026-08-09T15:38:58+08:00,VideoCall·COMPACT Ver.,34,0
2026-08-09T15:39:08+08:00,VideoCall·COMPACT Ver.,34,0
2026-08-09T15:39:18+08:00,VideoCall·COMPACT Ver.,34,0
2026-08-09T15:39:39+08:00,VideoCall·COMPACT Ver.,34,0
2026-08-09T15:39:49+08:00,VideoCall·COMPACT Ver.,34,0
2026-08-09T15:40:00+08:00,VideoCall·COMPACT Ver.,34,0
2026-08-09T15:40:10+08:00,VideoCall·COMPACT Ver.,34,0
2026-08-09T15:40:20+08:00,VideoCall·COMPACT Ver.,34,0
2026-08-09T15:40:31+08:00,VideoCall·COMPACT Ver.,34,0
2026-08-09T15:40:52+08:00,VideoCall·COMPACT Ver.,34,0
2026-08-09T15:41:02+08:00,VideoCall·COMPACT Ver.,34,0
2026-08-09T15:41:13+08:00,VideoCall·COMPACT Ver.,34,0
2026-08-09T15:41:23+08:00,VideoCall·COMPACT Ver.,34,0
2026-08-09T15:41:33+08:00,VideoCall·COMPACT Ver.,34,0
2026-08-09T15:41:43+08:00,VideoCall·COMPACT Ver.,34,0
2026-08-09T15:42:05+08:00,VideoCall·COMPACT Ver.,34,0
2026-08-09T15:42:15+08:00,VideoCall·COMPACT Ver.,34,0
2026-08-09T15:42:25+08:00,VideoCall·COMPACT Ver.,34,0
2026-08-09T15:42:36+08:00,VideoCall·COMPACT Ver.,34,0
2026-08-09T15:42:46+08:00,VideoCall·COMPACT Ver.,34,0
2026-08-09T15:42:56+08:00,VideoCall·COMPACT Ver.,34,0
2026-08-09T15:43:17+08:00,VideoCall·COMPACT Ver.,34,0
2026-08-09T15:43:28+08:00,VideoCall·COMPACT Ver.,34,0
2026-08-09T15:43:38+08:00,VideoCall·COMPACT Ver.,34,0
2026-08-09T15:43:49+08:00,VideoCall·COMPACT Ver.,34,0
2026-08-09T15:43:59+08:00,VideoCall·COMPACT Ver.,34,0
2026-08-09T15:44:09+08:00,VideoCall·COMPACT Ver.,34,0
2026-08-09T15:44:30+08:00,VideoCall·COMPACT Ver.,34,0
2026-08-09T15:44:41+08:00,VideoCall·COMPACT Ver.,34,0
2026-08-09T15:44:51+08:00,VideoCall·COMPACT Ver.,34,0
2026-08-09T15:45:01+08:00,VideoCall·COMPACT Ver.,34,0
2026-08-09T15:45:12+08:00,VideoCall·COMPACT Ver.,34,0
2026-08-09T15:45:22+08:00,VideoCall·COMPACT Ver.,34,0
2026-08-09T15:45:44+08:00,VideoCall·COMPACT Ver.,34,0
2026-08-09T15:45:54+08:00,VideoCall·COMPACT Ver.,34,0
2026-08-09T15:46:05+08:00,VideoCall·COMPACT Ver.,34,0
2026-08-09T15:46:15+08:00,VideoCall·COMPACT Ver.,34,0
2026-08-09T15:46:26+08:00,VideoCall·COMPACT Ver.,34,0
2026-08-09T15:46:36+08:00,VideoCall·COMPACT Ver.,34,0
2026-08-09T15:46:58+08:00,VideoCall·COMPACT Ver.,34,0
2026-08-09T15:47:08+08:00,VideoCall·COMPACT Ver.,34,0
2026-08-09T15:47:18+08:00,VideoCall·COMPACT Ver.,34,0
2026-08-09T15:47:29+08:00,VideoCall·COMPACT Ver.,34,0
2026-08-09T15:47:39+08:00,VideoCall·COMPACT Ver.,34,0
2026-08-09T15:47:49+08:00,VideoCall·COMPACT Ver.,34,0
2026-08-09T15:48:10+08:00,VideoCall·COMPACT Ver.,34,0
2026-08-09T15:48:20+08:00,VideoCall·COMPACT Ver.,34,0
2026-08-09T15:48:31+08:00,VideoCall·COMPACT Ver.,34,0
2026-08-09T15:48:41+08:00,VideoCall·COMPACT Ver.,34,0
2026-08-09T15:48:51+08:00,VideoCall·COMPACT Ver.,34,0
2026-08-09T15:49:01+08:00,VideoCall·COMPACT Ver.,34,0
2026-08-09T15:49:22+08:00,VideoCall·COMPACT Ver.,34,0
2026-08-09T15:49:33+08:00,VideoCall·COMPACT Ver.,34,0
2026-08-09T15:49:43+08:00,VideoCall·COMPACT Ver.,34,0
2026-08-09T15:49:54+08:00,VideoCall·COMPACT Ver.,34,0
2026-08-09T15:50:04+08:00,VideoCall·COMPACT Ver.,34,0
2026-08-09T15:50:15+08:00,VideoCall·COMPACT Ver.,34,0
2026-08-09T15:50:36+08:00,VideoCall·COMPACT Ver.,34,0
2026-08-09T15:50:47+08:00,VideoCall·COMPACT Ver.,34,0
2026-08-09T15:50:57+08:00,VideoCall·COMPACT Ver.,34,0
2026-08-09T15:51:07+08:00,VideoCall·COMPACT Ver.,34,0
2026-08-09T15:51:18+08:00,VideoCall·COMPACT Ver.,34,0
2026-08-09T15:51:28+08:00,VideoCall·COMPACT Ver.,34,0
2026-08-09T15:51:49+08:00,VideoCall·COMPACT Ver.,34,0
2026-08-09T15:51:59+08:00,VideoCall·COMPACT Ver.,34,0
2026-08-09T15:52:09+08:00,VideoCall·COMPACT Ver.,34,0
2026-08-09T15:52:19+08:00,VideoCall·COMPACT Ver.,34,0
2026-08-09T15:52:30+08:00,VideoCall·COMPACT Ver.,34,0
2026-08-09T15:52:40+08:00,VideoCall·COMPACT Ver.,34,0
2026-08-09T15:53:02+08:00,VideoCall·COMPACT Ver.,34,0
2026-08-09T15:53:12+08:00,VideoCall·COMPACT Ver.,34,0
2026-08-09T15:53:22+08:00,VideoCall·COMPACT Ver.,34,0
2026-08-09T15:53:32+08:00,VideoCall·COMPACT Ver.,34,0
2026-08-09T15:53:43+08:00,VideoCall·COMPACT Ver.,34,0
2026-08-09T15:53:53+08:00,VideoCall·COMPACT Ver.,34,0
2026-08-09T15:54:15+08:00,VideoCall·COMPACT Ver.,34,0
2026-08-09T15:54:25+08:00,VideoCall·COMPACT Ver.,34,0
2026-08-09T15:54:36+08:00,VideoCall·COMPACT Ver.,34,0
2026-08-09T15:54:46+08:00,VideoCall·COMPACT Ver.,34,0
2026-08-09T15:54:56+08:00,VideoCall·COMPACT Ver.,34,0
2026-08-09T15:55:06+08:00,VideoCall·COMPACT Ver.,34,0
2026-08-09T15:55:28+08:00,VideoCall·COMPACT Ver.,34,0
2026-08-09T15:55:39+08:00,VideoCall·COMPACT Ver.,34,0
2026-08-09T15:55:49+08:00,VideoCall·COMPACT Ver.,34,0
2026-08-09T15:55:59+08:00,VideoCall·COMPACT Ver.,34,0
2026-08-09T15:56:09+08:00,VideoCall·COMPACT Ver.,34,0
2026-08-09T15:56:20+08:00,VideoCall·COMPACT Ver.,34,0
2026-08-09T15:56:42+08:00,VideoCall·COMPACT Ver.,34,0
2026-08-09T15:56:52+08:00,VideoCall·COMPACT Ver.,34,0
2026-08-09T15:57:02+08:00,VideoCall·COMPACT Ver.,34,0
2026-08-09T15:57:13+08:00,VideoCall·COMPACT Ver.,34,0
2026-08-09T15:57:23+08:00,VideoCall·COMPACT Ver.,34,0
2026-08-09T15:57:33+08:00,VideoCall·COMPACT Ver.,34,0
2026-08-09T15:57:54+08:00,VideoCall·COMPACT Ver.,34,0
2026-08-09T15:58:05+08:00,VideoCall·COMPACT Ver.,34,0
2026-08-09T15:58:15+08:00,VideoCall·COMPACT Ver.,34,0
2026-08-09T15:58:26+08:00,VideoCall·COMPACT Ver.,34,0
2026-08-09T15:58:37+08:00,VideoCall·COMPACT Ver.,34,0
2026-08-09T15:58:47+08:00,VideoCall·COMPACT Ver.,34,0
2026-08-09T15:59:26+08:00,VideoCall·COMPACT Ver.,34,0
2026-08-09T15:59:38+08:00,VideoCall·COMPACT Ver.,34,0
2026-08-09T15:59:48+08:00,VideoCall·COMPACT Ver.,34,0
2026-08-09T15:59:59+08:00,VideoCall·COMPACT Ver.,34,0
2026-08-09T16:00:10+08:00,VideoCall·COMPACT Ver.,34,0
2026-08-09T16:00:20+08:00,VideoCall·COMPACT Ver.,34,0
2026-08-09T16:00:31+08:00,VideoCall·COMPACT Ver.,34,0
2026-08-09T16:00:56+08:00,VideoCall·COMPACT Ver.,34,0
2026-08-09T16:01:06+08:00,VideoCall·COMPACT Ver.,34,0
2026-08-09T16:01:17+08:00,VideoCall·COMPACT Ver.,34,0
2026-08-09T16:01:27+08:00,VideoCall·COMPACT Ver.,34,0
2026-08-09T16:01:37+08:00,VideoCall·COMPACT Ver.,34,0
2026-08-09T16:01:48+08:00,VideoCall·COMPACT Ver.,34,0
2026-08-09T16:02:31+08:00,VideoCall·COMPACT Ver.,34,0
2026-08-09T16:02:42+08:00,VideoCall·COMPACT Ver.,34,0
2026-08-09T16:02:52+08:00,VideoCall·COMPACT Ver.,34,0
2026-08-09T16:03:03+08:00,VideoCall·COMPACT Ver.,34,0
2026-08-09T16:03:13+08:00,VideoCall·COMPACT Ver.,34,0
2026-08-09T16:03:24+08:00,VideoCall·COMPACT Ver.,34,0
2026-08-09T16:03:35+08:00,VideoCall·COMPACT Ver.,34,0
2026-08-09T16:03:59+08:00,VideoCall·COMPACT Ver.,34,0
2026-08-09T16:04:09+08:00,VideoCall·COMPACT Ver.,34,0
2026-08-09T16:04:20+08:00,VideoCall·COMPACT Ver.,34,0
2026-08-09T16:04:30+08:00,VideoCall·COMPACT Ver.,34,0
2026-08-09T16:04:41+08:00,VideoCall·COMPACT Ver.,34,0
2026-08-09T16:04:52+08:00,VideoCall·COMPACT Ver.,34,0
2026-08-09T16:05:15+08:00,VideoCall·COMPACT Ver.,34,0
2026-08-09T16:05:26+08:00,VideoCall·COMPACT Ver.,34,0
2026-08-09T16:05:36+08:00,VideoCall·COMPACT Ver.,34,0
2026-08-09T16:05:47+08:00,VideoCall·COMPACT Ver.,34,0
2026-08-09T16:05:57+08:00,VideoCall·COMPACT Ver.,34,0
2026-08-09T16:06:07+08:00,VideoCall·COMPACT Ver.,34,0
2026-08-09T16:06:32+08:00,VideoCall·COMPACT Ver.,34,0
2026-08-09T16:06:42+08:00,VideoCall·COMPACT Ver.,34,0
2026-08-09T16:06:52+08:00,VideoCall·COMPACT Ver.,34,0
2026-08-09T16:07:03+08:00,VideoCall·COMPACT Ver.,34,0
2026-08-09T16:07:14+08:00,VideoCall·COMPACT Ver.,34,0
2026-08-09T16:07:24+08:00,VideoCall·COMPACT Ver.,34,0
2026-08-09T16:07:48+08:00,VideoCall·COMPACT Ver.,34,0
2026-08-09T16:07:59+08:00,VideoCall·COMPACT Ver.,34,0
2026-08-09T16:08:09+08:00,VideoCall·COMPACT Ver.,34,0
2026-08-09T16:08:20+08:00,VideoCall·COMPACT Ver.,34,0
2026-08-09T16:08:30+08:00,VideoCall·COMPACT Ver.,34,0
2026-08-09T16:08:41+08:00,VideoCall·COMPACT Ver.,34,0
2026-08-09T16:09:04+08:00,VideoCall·COMPACT Ver.,34,0
2026-08-09T16:09:14+08:00,VideoCall·COMPACT Ver.,34,0
2026-08-09T16:09:25+08:00,VideoCall·COMPACT Ver.,34,0
2026-08-09T16:09:35+08:00,VideoCall·COMPACT Ver.,34,0
2026-08-09T16:09:46+08:00,VideoCall·COMPACT Ver.,34,0
2026-08-09T16:09:57+08:00,VideoCall·COMPACT Ver.,34,0
2026-08-09T16:10:20+08:00,VideoCall·COMPACT Ver.,34,0
2026-08-09T16:10:30+08:00,VideoCall·COMPACT Ver.,34,0
2026-08-09T16:10:41+08:00,VideoCall·COMPACT Ver.,34,0
2026-08-09T16:10:51+08:00,VideoCall·COMPACT Ver.,34,0
2026-08-09T16:11:01+08:00,VideoCall·COMPACT Ver.,34,0
2026-08-09T16:11:12+08:00,VideoCall·COMPACT Ver.,34,0
2026-08-09T16:11:36+08:00,VideoCall·COMPACT Ver.,34,0
2026-08-09T16:11:46+08:00,VideoCall·COMPACT Ver.,34,0
2026-08-09T16:11:57+08:00,VideoCall·COMPACT Ver.,34,0
2026-08-09T16:12:07+08:00,VideoCall·COMPACT Ver.,34,0
2026-08-09T16:12:18+08:00,VideoCall·COMPACT Ver.,34,0
2026-08-09T16:12:28+08:00,VideoCall·COMPACT Ver.,34,0
2026-08-09T16:12:51+08:00,VideoCall·COMPACT Ver.,34,0
2026-08-09T16:13:02+08:00,VideoCall·COMPACT Ver.,34,0
2026-08-09T16:13:13+08:00,VideoCall·COMPACT Ver.,34,0
2026-08-09T16:13:23+08:00,VideoCall·COMPACT Ver.,34,0
2026-08-09T16:13:34+08:00,VideoCall·COMPACT Ver.,34,0
2026-08-09T16:13:44+08:00,VideoCall·COMPACT Ver.,34,0
2026-08-09T16:14:07+08:00,VideoCall·COMPACT Ver.,34,0
2026-08-09T16:14:18+08:00,VideoCall·COMPACT Ver.,34,0
2026-08-09T16:14:29+08:00,VideoCall·COMPACT Ver.,34,0
2026-08-09T16:14:40+08:00,VideoCall·COMPACT Ver.,34,0
2026-08-09T16:14:50+08:00,VideoCall·COMPACT Ver.,34,0
2026-08-09T16:15:01+08:00,VideoCall·COMPACT Ver.,34,0
2026-08-09T16:15:23+08:00,VideoCall·COMPACT Ver.,34,0
2026-08-09T16:15:34+08:00,VideoCall·COMPACT Ver.,34,0
2026-08-09T16:15:44+08:00,VideoCall·COMPACT Ver.,34,0
2026-08-09T16:15:55+08:00,VideoCall·COMPACT Ver.,34,0
2026-08-09T16:16:05+08:00,VideoCall·COMPACT Ver.,34,0
2026-08-09T16:16:16+08:00,VideoCall·COMPACT Ver.,34,0
2026-08-09T16:16:39+08:00,VideoCall·COMPACT Ver.,34,0
2026-08-09T16:16:50+08:00,VideoCall·COMPACT Ver.,34,0
2026-08-09T16:17:00+08:00,VideoCall·COMPACT Ver.,34,0
2026-08-09T16:17:11+08:00,VideoCall·COMPACT Ver.,34,0
2026-08-09T16:17:21+08:00,VideoCall·COMPACT Ver.,34,0
2026-08-09T16:17:31+08:00,VideoCall·COMPACT Ver.,34,0
2026-08-09T16:17:55+08:00,VideoCall·COMPACT Ver.,34,0
2026-08-09T16:18:05+08:00,VideoCall·COMPACT Ver.,34,0
2026-08-09T16:18:15+08:00,VideoCall·COMPACT Ver.,34,0
2026-08-09T16:18:26+08:00,VideoCall·COMPACT Ver.,34,0
2026-08-09T16:18:37+08:00,VideoCall·COMPACT Ver.,34,0
2026-08-09T16:18:48+08:00,VideoCall·COMPACT Ver.,34,0
2026-08-09T16:19:11+08:00,VideoCall·COMPACT Ver.,34,0
2026-08-09T16:19:22+08:00,VideoCall·COMPACT Ver.,34,0
2026-08-09T16:19:32+08:00,VideoCall·COMPACT Ver.,34,0
2026-08-09T16:19:43+08:00,VideoCall·COMPACT Ver.,34,0
2026-08-09T16:19:54+08:00,VideoCall·COMPACT Ver.,34,0
2026-08-09T16:20:04+08:00,VideoCall·COMPACT Ver.,34,0
2026-08-09T16:20:27+08:00,VideoCall·COMPACT Ver.,34,0
2026-08-09T16:20:37+08:00,VideoCall·COMPACT Ver.,34,0
2026-08-09T16:20:48+08:00,VideoCall·COMPACT Ver.,34,0
2026-08-09T16:20:59+08:00,VideoCall·COMPACT Ver.,34,0
2026-08-09T16:21:09+08:00,VideoCall·COMPACT Ver.,34,0
2026-08-09T16:21:20+08:00,VideoCall·COMPACT Ver.,34,0
2026-08-09T16:21:45+08:00,VideoCall·COMPACT Ver.,34,0
2026-08-09T16:21:55+08:00,VideoCall·COMPACT Ver.,34,0
2026-08-09T16:22:06+08:00,VideoCall·COMPACT Ver.,34,0
2026-08-09T16:22:17+08:00,VideoCall·COMPACT Ver.,34,0
2026-08-09T16:22:27+08:00,VideoCall·COMPACT Ver.,34,0
2026-08-09T16:22:38+08:00,VideoCall·COMPACT Ver.,34,0
2026-08-09T16:23:01+08:00,VideoCall·COMPACT Ver.,34,0
2026-08-09T16:23:11+08:00,VideoCall·COMPACT Ver.,34,0
2026-08-09T16:23:22+08:00,VideoCall·COMPACT Ver.,34,0
2026-08-09T16:23:33+08:00,VideoCall·COMPACT Ver.,34,0
2026-08-09T16:23:43+08:00,VideoCall·COMPACT Ver.,34,0
2026-08-09T16:23:54+08:00,VideoCall·COMPACT Ver.,34,0
2026-08-09T16:24:17+08:00,VideoCall·COMPACT Ver.,34,0
2026-08-09T16:24:28+08:00,VideoCall·COMPACT Ver.,34,0
2026-08-09T16:24:38+08:00,VideoCall·COMPACT Ver.,34,0
2026-08-09T16:24:49+08:00,VideoCall·COMPACT Ver.,34,0
2026-08-09T16:24:59+08:00,VideoCall·COMPACT Ver.,34,0
2026-08-09T16:25:10+08:00,VideoCall·COMPACT Ver.,34,0
2026-08-09T16:25:33+08:00,VideoCall·COMPACT Ver.,34,0
2026-08-09T16:25:44+08:00,VideoCall·COMPACT Ver.,34,0
2026-08-09T16:25:54+08:00,VideoCall·COMPACT Ver.,34,0
2026-08-09T16:26:04+08:00,VideoCall·COMPACT Ver.,34,0
2026-08-09T16:26:15+08:00,VideoCall·COMPACT Ver.,34,0
2026-08-09T16:26:26+08:00,VideoCall·COMPACT Ver.,34,0
2026-08-09T16:26:49+08:00,VideoCall·COMPACT Ver.,34,0
2026-08-09T16:26:59+08:00,VideoCall·COMPACT Ver.,34,0
2026-08-09T16:27:10+08:00,VideoCall·COMPACT Ver.,34,0
2026-08-09T16:27:20+08:00,VideoCall·COMPACT Ver.,34,0
2026-08-09T16:27:31+08:00,VideoCall·COMPACT Ver.,34,0
2026-08-09T16:27:42+08:00,VideoCall·COMPACT Ver.,34,0
2026-08-09T16:28:05+08:00,VideoCall·COMPACT Ver.,34,0
2026-08-09T16:28:16+08:00,VideoCall·COMPACT Ver.,34,0
2026-08-09T16:28:26+08:00,VideoCall·COMPACT Ver.,34,0
2026-08-09T16:28:37+08:00,VideoCall·COMPACT Ver.,34,0
2026-08-09T16:28:47+08:00,VideoCall·COMPACT Ver.,34,0
2026-08-09T16:28:58+08:00,VideoCall·COMPACT Ver.,34,0
2026-08-09T16:29:22+08:00,VideoCall·COMPACT Ver.,34,0
2026-08-09T16:29:32+08:00,VideoCall·COMPACT Ver.,34,0
2026-08-09T16:29:43+08:00,VideoCall·COMPACT Ver.,34,0
2026-08-09T16:29:54+08:00,VideoCall·COMPACT Ver.,34,0
2026-08-09T16:30:04+08:00,VideoCall·COMPACT Ver.,34,0
2026-08-09T16:30:15+08:00,VideoCall·COMPACT Ver.,34,0
2026-08-09T16:30:37+08:00,VideoCall·COMPACT Ver.,34,0
2026-08-09T16:30:48+08:00,VideoCall·COMPACT Ver.,34,0
2026-08-09T16:30:59+08:00,VideoCall·COMPACT Ver.,34,0
2026-08-09T16:31:09+08:00,VideoCall·COMPACT Ver.,34,0
2026-08-09T16:31:20+08:00,VideoCall·COMPACT Ver.,34,0
2026-08-09T16:31:30+08:00,VideoCall·COMPACT Ver.,34,0
2026-08-09T16:31:53+08:00,VideoCall·COMPACT Ver.,34,0
2026-08-09T16:32:04+08:00,VideoCall·COMPACT Ver.,34,0
2026-08-09T16:32:14+08:00,VideoCall·COMPACT Ver.,34,0
2026-08-09T16:32:25+08:00,VideoCall·COMPACT Ver.,34,0
2026-08-09T16:32:35+08:00,VideoCall·COMPACT Ver.,34,0
2026-08-09T16:32:46+08:00,VideoCall·COMPACT Ver.,34,0
2026-08-09T16:33:10+08:00,VideoCall·COMPACT Ver.,34,0
2026-08-09T16:33:20+08:00,VideoCall·COMPACT Ver.,34,0
2026-08-09T16:33:31+08:00,VideoCall·COMPACT Ver.,34,0
2026-08-09T16:33:41+08:00,VideoCall·COMPACT Ver.,34,0
2026-08-09T16:33:52+08:00,VideoCall·COMPACT Ver.,34,0
2026-08-09T16:34:02+08:00,VideoCall·COMPACT Ver.,34,0
2026-08-09T16:34:26+08:00,VideoCall·COMPACT Ver.,34,0
2026-08-09T16:34:37+08:00,VideoCall·COMPACT Ver.,34,0
2026-08-09T16:34:47+08:00,VideoCall·COMPACT Ver.,34,0
2026-08-09T16:34:58+08:00,VideoCall·COMPACT Ver.,34,0
2026-08-09T16:35:08+08:00,VideoCall·COMPACT Ver.,34,0
2026-08-09T16:35:19+08:00,VideoCall·COMPACT Ver.,34,0
2026-08-09T16:35:42+08:00,VideoCall·COMPACT Ver.,34,0
2026-08-09T16:35:53+08:00,VideoCall·COMPACT Ver.,34,0
2026-08-09T16:36:03+08:00,VideoCall·COMPACT Ver.,34,0
2026-08-09T16:36:14+08:00,VideoCall·COMPACT Ver.,34,0
2026-08-09T16:36:25+08:00,VideoCall·COMPACT Ver.,34,0
2026-08-09T16:36:35+08:00,VideoCall·COMPACT Ver.,34,0
2026-08-09T16:36:59+08:00,VideoCall·COMPACT Ver.,34,0
2026-08-09T16:37:10+08:00,VideoCall·COMPACT Ver.,34,0
2026-08-09T16:37:20+08:00,VideoCall·COMPACT Ver.,34,0
2026-08-09T16:37:31+08:00,VideoCall·COMPACT Ver.,34,0
2026-08-09T16:37:42+08:00,VideoCall·COMPACT Ver.,34,0
2026-08-09T16:37:52+08:00,VideoCall·COMPACT Ver.,34,0
2026-08-09T16:38:15+08:00,VideoCall·COMPACT Ver.,34,0
2026-08-09T16:38:26+08:00,VideoCall·COMPACT Ver.,34,0
2026-08-09T16:38:36+08:00,VideoCall·COMPACT Ver.,34,0
2026-08-09T16:38:47+08:00,VideoCall·COMPACT Ver.,34,0
2026-08-09T16:38:58+08:00,VideoCall·COMPACT Ver.,34,0
2026-08-09T16:39:08+08:00,VideoCall·COMPACT Ver.,34,0
2026-08-09T16:39:31+08:00,VideoCall·COMPACT Ver.,34,0
2026-08-09T16:39:42+08:00,VideoCall·COMPACT Ver.,34,0
2026-08-09T16:39:53+08:00,VideoCall·COMPACT Ver.,34,0
2026-08-09T16:40:04+08:00,VideoCall·COMPACT Ver.,34,0
2026-08-09T16:40:14+08:00,VideoCall·COMPACT Ver.,34,0
2026-08-09T16:40:25+08:00,VideoCall·COMPACT Ver.,34,0
2026-08-09T16:40:48+08:00,VideoCall·COMPACT Ver.,34,0
2026-08-09T16:40:59+08:00,VideoCall·COMPACT Ver.,34,0
2026-08-09T16:41:10+08:00,VideoCall·COMPACT Ver.,34,0
2026-08-09T16:41:20+08:00,VideoCall·COMPACT Ver.,34,0
2026-08-09T16:41:31+08:00,VideoCall·COMPACT Ver.,34,0
2026-08-09T16:41:41+08:00,VideoCall·COMPACT Ver.,34,0
2026-08-09T16:42:04+08:00,VideoCall·COMPACT Ver.,34,0
2026-08-09T16:42:14+08:00,VideoCall·COMPACT Ver.,34,0
2026-08-09T16:42:25+08:00,VideoCall·COMPACT Ver.,34,0
2026-08-09T16:42:35+08:00,VideoCall·COMPACT Ver.,34,0
2026-08-09T16:42:46+08:00,VideoCall·COMPACT Ver.,34,0
2026-08-09T16:42:56+08:00,VideoCall·COMPACT Ver.,34,0
2026-08-09T16:43:20+08:00,VideoCall·COMPACT Ver.,34,0
2026-08-09T16:43:31+08:00,VideoCall·COMPACT Ver.,34,0
2026-08-09T16:43:41+08:00,VideoCall·COMPACT Ver.,34,0
2026-08-09T16:43:52+08:00,VideoCall·COMPACT Ver.,34,0
2026-08-09T16:44:02+08:00,VideoCall·COMPACT Ver.,34,0
2026-08-09T16:44:13+08:00,VideoCall·COMPACT Ver.,34,0
2026-08-09T16:44:36+08:00,VideoCall·COMPACT Ver.,34,0
2026-08-09T16:44:47+08:00,VideoCall·COMPACT Ver.,34,0
2026-08-09T16:44:58+08:00,VideoCall·COMPACT Ver.,34,0
2026-08-09T16:45:08+08:00,VideoCall·COMPACT Ver.,34,0
2026-08-09T16:45:19+08:00,VideoCall·COMPACT Ver.,34,0
2026-08-09T16:45:29+08:00,VideoCall·COMPACT Ver.,34,0
2026-08-09T16:45:53+08:00,VideoCall·COMPACT Ver.,34,0
2026-08-09T16:46:03+08:00,VideoCall·COMPACT Ver.,34,0
2026-08-09T16:46:14+08:00,VideoCall·COMPACT Ver.,34,0
2026-08-09T16:46:24+08:00,VideoCall·COMPACT Ver.,34,0
2026-08-09T16:46:35+08:00,VideoCall·COMPACT Ver.,34,0
2026-08-09T16:46:45+08:00,VideoCall·COMPACT Ver.,34,0
2026-08-09T16:47:07+08:00,VideoCall·COMPACT Ver.,34,0
2026-08-09T16:47:18+08:00,VideoCall·COMPACT Ver.,34,0
2026-08-09T16:47:29+08:00,VideoCall·COMPACT Ver.,34,0
2026-08-09T16:47:40+08:00,VideoCall·COMPACT Ver.,34,0
2026-08-09T16:47:50+08:00,VideoCall·COMPACT Ver.,34,0
2026-08-09T16:48:01+08:00,VideoCall·COMPACT Ver.,34,0
2026-08-09T16:48:24+08:00,VideoCall·COMPACT Ver.,34,0
2026-08-09T16:48:34+08:00,VideoCall·COMPACT Ver.,34,0
2026-08-09T16:48:45+08:00,VideoCall·COMPACT Ver.,34,0
2026-08-09T16:48:55+08:00,VideoCall·COMPACT Ver.,34,0
2026-08-09T16:49:06+08:00,VideoCall·COMPACT Ver.,34,0
2026-08-09T16:49:17+08:00,VideoCall·COMPACT Ver.,34,0
2026-08-09T16:49:39+08:00,VideoCall·COMPACT Ver.,34,0
2026-08-09T16:49:50+08:00,VideoCall·COMPACT Ver.,34,0
2026-08-09T16:50:01+08:00,VideoCall·COMPACT Ver.,34,0
2026-08-09T16:50:12+08:00,VideoCall·COMPACT Ver.,34,0
2026-08-09T16:50:22+08:00,VideoCall·COMPACT Ver.,34,0
2026-08-09T16:50:33+08:00,VideoCall·COMPACT Ver.,34,0
2026-08-09T16:50:57+08:00,VideoCall·COMPACT Ver.,34,0
2026-08-09T16:51:07+08:00,VideoCall·COMPACT Ver.,34,0
2026-08-09T16:51:18+08:00,VideoCall·COMPACT Ver.,34,0
2026-08-09T16:51:29+08:00,VideoCall·COMPACT Ver.,34,0
2026-08-09T16:51:39+08:00,VideoCall·COMPACT Ver.,34,0
2026-08-09T16:51:50+08:00,VideoCall·COMPACT Ver.,34,0
2026-08-09T16:52:12+08:00,VideoCall·COMPACT Ver.,34,0
2026-08-09T16:52:23+08:00,VideoCall·COMPACT Ver.,34,0
2026-08-09T16:52:47+08:00,VideoCall·COMPACT Ver.,34,0
2026-08-09T16:52:57+08:00,VideoCall·COMPACT Ver.,34,0
2026-08-09T16:53:08+08:00,VideoCall·COMPACT Ver.,34,0
2026-08-09T16:53:18+08:00,VideoCall·COMPACT Ver.,34,0
2026-08-09T16:53:29+08:00,VideoCall·COMPACT Ver.,34,0
2026-08-09T16:53:40+08:00,VideoCall·COMPACT Ver.,34,0
2026-08-09T16:53:50+08:00,VideoCall·COMPACT Ver.,34,0
2026-08-09T16:54:14+08:00,VideoCall·COMPACT Ver.,34,0
2026-08-09T16:54:25+08:00,VideoCall·COMPACT Ver.,34,0
2026-08-09T16:54:35+08:00,VideoCall·COMPACT Ver.,34,0
2026-08-09T16:54:46+08:00,VideoCall·COMPACT Ver.,34,0
2026-08-09T16:54:56+08:00,VideoCall·COMPACT Ver.,34,0
2026-08-09T16:55:07+08:00,VideoCall·COMPACT Ver.,34,0
2026-08-09T16:55:32+08:00,VideoCall·COMPACT Ver.,34,0
2026-08-09T16:55:42+08:00,VideoCall·COMPACT Ver.,34,0
2026-08-09T16:55:53+08:00,VideoCall·COMPACT Ver.,34,0
2026-08-09T16:56:03+08:00,VideoCall·COMPACT Ver.,34,0
2026-08-09T16:56:13+08:00,VideoCall·COMPACT Ver.,34,0
2026-08-09T16:56:24+08:00,VideoCall·COMPACT Ver.,34,0
2026-08-09T16:56:48+08:00,VideoCall·COMPACT Ver.,34,0
2026-08-09T16:56:59+08:00,VideoCall·COMPACT Ver.,34,0
2026-08-09T16:57:10+08:00,VideoCall·COMPACT Ver.,34,0
2026-08-09T16:57:20+08:00,VideoCall·COMPACT Ver.,34,0
2026-08-09T16:57:31+08:00,VideoCall·COMPACT Ver.,34,0
2026-08-09T16:57:41+08:00,VideoCall·COMPACT Ver.,34,0
2026-08-09T16:58:06+08:00,VideoCall·COMPACT Ver.,34,0
2026-08-09T16:58:16+08:00,VideoCall·COMPACT Ver.,34,0
2026-08-09T16:58:27+08:00,VideoCall·COMPACT Ver.,34,0
2026-08-09T16:58:37+08:00,VideoCall·COMPACT Ver.,34,0
2026-08-09T16:58:48+08:00,VideoCall·COMPACT Ver.,34,0
2026-08-09T16:58:58+08:00,VideoCall·COMPACT Ver.,34,0
2026-08-09T16:59:22+08:00,VideoCall·COMPACT Ver.,34,0
2026-08-09T16:59:33+08:00,VideoCall·COMPACT Ver.,34,0
2026-08-09T16:59:43+08:00,VideoCall·COMPACT Ver.,34,0
2026-08-09T16:59:54+08:00,VideoCall·COMPACT Ver.,34,0
2026-08-09T17:00:05+08:00,VideoCall·COMPACT Ver.,34,0
2026-08-09T17:00:16+08:00,VideoCall·COMPACT Ver.,34,0
2026-08-09T17:00:40+08:00,VideoCall·COMPACT Ver.,34,0
2026-08-09T17:00:50+08:00,VideoCall·COMPACT Ver.,34,0
2026-08-09T17:01:01+08:00,VideoCall·COMPACT Ver.,34,0
2026-08-09T17:01:11+08:00,VideoCall·COMPACT Ver.,34,0
2026-08-09T17:01:22+08:00,VideoCall·COMPACT Ver.,34,0
2026-08-09T17:01:32+08:00,VideoCall·COMPACT Ver.,34,0
2026-08-09T17:01:57+08:00,VideoCall·COMPACT Ver.,34,0
2026-08-09T17:02:09+08:00,VideoCall·COMPACT Ver.,34,0
2026-08-09T17:02:19+08:00,VideoCall·COMPACT Ver.,34,0
2026-08-09T17:02:29+08:00,VideoCall·COMPACT Ver.,34,0
2026-08-09T17:02:40+08:00,VideoCall·COMPACT Ver.,34,0
2026-08-09T17:02:51+08:00,VideoCall·COMPACT Ver.,34,0
2026-08-09T17:03:36+08:00,VideoCall·COMPACT Ver.,34,0
2026-08-09T17:03:47+08:00,VideoCall·COMPACT Ver.,34,0
2026-08-09T17:03:58+08:00,VideoCall·COMPACT Ver.,34,0
2026-08-09T17:04:08+08:00,VideoCall·COMPACT Ver.,34,0
2026-08-09T17:04:18+08:00,VideoCall·COMPACT Ver.,34,0
2026-08-09T17:04:28+08:00,VideoCall·COMPACT Ver.,34,0
2026-08-09T17:04:39+08:00,VideoCall·COMPACT Ver.,34,0
2026-08-09T17:05:00+08:00,VideoCall·COMPACT Ver.,34,0
2026-08-09T17:05:10+08:00,VideoCall·COMPACT Ver.,34,0
2026-08-09T17:05:20+08:00,VideoCall·COMPACT Ver.,34,0
2026-08-09T17:05:31+08:00,VideoCall·COMPACT Ver.,34,0
2026-08-09T17:05:41+08:00,VideoCall·COMPACT Ver.,34,0
2026-08-09T17:05:51+08:00,VideoCall·COMPACT Ver.,34,0
2026-08-09T17:06:13+08:00,VideoCall·COMPACT Ver.,34,0
2026-08-09T17:06:23+08:00,VideoCall·COMPACT Ver.,34,0
2026-08-09T17:06:33+08:00,VideoCall·COMPACT Ver.,34,0
2026-08-09T17:06:44+08:00,VideoCall·COMPACT Ver.,34,0
2026-08-09T17:06:54+08:00,VideoCall·COMPACT Ver.,34,0
2026-08-09T17:07:04+08:00,VideoCall·COMPACT Ver.,34,0
2026-08-09T17:07:26+08:00,VideoCall·COMPACT Ver.,34,0
2026-08-09T17:07:36+08:00,VideoCall·COMPACT Ver.,34,0
2026-08-09T17:07:46+08:00,VideoCall·COMPACT Ver.,34,0
2026-08-09T17:07:56+08:00,VideoCall·COMPACT Ver.,34,0
2026-08-09T17:08:07+08:00,VideoCall·COMPACT Ver.,34,0
2026-08-09T17:08:17+08:00,VideoCall·COMPACT Ver.,34,0
2026-08-09T17:08:39+08:00,VideoCall·COMPACT Ver.,34,0
2026-08-09T17:08:49+08:00,VideoCall·COMPACT Ver.,34,0
2026-08-09T17:08:59+08:00,VideoCall·COMPACT Ver.,34,0
2026-08-09T17:09:10+08:00,VideoCall·COMPACT Ver.,34,0
2026-08-09T17:09:20+08:00,VideoCall·COMPACT Ver.,34,0
2026-08-09T17:09:30+08:00,VideoCall·COMPACT Ver.,34,0
2026-08-09T17:09:52+08:00,VideoCall·COMPACT Ver.,34,0
2026-08-09T17:10:02+08:00,VideoCall·COMPACT Ver.,34,0
2026-08-09T17:10:13+08:00,VideoCall·COMPACT Ver.,34,0
2026-08-09T17:10:23+08:00,VideoCall·COMPACT Ver.,34,0
2026-08-09T17:10:33+08:00,VideoCall·COMPACT Ver.,34,0
2026-08-09T17:10:44+08:00,VideoCall·COMPACT Ver.,34,0
2026-08-09T17:11:05+08:00,VideoCall·COMPACT Ver.,34,0
2026-08-09T17:11:15+08:00,VideoCall·COMPACT Ver.,34,0
2026-08-09T17:11:25+08:00,VideoCall·COMPACT Ver.,34,0
2026-08-09T17:11:35+08:00,VideoCall·COMPACT Ver.,34,0
2026-08-09T17:11:45+08:00,VideoCall·COMPACT Ver.,34,0
2026-08-09T17:11:55+08:00,VideoCall·COMPACT Ver.,34,0
2026-08-09T17:12:18+08:00,VideoCall·COMPACT Ver.,34,0
2026-08-09T17:12:28+08:00,VideoCall·COMPACT Ver.,34,0
2026-08-09T17:12:38+08:00,VideoCall·COMPACT Ver.,34,0
2026-08-09T17:12:49+08:00,VideoCall·COMPACT Ver.,34,0
2026-08-09T17:12:59+08:00,VideoCall·COMPACT Ver.,34,0
2026-08-09T17:13:09+08:00,VideoCall·COMPACT Ver.,34,0
2026-08-09T17:13:30+08:00,VideoCall·COMPACT Ver.,34,0
2026-08-09T17:13:40+08:00,VideoCall·COMPACT Ver.,34,0
2026-08-09T17:13:50+08:00,VideoCall·COMPACT Ver.,34,0
2026-08-09T17:14:00+08:00,VideoCall·COMPACT Ver.,34,0
2026-08-09T17:14:11+08:00,VideoCall·COMPACT Ver.,34,0
2026-08-09T17:14:21+08:00,VideoCall·COMPACT Ver.,34,0
2026-08-09T17:14:43+08:00,VideoCall·COMPACT Ver.,34,0
2026-08-09T17:14:53+08:00,VideoCall·COMPACT Ver.,34,0
2026-08-09T17:15:04+08:00,VideoCall·COMPACT Ver.,34,0
2026-08-09T17:15:14+08:00,VideoCall·COMPACT Ver.,34,0
2026-08-09T17:15:24+08:00,VideoCall·COMPACT Ver.,34,0
2026-08-09T17:15:34+08:00,VideoCall·COMPACT Ver.,34,0
2026-08-09T17:15:55+08:00,VideoCall·COMPACT Ver.,34,0
2026-08-09T17:16:05+08:00,VideoCall·COMPACT Ver.,34,0
2026-08-09T17:16:15+08:00,VideoCall·COMPACT Ver.,34,0
2026-08-09T17:16:25+08:00,VideoCall·COMPACT Ver.,34,0
2026-08-09T17:16:35+08:00,VideoCall·COMPACT Ver.,34,0
2026-08-09T17:16:46+08:00,VideoCall·COMPACT Ver.,34,0
2026-08-09T17:17:08+08:00,VideoCall·COMPACT Ver.,34,0
2026-08-09T17:17:19+08:00,VideoCall·COMPACT Ver.,34,0
2026-08-09T17:17:29+08:00,VideoCall·COMPACT Ver.,34,0
2026-08-09T17:17:39+08:00,VideoCall·COMPACT Ver.,34,0
2026-08-09T17:17:50+08:00,VideoCall·COMPACT Ver.,34,0
2026-08-09T17:18:00+08:00,VideoCall·COMPACT Ver.,34,0
2026-08-09T17:18:21+08:00,VideoCall·COMPACT Ver.,34,0
2026-08-09T17:18:31+08:00,VideoCall·COMPACT Ver.,34,0
2026-08-09T17:18:41+08:00,VideoCall·COMPACT Ver.,34,0
2026-08-09T17:18:52+08:00,VideoCall·COMPACT Ver.,34,0
2026-08-09T17:19:02+08:00,VideoCall·COMPACT Ver.,34,0
2026-08-09T17:19:12+08:00,VideoCall·COMPACT Ver.,34,0
2026-08-09T17:19:33+08:00,VideoCall·COMPACT Ver.,34,0
2026-08-09T17:19:43+08:00,VideoCall·COMPACT Ver.,34,0
2026-08-09T17:19:54+08:00,VideoCall·COMPACT Ver.,34,0
2026-08-09T17:20:04+08:00,VideoCall·COMPACT Ver.,34,0
2026-08-09T17:20:14+08:00,VideoCall·COMPACT Ver.,34,0
2026-08-09T17:20:25+08:00,VideoCall·COMPACT Ver.,34,0
2026-08-09T17:20:46+08:00,VideoCall·COMPACT Ver.,34,0
2026-08-09T17:20:56+08:00,VideoCall·COMPACT Ver.,34,0
2026-08-09T17:21:06+08:00,VideoCall·COMPACT Ver.,34,0
2026-08-09T17:21:16+08:00,VideoCall·COMPACT Ver.,34,0
2026-08-09T17:21:26+08:00,VideoCall·COMPACT Ver.,34,0
2026-08-09T17:21:37+08:00,VideoCall·COMPACT Ver.,34,0
2026-08-09T17:22:00+08:00,VideoCall·COMPACT Ver.,34,0
2026-08-09T17:22:10+08:00,VideoCall·COMPACT Ver.,34,0
2026-08-09T17:22:20+08:00,VideoCall·COMPACT Ver.,34,0
2026-08-09T17:22:30+08:00,VideoCall·COMPACT Ver.,34,0
2026-08-09T17:22:41+08:00,VideoCall·COMPACT Ver.,34,0
2026-08-09T17:22:51+08:00,VideoCall·COMPACT Ver.,34,0
2026-08-09T17:23:13+08:00,VideoCall·COMPACT Ver.,34,0
2026-08-09T17:23:23+08:00,VideoCall·COMPACT Ver.,34,0
2026-08-09T17:23:33+08:00,VideoCall·COMPACT Ver.,34,0
2026-08-09T17:23:43+08:00,VideoCall·COMPACT Ver.,34,0
2026-08-09T17:23:54+08:00,VideoCall·COMPACT Ver.,34,0
2026-08-09T17:24:04+08:00,VideoCall·COMPACT Ver.,34,0
2026-08-09T17:24:25+08:00,VideoCall·COMPACT Ver.,34,0
2026-08-09T17:24:35+08:00,VideoCall·COMPACT Ver.,34,0
2026-08-09T17:24:45+08:00,VideoCall·COMPACT Ver.,34,0
2026-08-09T17:25:00+08:00,VideoCall·COMPACT Ver.,34,0
2026-08-09T17:25:10+08:00,VideoCall·COMPACT Ver.,34,0
2026-08-09T17:25:20+08:00,VideoCall·COMPACT Ver.,34,0
2026-08-09T17:25:42+08:00,VideoCall·COMPACT Ver.,34,0
2026-08-09T17:25:52+08:00,VideoCall·COMPACT Ver.,34,0
2026-08-09T17:26:02+08:00,VideoCall·COMPACT Ver.,34,0
2026-08-09T17:26:12+08:00,VideoCall·COMPACT Ver.,34,0
2026-08-09T17:26:22+08:00,VideoCall·COMPACT Ver.,34,0
2026-08-09T17:26:33+08:00,VideoCall·COMPACT Ver.,34,0
2026-08-09T17:26:54+08:00,VideoCall·COMPACT Ver.,34,0
2026-08-09T17:27:05+08:00,VideoCall·COMPACT Ver.,34,0
2026-08-09T17:27:15+08:00,VideoCall·COMPACT Ver.,34,0
2026-08-09T17:27:26+08:00,VideoCall·COMPACT Ver.,34,0
2026-08-09T17:27:36+08:00,VideoCall·COMPACT Ver.,34,0
2026-08-09T17:27:46+08:00,VideoCall·COMPACT Ver.,34,0
2026-08-09T17:28:07+08:00,VideoCall·COMPACT Ver.,34,0
2026-08-09T17:28:17+08:00,VideoCall·COMPACT Ver.,34,0
2026-08-09T17:28:28+08:00,VideoCall·COMPACT Ver.,34,0
2026-08-09T17:28:38+08:00,VideoCall·COMPACT Ver.,34,0
2026-08-09T17:28:48+08:00,VideoCall·COMPACT Ver.,34,0
2026-08-09T17:28:58+08:00,VideoCall·COMPACT Ver.,34,0
2026-08-09T17:29:20+08:00,VideoCall·COMPACT Ver.,34,0
2026-08-09T17:29:30+08:00,VideoCall·COMPACT Ver.,34,0
2026-08-09T17:29:40+08:00,VideoCall·COMPACT Ver.,34,0
2026-08-09T17:29:50+08:00,VideoCall·COMPACT Ver.,34,0
2026-08-09T17:30:01+08:00,VideoCall·COMPACT Ver.,34,0
2026-08-09T17:30:11+08:00,VideoCall·COMPACT Ver.,34,0
2026-08-09T17:30:33+08:00,VideoCall·COMPACT Ver.,34,0
2026-08-09T17:30:44+08:00,VideoCall·COMPACT Ver.,34,0
2026-08-09T17:30:54+08:00,VideoCall·COMPACT Ver.,34,0
2026-08-09T17:31:04+08:00,VideoCall·COMPACT Ver.,34,0
2026-08-09T17:31:15+08:00,VideoCall·COMPACT Ver.,34,0
2026-08-09T17:31:25+08:00,VideoCall·COMPACT Ver.,34,0
2026-08-09T17:31:46+08:00,VideoCall·COMPACT Ver.,34,0
2026-08-09T17:31:57+08:00,VideoCall·COMPACT Ver.,34,0
2026-08-09T17:32:07+08:00,VideoCall·COMPACT Ver.,34,0
2026-08-09T17:32:17+08:00,VideoCall·COMPACT Ver.,34,0
2026-08-09T17:32:28+08:00,VideoCall·COMPACT Ver.,34,0
2026-08-09T17:32:38+08:00,VideoCall·COMPACT Ver.,34,0
2026-08-09T17:32:59+08:00,VideoCall·COMPACT Ver.,34,0
2026-08-09T17:33:10+08:00,VideoCall·COMPACT Ver.,34,0
2026-08-09T17:33:20+08:00,VideoCall·COMPACT Ver.,34,0
2026-08-09T17:33:30+08:00,VideoCall·COMPACT Ver.,34,0
2026-08-09T17:33:41+08:00,VideoCall·COMPACT Ver.,34,0
2026-08-09T17:33:51+08:00,VideoCall·COMPACT Ver.,34,0
2026-08-09T17:34:12+08:00,VideoCall·COMPACT Ver.,34,0
2026-08-09T17:34:23+08:00,VideoCall·COMPACT Ver.,34,0
2026-08-09T17:34:34+08:00,VideoCall·COMPACT Ver.,34,0
2026-08-09T17:34:44+08:00,VideoCall·COMPACT Ver.,34,0
2026-08-09T17:34:54+08:00,VideoCall·COMPACT Ver.,34,0
2026-08-09T17:35:05+08:00,VideoCall·COMPACT Ver.,34,0
2026-08-09T17:35:26+08:00,VideoCall·COMPACT Ver.,34,0
2026-08-09T17:35:37+08:00,VideoCall·COMPACT Ver.,34,0
2026-08-09T17:35:47+08:00,VideoCall·COMPACT Ver.,34,0
2026-08-09T17:35:57+08:00,VideoCall·COMPACT Ver.,34,0
2026-08-09T17:36:08+08:00,VideoCall·COMPACT Ver.,34,0
2026-08-09T17:36:18+08:00,VideoCall·COMPACT Ver.,34,0
2026-08-09T17:36:40+08:00,VideoCall·COMPACT Ver.,34,0
2026-08-09T17:36:50+08:00,VideoCall·COMPACT Ver.,34,0
2026-08-09T17:37:01+08:00,VideoCall·COMPACT Ver.,34,0
2026-08-09T17:37:11+08:00,VideoCall·COMPACT Ver.,34,0
2026-08-09T17:37:22+08:00,VideoCall·COMPACT Ver.,34,0
2026-08-09T17:37:32+08:00,VideoCall·COMPACT Ver.,34,0
2026-08-09T17:37:53+08:00,VideoCall·COMPACT Ver.,34,0
2026-08-09T17:38:04+08:00,VideoCall·COMPACT Ver.,34,0
2026-08-09T17:38:14+08:00,VideoCall·COMPACT Ver.,34,0
2026-08-09T17:38:25+08:00,VideoCall·COMPACT Ver.,34,0
2026-08-09T17:38:35+08:00,VideoCall·COMPACT Ver.,34,0
2026-08-09T17:38:45+08:00,VideoCall·COMPACT Ver.,34,0
2026-08-09T17:39:11+08:00,VideoCall·COMPACT Ver.,34,0
2026-08-09T17:39:21+08:00,VideoCall·COMPACT Ver.,34,0
2026-08-09T17:39:32+08:00,VideoCall·COMPACT Ver.,34,0
2026-08-09T17:39:42+08:00,VideoCall·COMPACT Ver.,34,0
2026-08-09T17:39:53+08:00,VideoCall·COMPACT Ver.,34,0
2026-08-09T17:40:03+08:00,VideoCall·COMPACT Ver.,34,0
2026-08-09T17:40:25+08:00,VideoCall·COMPACT Ver.,34,0
2026-08-09T17:40:35+08:00,VideoCall·COMPACT Ver.,34,0
2026-08-09T17:40:46+08:00,VideoCall·COMPACT Ver.,34,0
2026-08-09T17:40:56+08:00,VideoCall·COMPACT Ver.,34,0
2026-08-09T17:41:06+08:00,VideoCall·COMPACT Ver.,34,0
2026-08-09T17:41:17+08:00,VideoCall·COMPACT Ver.,34,0
2026-08-09T17:41:38+08:00,VideoCall·COMPACT Ver.,34,0
2026-08-09T17:41:49+08:00,VideoCall·COMPACT Ver.,34,0
2026-08-09T17:41:59+08:00,VideoCall·COMPACT Ver.,34,0
2026-08-09T17:42:10+08:00,VideoCall·COMPACT Ver.,34,0
2026-08-09T17:42:20+08:00,VideoCall·COMPACT Ver.,34,0
2026-08-09T17:42:30+08:00,VideoCall·COMPACT Ver.,34,0
2026-08-09T17:42:52+08:00,VideoCall·COMPACT Ver.,34,0
2026-08-09T17:43:02+08:00,VideoCall·COMPACT Ver.,34,0
2026-08-09T17:43:12+08:00,VideoCall·COMPACT Ver.,34,0
2026-08-09T17:43:23+08:00,VideoCall·COMPACT Ver.,34,0
2026-08-09T17:43:33+08:00,VideoCall·COMPACT Ver.,34,0
2026-08-09T17:43:44+08:00,VideoCall·COMPACT Ver.,34,0
2026-08-09T17:44:05+08:00,VideoCall·COMPACT Ver.,34,0
2026-08-09T17:44:15+08:00,VideoCall·COMPACT Ver.,34,0
2026-08-09T17:44:26+08:00,VideoCall·COMPACT Ver.,34,0
2026-08-09T17:44:36+08:00,VideoCall·COMPACT Ver.,34,0
2026-08-09T17:44:46+08:00,VideoCall·COMPACT Ver.,34,0
2026-08-09T17:44:57+08:00,VideoCall·COMPACT Ver.,34,0
2026-08-09T17:45:18+08:00,VideoCall·COMPACT Ver.,34,0
2026-08-09T17:45:29+08:00,VideoCall·COMPACT Ver.,34,0
2026-08-09T17:45:39+08:00,VideoCall·COMPACT Ver.,34,0
2026-08-09T17:45:50+08:00,VideoCall·COMPACT Ver.,34,0
2026-08-09T17:46:00+08:00,VideoCall·COMPACT Ver.,34,0
2026-08-09T17:46:11+08:00,VideoCall·COMPACT Ver.,34,0
2026-08-09T17:46:32+08:00,VideoCall·COMPACT Ver.,34,0
2026-08-09T17:46:43+08:00,VideoCall·COMPACT Ver.,34,0
2026-08-09T17:46:53+08:00,VideoCall·COMPACT Ver.,34,0
2026-08-09T17:47:04+08:00,VideoCall·COMPACT Ver.,34,0
2026-08-09T17:47:14+08:00,VideoCall·COMPACT Ver.,34,0
2026-08-09T17:47:24+08:00,VideoCall·COMPACT Ver.,34,0
2026-08-09T17:47:46+08:00,VideoCall·COMPACT Ver.,34,0
2026-08-09T17:47:57+08:00,VideoCall·COMPACT Ver.,34,0
2026-08-09T17:48:07+08:00,VideoCall·COMPACT Ver.,34,0
2026-08-09T17:48:18+08:00,VideoCall·COMPACT Ver.,34,0
2026-08-09T17:48:29+08:00,VideoCall·COMPACT Ver.,34,0
2026-08-09T17:48:39+08:00,VideoCall·COMPACT Ver.,34,0
2026-08-09T17:49:00+08:00,VideoCall·COMPACT Ver.,34,0
2026-08-09T17:49:11+08:00,VideoCall·COMPACT Ver.,34,0
2026-08-09T17:49:21+08:00,VideoCall·COMPACT Ver.,34,0
2026-08-09T17:49:32+08:00,VideoCall·COMPACT Ver.,34,0
2026-08-09T17:49:42+08:00,VideoCall·COMPACT Ver.,34,0
2026-08-09T17:49:52+08:00,VideoCall·COMPACT Ver.,34,0
2026-08-09T17:50:13+08:00,VideoCall·COMPACT Ver.,34,0
2026-08-09T17:50:24+08:00,VideoCall·COMPACT Ver.,34,0
2026-08-09T17:50:34+08:00,VideoCall·COMPACT Ver.,34,0
2026-08-09T17:50:45+08:00,VideoCall·COMPACT Ver.,34,0
2026-08-09T17:50:55+08:00,VideoCall·COMPACT Ver.,34,0
2026-08-09T17:51:05+08:00,VideoCall·COMPACT Ver.,34,0
2026-08-09T17:51:27+08:00,VideoCall·COMPACT Ver.,34,0
2026-08-09T17:51:37+08:00,VideoCall·COMPACT Ver.,34,0
2026-08-09T17:51:48+08:00,VideoCall·COMPACT Ver.,34,0
2026-08-09T17:51:58+08:00,VideoCall·COMPACT Ver.,34,0
2026-08-09T17:52:08+08:00,VideoCall·COMPACT Ver.,34,0
2026-08-09T17:52:19+08:00,VideoCall·COMPACT Ver.,34,0
2026-08-09T17:52:40+08:00,VideoCall·COMPACT Ver.,34,0
2026-08-09T17:52:50+08:00,VideoCall·COMPACT Ver.,34,0
2026-08-09T17:53:01+08:00,VideoCall·COMPACT Ver.,34,0
2026-08-09T17:53:11+08:00,VideoCall·COMPACT Ver.,34,0
2026-08-09T17:53:22+08:00,VideoCall·COMPACT Ver.,34,0
2026-08-09T17:53:32+08:00,VideoCall·COMPACT Ver.,34,0
2026-08-09T17:54:12+08:00,VideoCall·COMPACT Ver.,34,0
2026-08-09T17:54:24+08:00,VideoCall·COMPACT Ver.,34,0
2026-08-09T17:54:34+08:00,VideoCall·COMPACT Ver.,34,0
2026-08-09T17:54:45+08:00,VideoCall·COMPACT Ver.,34,0
2026-08-09T17:54:55+08:00,VideoCall·COMPACT Ver.,34,0
2026-08-09T17:55:06+08:00,VideoCall·COMPACT Ver.,34,0
2026-08-09T17:55:16+08:00,VideoCall·COMPACT Ver.,34,0
2026-08-09T17:55:40+08:00,VideoCall·COMPACT Ver.,34,0
2026-08-09T17:55:51+08:00,VideoCall·COMPACT Ver.,34,0
2026-08-09T17:56:01+08:00,VideoCall·COMPACT Ver.,34,0
2026-08-09T17:56:12+08:00,VideoCall·COMPACT Ver.,34,0
2026-08-09T17:56:22+08:00,VideoCall·COMPACT Ver.,34,0
2026-08-09T17:56:32+08:00,VideoCall·COMPACT Ver.,34,0
2026-08-09T17:57:56+08:00,VideoCall·COMPACT Ver.,34,0
2026-08-09T17:58:06+08:00,VideoCall·COMPACT Ver.,34,0
2026-08-09T17:58:17+08:00,VideoCall·COMPACT Ver.,34,0
2026-08-09T17:58:27+08:00,VideoCall·COMPACT Ver.,34,0
2026-08-09T17:58:38+08:00,VideoCall·COMPACT Ver.,34,0
2026-08-09T17:58:48+08:00,VideoCall·COMPACT Ver.,34,0
2026-08-09T17:58:59+08:00,VideoCall·COMPACT Ver.,34,0
2026-08-09T17:59:20+08:00,VideoCall·COMPACT Ver.,34,0
2026-08-09T17:59:31+08:00,VideoCall·COMPACT Ver.,34,0
2026-08-09T17:59:41+08:00,VideoCall·COMPACT Ver.,34,0
2026-08-09T17:59:51+08:00,VideoCall·COMPACT Ver.,34,0
2026-08-09T18:00:01+08:00,VideoCall·COMPACT Ver.,34,0
2026-08-09T18:00:11+08:00,VideoCall·COMPACT Ver.,34,0
2026-08-09T18:00:33+08:00,VideoCall·COMPACT Ver.,34,0
2026-08-09T18:00:44+08:00,VideoCall·COMPACT Ver.,34,0
2026-08-09T18:00:54+08:00,VideoCall·COMPACT Ver.,34,0
2026-08-09T18:01:04+08:00,VideoCall·COMPACT Ver.,34,0
2026-08-09T18:01:15+08:00,VideoCall·COMPACT Ver.,34,0
2026-08-09T18:01:25+08:00,VideoCall·COMPACT Ver.,34,0
2026-08-09T18:01:47+08:00,VideoCall·COMPACT Ver.,34,0
2026-08-09T18:01:58+08:00,VideoCall·COMPACT Ver.,34,0
2026-08-09T18:02:08+08:00,VideoCall·COMPACT Ver.,34,0
2026-08-09T18:02:18+08:00,VideoCall·COMPACT Ver.,34,0
2026-08-09T18:02:28+08:00,VideoCall·COMPACT Ver.,34,0
2026-08-09T18:02:38+08:00,VideoCall·COMPACT Ver.,34,0
2026-08-09T18:03:00+08:00,VideoCall·COMPACT Ver.,34,0
2026-08-09T18:03:10+08:00,VideoCall·COMPACT Ver.,34,0
2026-08-09T18:03:21+08:00,VideoCall·COMPACT Ver.,34,0
2026-08-09T18:03:31+08:00,VideoCall·COMPACT Ver.,34,0
2026-08-09T18:03:41+08:00,VideoCall·COMPACT Ver.,34,0
2026-08-09T18:03:51+08:00,VideoCall·COMPACT Ver.,34,0
2026-08-09T18:04:13+08:00,VideoCall·COMPACT Ver.,34,0
2026-08-09T18:04:23+08:00,VideoCall·COMPACT Ver.,34,0
2026-08-09T18:04:34+08:00,VideoCall·COMPACT Ver.,34,0
2026-08-09T18:04:45+08:00,VideoCall·COMPACT Ver.,34,0
2026-08-09T18:04:55+08:00,VideoCall·COMPACT Ver.,34,0
2026-08-09T18:05:06+08:00,VideoCall·COMPACT Ver.,34,0
2026-08-09T18:05:27+08:00,VideoCall·COMPACT Ver.,34,0
2026-08-09T18:05:37+08:00,VideoCall·COMPACT Ver.,34,0
2026-08-09T18:05:47+08:00,VideoCall·COMPACT Ver.,34,0
2026-08-09T18:05:58+08:00,VideoCall·COMPACT Ver.,34,0
2026-08-09T18:06:08+08:00,VideoCall·COMPACT Ver.,34,0
2026-08-09T18:06:18+08:00,VideoCall·COMPACT Ver.,34,0
2026-08-09T18:06:39+08:00,VideoCall·COMPACT Ver.,34,0
2026-08-09T18:06:50+08:00,VideoCall·COMPACT Ver.,34,0
2026-08-09T18:07:00+08:00,VideoCall·COMPACT Ver.,34,0
2026-08-09T18:07:10+08:00,VideoCall·COMPACT Ver.,34,0
2026-08-09T18:07:20+08:00,VideoCall·COMPACT Ver.,34,0
2026-08-09T18:07:30+08:00,VideoCall·COMPACT Ver.,34,0
2026-08-09T18:07:51+08:00,VideoCall·COMPACT Ver.,34,0
2026-08-09T18:08:02+08:00,VideoCall·COMPACT Ver.,34,0
2026-08-09T18:08:12+08:00,VideoCall·COMPACT Ver.,34,0
2026-08-09T18:08:22+08:00,VideoCall·COMPACT Ver.,34,0
2026-08-09T18:08:33+08:00,VideoCall·COMPACT Ver.,34,0
2026-08-09T18:08:43+08:00,VideoCall·COMPACT Ver.,34,0
2026-08-09T18:09:04+08:00,VideoCall·COMPACT Ver.,34,0
2026-08-09T18:09:15+08:00,VideoCall·COMPACT Ver.,34,0
2026-08-09T18:09:25+08:00,VideoCall·COMPACT Ver.,34,0
2026-08-09T18:09:36+08:00,VideoCall·COMPACT Ver.,34,0
2026-08-09T18:09:46+08:00,VideoCall·COMPACT Ver.,34,0
2026-08-09T18:09:56+08:00,VideoCall·COMPACT Ver.,34,0
2026-08-09T18:10:18+08:00,VideoCall·COMPACT Ver.,34,0
2026-08-09T18:10:28+08:00,VideoCall·COMPACT Ver.,34,0
2026-08-09T18:10:38+08:00,VideoCall·COMPACT Ver.,34,0
2026-08-09T18:10:48+08:00,VideoCall·COMPACT Ver.,34,0
2026-08-09T18:10:59+08:00,VideoCall·COMPACT Ver.,34,0
2026-08-09T18:11:09+08:00,VideoCall·COMPACT Ver.,34,0
2026-08-09T18:11:31+08:00,VideoCall·COMPACT Ver.,34,0
2026-08-09T18:11:41+08:00,VideoCall·COMPACT Ver.,34,0
2026-08-09T18:11:52+08:00,VideoCall·COMPACT Ver.,34,0
2026-08-09T18:12:02+08:00,VideoCall·COMPACT Ver.,34,0
2026-08-09T18:12:13+08:00,VideoCall·COMPACT Ver.,34,0
2026-08-09T18:12:23+08:00,VideoCall·COMPACT Ver.,34,0
2026-08-09T18:12:45+08:00,VideoCall·COMPACT Ver.,34,0
2026-08-09T18:12:56+08:00,VideoCall·COMPACT Ver.,34,0
2026-08-09T18:13:06+08:00,VideoCall·COMPACT Ver.,34,0
2026-08-09T18:13:16+08:00,VideoCall·COMPACT Ver.,34,0
2026-08-09T18:13:27+08:00,VideoCall·COMPACT Ver.,34,0
2026-08-09T18:13:37+08:00,VideoCall·COMPACT Ver.,34,0
2026-08-09T18:13:58+08:00,VideoCall·COMPACT Ver.,34,0
2026-08-09T18:14:09+08:00,VideoCall·COMPACT Ver.,34,0
2026-08-09T18:14:19+08:00,VideoCall·COMPACT Ver.,34,0
2026-08-09T18:14:29+08:00,VideoCall·COMPACT Ver.,34,0
2026-08-09T18:14:40+08:00,VideoCall·COMPACT Ver.,34,0
2026-08-09T18:14:50+08:00,VideoCall·COMPACT Ver.,34,0
2026-08-09T18:15:11+08:00,VideoCall·COMPACT Ver.,34,0
2026-08-09T18:15:22+08:00,VideoCall·COMPACT Ver.,34,0
2026-08-09T18:15:32+08:00,VideoCall·COMPACT Ver.,34,0
2026-08-09T18:15:42+08:00,VideoCall·COMPACT Ver.,34,0
2026-08-09T18:15:52+08:00,VideoCall·COMPACT Ver.,34,0
2026-08-09T18:16:02+08:00,VideoCall·COMPACT Ver.,34,0
2026-08-09T18:16:24+08:00,VideoCall·COMPACT Ver.,34,0
2026-08-09T18:16:34+08:00,VideoCall·COMPACT Ver.,34,0
2026-08-09T18:16:45+08:00,VideoCall·COMPACT Ver.,34,0
2026-08-09T18:16:55+08:00,VideoCall·COMPACT Ver.,34,0
2026-08-09T18:17:06+08:00,VideoCall·COMPACT Ver.,34,0
2026-08-09T18:17:16+08:00,VideoCall·COMPACT Ver.,34,0
2026-08-09T18:17:39+08:00,VideoCall·COMPACT Ver.,34,0
2026-08-09T18:17:50+08:00,VideoCall·COMPACT Ver.,34,0
2026-08-09T18:18:01+08:00,VideoCall·COMPACT Ver.,34,0
2026-08-09T18:18:11+08:00,VideoCall·COMPACT Ver.,34,0
2026-08-09T18:18:21+08:00,VideoCall·COMPACT Ver.,34,0
2026-08-09T18:18:32+08:00,VideoCall·COMPACT Ver.,34,0
2026-08-09T18:18:53+08:00,VideoCall·COMPACT Ver.,34,0
2026-08-09T18:19:04+08:00,VideoCall·COMPACT Ver.,34,0
2026-08-09T18:19:14+08:00,VideoCall·COMPACT Ver.,34,0
2026-08-09T18:19:24+08:00,VideoCall·COMPACT Ver.,34,0
2026-08-09T18:19:34+08:00,VideoCall·COMPACT Ver.,34,0
2026-08-09T18:19:45+08:00,VideoCall·COMPACT Ver.,34,0
2026-08-09T18:20:06+08:00,VideoCall·COMPACT Ver.,34,0
2026-08-09T18:20:17+08:00,VideoCall·COMPACT Ver.,34,0
2026-08-09T18:20:27+08:00,VideoCall·COMPACT Ver.,34,0
2026-08-09T18:20:37+08:00,VideoCall·COMPACT Ver.,34,0
2026-08-09T18:20:48+08:00,VideoCall·COMPACT Ver.,34,0
2026-08-09T18:20:58+08:00,VideoCall·COMPACT Ver.,34,0
2026-08-09T18:21:21+08:00,VideoCall·COMPACT Ver.,34,0
2026-08-09T18:21:31+08:00,VideoCall·COMPACT Ver.,34,0
2026-08-09T18:21:41+08:00,VideoCall·COMPACT Ver.,34,0
2026-08-09T18:21:52+08:00,VideoCall·COMPACT Ver.,34,0
2026-08-09T18:22:02+08:00,VideoCall·COMPACT Ver.,34,0
2026-08-09T18:22:12+08:00,VideoCall·COMPACT Ver.,34,0
2026-08-09T18:22:34+08:00,VideoCall·COMPACT Ver.,34,0
2026-08-09T18:22:44+08:00,VideoCall·COMPACT Ver.,34,0
2026-08-09T18:22:54+08:00,VideoCall·COMPACT Ver.,34,0
2026-08-09T18:23:05+08:00,VideoCall·COMPACT Ver.,34,0
2026-08-09T18:23:15+08:00,VideoCall·COMPACT Ver.,34,0
2026-08-09T18:23:25+08:00,VideoCall·COMPACT Ver.,34,0
2026-08-09T18:23:46+08:00,VideoCall·COMPACT Ver.,34,0
2026-08-09T18:23:58+08:00,VideoCall·COMPACT Ver.,34,0
2026-08-09T18:24:08+08:00,VideoCall·COMPACT Ver.,34,0
2026-08-09T18:24:18+08:00,VideoCall·COMPACT Ver.,34,0
2026-08-09T18:24:29+08:00,VideoCall·COMPACT Ver.,34,0
2026-08-09T18:24:39+08:00,VideoCall·COMPACT Ver.,34,0
2026-08-09T18:25:01+08:00,VideoCall·COMPACT Ver.,34,0
2026-08-09T18:25:11+08:00,VideoCall·COMPACT Ver.,34,0
2026-08-09T18:25:21+08:00,VideoCall·COMPACT Ver.,34,0
2026-08-09T18:25:32+08:00,VideoCall·COMPACT Ver.,34,0
2026-08-09T18:25:42+08:00,VideoCall·COMPACT Ver.,34,0
2026-08-09T18:25:52+08:00,VideoCall·COMPACT Ver.,34,0
2026-08-09T18:26:15+08:00,VideoCall·COMPACT Ver.,34,0
2026-08-09T18:26:25+08:00,VideoCall·COMPACT Ver.,34,0
2026-08-09T18:26:36+08:00,VideoCall·COMPACT Ver.,34,0
2026-08-09T18:26:46+08:00,VideoCall·COMPACT Ver.,34,0
2026-08-09T18:26:57+08:00,VideoCall·COMPACT Ver.,34,0
2026-08-09T18:27:07+08:00,VideoCall·COMPACT Ver.,34,0
2026-08-09T18:27:29+08:00,VideoCall·COMPACT Ver.,34,0
2026-08-09T18:27:39+08:00,VideoCall·COMPACT Ver.,34,0
2026-08-09T18:27:50+08:00,VideoCall·COMPACT Ver.,34,0
2026-08-09T18:28:00+08:00,VideoCall·COMPACT Ver.,34,0
2026-08-09T18:28:10+08:00,VideoCall·COMPACT Ver.,34,0
2026-08-09T18:28:21+08:00,VideoCall·COMPACT Ver.,34,0
2026-08-09T18:28:42+08:00,VideoCall·COMPACT Ver.,34,0
2026-08-09T18:28:53+08:00,VideoCall·COMPACT Ver.,34,0
2026-08-09T18:29:04+08:00,VideoCall·COMPACT Ver.,34,0
2026-08-09T18:29:14+08:00,VideoCall·COMPACT Ver.,34,0
2026-08-09T18:29:24+08:00,VideoCall·COMPACT Ver.,34,0
2026-08-09T18:29:35+08:00,VideoCall·COMPACT Ver.,34,0
2026-08-09T18:29:57+08:00,VideoCall·COMPACT Ver.,34,0
2026-08-09T18:30:07+08:00,VideoCall·COMPACT Ver.,34,0
2026-08-09T18:30:18+08:00,VideoCall·COMPACT Ver.,34,0
2026-08-09T18:30:28+08:00,VideoCall·COMPACT Ver.,34,0
2026-08-09T18:30:39+08:00,VideoCall·COMPACT Ver.,34,0
2026-08-09T18:30:49+08:00,VideoCall·COMPACT Ver.,34,0
2026-08-09T18:31:12+08:00,VideoCall·COMPACT Ver.,34,0
2026-08-09T18:31:22+08:00,VideoCall·COMPACT Ver.,34,0
2026-08-09T18:31:33+08:00,VideoCall·COMPACT Ver.,34,0
2026-08-09T18:31:43+08:00,VideoCall·COMPACT Ver.,34,0
2026-08-09T18:31:53+08:00,VideoCall·COMPACT Ver.,34,0
2026-08-09T18:32:04+08:00,VideoCall·COMPACT Ver.,34,0
2026-08-09T18:32:25+08:00,VideoCall·COMPACT Ver.,34,0
2026-08-09T18:32:36+08:00,VideoCall·COMPACT Ver.,34,0
2026-08-09T18:32:46+08:00,VideoCall·COMPACT Ver.,34,0
2026-08-09T18:32:56+08:00,VideoCall·COMPACT Ver.,34,0
2026-08-09T18:33:07+08:00,VideoCall·COMPACT Ver.,34,0
2026-08-09T18:33:17+08:00,VideoCall·COMPACT Ver.,34,0
2026-08-09T18:33:39+08:00,VideoCall·COMPACT Ver.,34,0
2026-08-09T18:33:50+08:00,VideoCall·COMPACT Ver.,34,0
2026-08-09T18:34:00+08:00,VideoCall·COMPACT Ver.,34,0
2026-08-09T18:34:11+08:00,VideoCall·COMPACT Ver.,34,0
2026-08-09T18:34:21+08:00,VideoCall·COMPACT Ver.,34,0
2026-08-09T18:34:32+08:00,VideoCall·COMPACT Ver.,34,0
2026-08-09T18:34:54+08:00,VideoCall·COMPACT Ver.,34,0
2026-08-09T18:35:04+08:00,VideoCall·COMPACT Ver.,34,0
2026-08-09T18:35:14+08:00,VideoCall·COMPACT Ver.,34,0
2026-08-09T18:35:25+08:00,VideoCall·COMPACT Ver.,34,0
2026-08-09T18:35:35+08:00,VideoCall·COMPACT Ver.,34,0
2026-08-09T18:35:45+08:00,VideoCall·COMPACT Ver.,34,0
2026-08-09T18:36:07+08:00,VideoCall·COMPACT Ver.,34,0
2026-08-09T18:36:17+08:00,VideoCall·COMPACT Ver.,34,0
2026-08-09T18:36:28+08:00,VideoCall·COMPACT Ver.,34,0
2026-08-09T18:36:38+08:00,VideoCall·COMPACT Ver.,34,0
2026-08-09T18:36:49+08:00,VideoCall·COMPACT Ver.,34,0
2026-08-09T18:36:59+08:00,VideoCall·COMPACT Ver.,34,0
2026-08-09T18:37:22+08:00,VideoCall·COMPACT Ver.,34,0
2026-08-09T18:37:32+08:00,VideoCall·COMPACT Ver.,34,0
2026-08-09T18:37:42+08:00,VideoCall·COMPACT Ver.,34,0
2026-08-09T18:37:52+08:00,VideoCall·COMPACT Ver.,34,0
2026-08-09T18:38:02+08:00,VideoCall·COMPACT Ver.,34,0
2026-08-09T18:38:13+08:00,VideoCall·COMPACT Ver.,34,0
2026-08-09T18:38:35+08:00,VideoCall·COMPACT Ver.,34,0
2026-08-09T18:38:45+08:00,VideoCall·COMPACT Ver.,34,0
2026-08-09T18:38:56+08:00,VideoCall·COMPACT Ver.,34,0
2026-08-09T18:39:06+08:00,VideoCall·COMPACT Ver.,34,0
2026-08-09T18:39:16+08:00,VideoCall·COMPACT Ver.,34,0
2026-08-09T18:39:27+08:00,VideoCall·COMPACT Ver.,34,0
2026-08-09T18:39:49+08:00,VideoCall·COMPACT Ver.,34,0
2026-08-09T18:39:59+08:00,VideoCall·COMPACT Ver.,34,0
2026-08-09T18:40:09+08:00,VideoCall·COMPACT Ver.,34,0
2026-08-09T18:40:19+08:00,VideoCall·COMPACT Ver.,34,0
2026-08-09T18:40:29+08:00,VideoCall·COMPACT Ver.,34,0
2026-08-09T18:40:40+08:00,VideoCall·COMPACT Ver.,34,0
2026-08-09T18:41:02+08:00,VideoCall·COMPACT Ver.,34,0
2026-08-09T18:41:12+08:00,VideoCall·COMPACT Ver.,34,0
2026-08-09T18:41:22+08:00,VideoCall·COMPACT Ver.,34,0
2026-08-09T18:41:33+08:00,VideoCall·COMPACT Ver.,34,0
2026-08-09T18:41:43+08:00,VideoCall·COMPACT Ver.,34,0
2026-08-09T18:41:53+08:00,VideoCall·COMPACT Ver.,34,0
2026-08-09T18:42:16+08:00,VideoCall·COMPACT Ver.,34,0
2026-08-09T18:42:26+08:00,VideoCall·COMPACT Ver.,34,0
2026-08-09T18:42:37+08:00,VideoCall·COMPACT Ver.,34,0
2026-08-09T18:42:47+08:00,VideoCall·COMPACT Ver.,34,0
2026-08-09T18:42:57+08:00,VideoCall·COMPACT Ver.,34,0
2026-08-09T18:43:07+08:00,VideoCall·COMPACT Ver.,34,0
2026-08-09T18:44:14+08:00,VideoCall·COMPACT Ver.,34,0
2026-08-09T18:44:25+08:00,VideoCall·COMPACT Ver.,34,0
2026-08-09T18:44:35+08:00,VideoCall·COMPACT Ver.,34,0
2026-08-09T18:44:46+08:00,VideoCall·COMPACT Ver.,34,0
2026-08-09T18:44:57+08:00,VideoCall·COMPACT Ver.,34,0
2026-08-09T18:45:07+08:00,VideoCall·COMPACT Ver.,34,0
2026-08-09T18:45:17+08:00,VideoCall·COMPACT Ver.,34,0
2026-08-09T18:45:42+08:00,VideoCall·COMPACT Ver.,34,0
2026-08-09T18:45:52+08:00,VideoCall·COMPACT Ver.,34,0
2026-08-09T18:46:03+08:00,VideoCall·COMPACT Ver.,34,0
2026-08-09T18:46:14+08:00,VideoCall·COMPACT Ver.,34,0
2026-08-09T18:46:25+08:00,VideoCall·COMPACT Ver.,34,0
2026-08-09T18:46:36+08:00,VideoCall·COMPACT Ver.,34,0
2026-08-09T18:47:00+08:00,VideoCall·COMPACT Ver.,34,0
2026-08-09T18:47:11+08:00,VideoCall·COMPACT Ver.,34,0
2026-08-09T18:47:21+08:00,VideoCall·COMPACT Ver.,34,0
2026-08-09T18:47:32+08:00,VideoCall·COMPACT Ver.,34,0
2026-08-09T18:47:43+08:00,VideoCall·COMPACT Ver.,34,0
2026-08-09T18:47:53+08:00,VideoCall·COMPACT Ver.,34,0
2026-08-09T18:48:18+08:00,VideoCall·COMPACT Ver.,34,0
2026-08-09T18:48:29+08:00,VideoCall·COMPACT Ver.,34,0
2026-08-09T18:48:40+08:00,VideoCall·COMPACT Ver.,34,0
2026-08-09T18:48:51+08:00,VideoCall·COMPACT Ver.,34,0
2026-08-09T18:49:01+08:00,VideoCall·COMPACT Ver.,34,0
2026-08-09T18:49:12+08:00,VideoCall·COMPACT Ver.,34,0
2026-08-09T18:49:36+08:00,VideoCall·COMPACT Ver.,34,0
2026-08-09T18:49:47+08:00,VideoCall·COMPACT Ver.,34,0
2026-08-09T18:49:58+08:00,VideoCall·COMPACT Ver.,34,0
2026-08-09T18:50:09+08:00,VideoCall·COMPACT Ver.,34,0
2026-08-09T18:50:19+08:00,VideoCall·COMPACT Ver.,34,0
2026-08-09T18:50:30+08:00,VideoCall·COMPACT Ver.,34,0
2026-08-09T18:50:55+08:00,VideoCall·COMPACT Ver.,34,0
2026-08-09T18:51:05+08:00,VideoCall·COMPACT Ver.,34,0
2026-08-09T18:51:16+08:00,VideoCall·COMPACT Ver.,34,0
2026-08-09T18:51:27+08:00,VideoCall·COMPACT Ver.,34,0
2026-08-09T18:51:38+08:00,VideoCall·COMPACT Ver.,34,0
2026-08-09T18:51:48+08:00,VideoCall·COMPACT Ver.,34,0
2026-08-09T18:52:13+08:00,VideoCall·COMPACT Ver.,34,0
2026-08-09T18:52:23+08:00,VideoCall·COMPACT Ver.,34,0
2026-08-09T18:52:34+08:00,VideoCall·COMPACT Ver.,34,0
2026-08-09T18:52:44+08:00,VideoCall·COMPACT Ver.,34,0
2026-08-09T18:52:55+08:00,VideoCall·COMPACT Ver.,34,0
2026-08-09T18:53:06+08:00,VideoCall·COMPACT Ver.,34,0
2026-08-09T18:53:30+08:00,VideoCall·COMPACT Ver.,34,0
2026-08-09T18:53:41+08:00,VideoCall·COMPACT Ver.,34,0
2026-08-09T18:53:51+08:00,VideoCall·COMPACT Ver.,34,0
2026-08-09T18:54:02+08:00,VideoCall·COMPACT Ver.,34,0
2026-08-09T18:54:13+08:00,VideoCall·COMPACT Ver.,34,0
2026-08-09T18:54:23+08:00,VideoCall·COMPACT Ver.,34,0
2026-08-09T18:54:49+08:00,VideoCall·COMPACT Ver.,34,0
2026-08-09T18:54:59+08:00,VideoCall·COMPACT Ver.,34,0
2026-08-09T18:55:10+08:00,VideoCall·COMPACT Ver.,34,0
2026-08-09T18:55:21+08:00,VideoCall·COMPACT Ver.,34,0
2026-08-09T18:55:31+08:00,VideoCall·COMPACT Ver.,34,0
2026-08-09T18:55:42+08:00,VideoCall·COMPACT Ver.,34,0
2026-08-09T18:56:06+08:00,VideoCall·COMPACT Ver.,34,0
2026-08-09T18:56:17+08:00,VideoCall·COMPACT Ver.,34,0
2026-08-09T18:56:28+08:00,VideoCall·COMPACT Ver.,34,0
2026-08-09T18:56:39+08:00,VideoCall·COMPACT Ver.,34,0
2026-08-09T18:56:50+08:00,VideoCall·COMPACT Ver.,34,0
2026-08-09T18:57:00+08:00,VideoCall·COMPACT Ver.,34,0
2026-08-09T18:57:24+08:00,VideoCall·COMPACT Ver.,34,0
2026-08-09T18:57:35+08:00,VideoCall·COMPACT Ver.,34,0
2026-08-09T18:57:45+08:00,VideoCall·COMPACT Ver.,34,0
2026-08-09T18:57:56+08:00,VideoCall·COMPACT Ver.,34,0
2026-08-09T18:58:07+08:00,VideoCall·COMPACT Ver.,34,0
2026-08-09T18:58:17+08:00,VideoCall·COMPACT Ver.,34,0
2026-08-09T18:58:43+08:00,VideoCall·COMPACT Ver.,34,0
2026-08-09T18:58:54+08:00,VideoCall·COMPACT Ver.,34,0
2026-08-09T18:59:04+08:00,VideoCall·COMPACT Ver.,34,0
2026-08-09T18:59:15+08:00,VideoCall·COMPACT Ver.,34,0
2026-08-09T18:59:25+08:00,VideoCall·COMPACT Ver.,34,0
2026-08-09T18:59:36+08:00,VideoCall·COMPACT Ver.,34,0
2026-08-09T19:00:02+08:00,VideoCall·COMPACT Ver.,34,0
2026-08-09T19:00:12+08:00,VideoCall·COMPACT Ver.,34,0
2026-08-09T19:00:23+08:00,VideoCall·COMPACT Ver.,34,0
2026-08-09T19:00:34+08:00,VideoCall·COMPACT Ver.,34,0
2026-08-09T19:00:45+08:00,VideoCall·COMPACT Ver.,34,0
2026-08-09T19:00:55+08:00,VideoCall·COMPACT Ver.,34,0
2026-08-09T19:01:19+08:00,VideoCall·COMPACT Ver.,34,0
2026-08-09T19:01:30+08:00,VideoCall·COMPACT Ver.,34,0
2026-08-09T19:01:41+08:00,VideoCall·COMPACT Ver.,34,0
2026-08-09T19:01:51+08:00,VideoCall·COMPACT Ver.,34,0
2026-08-09T19:02:02+08:00,VideoCall·COMPACT Ver.,34,0
2026-08-09T19:02:12+08:00,VideoCall·COMPACT Ver.,34,0
2026-08-09T19:02:37+08:00,VideoCall·COMPACT Ver.,34,0
2026-08-09T19:02:48+08:00,VideoCall·COMPACT Ver.,34,0
2026-08-09T19:02:59+08:00,VideoCall·COMPACT Ver.,34,0
2026-08-09T19:03:09+08:00,VideoCall·COMPACT Ver.,34,0
2026-08-09T19:03:20+08:00,VideoCall·COMPACT Ver.,34,0
2026-08-09T19:03:31+08:00,VideoCall·COMPACT Ver.,34,0
2026-08-09T19:03:54+08:00,VideoCall·COMPACT Ver.,34,0
2026-08-09T19:04:05+08:00,VideoCall·COMPACT Ver.,34,0
2026-08-09T19:04:16+08:00,VideoCall·COMPACT Ver.,34,0
2026-08-09T19:04:27+08:00,VideoCall·COMPACT Ver.,34,0
2026-08-09T19:04:37+08:00,VideoCall·COMPACT Ver.,34,0
2026-08-09T19:04:48+08:00,VideoCall·COMPACT Ver.,34,0
2026-08-09T19:05:12+08:00,VideoCall·COMPACT Ver.,34,0
2026-08-09T19:05:23+08:00,VideoCall·COMPACT Ver.,34,0
2026-08-09T19:05:34+08:00,VideoCall·COMPACT Ver.,34,0
2026-08-09T19:05:44+08:00,VideoCall·COMPACT Ver.,34,0
2026-08-09T19:05:55+08:00,VideoCall·COMPACT Ver.,34,0
2026-08-09T19:06:05+08:00,VideoCall·COMPACT Ver.,34,0
2026-08-09T19:06:29+08:00,VideoCall·COMPACT Ver.,34,0
2026-08-09T19:06:40+08:00,VideoCall·COMPACT Ver.,34,0
2026-08-09T19:06:51+08:00,VideoCall·COMPACT Ver.,34,0
2026-08-09T19:07:01+08:00,VideoCall·COMPACT Ver.,34,0
2026-08-09T19:07:12+08:00,VideoCall·COMPACT Ver.,34,0
2026-08-09T19:07:23+08:00,VideoCall·COMPACT Ver.,34,0
2026-08-09T19:07:48+08:00,VideoCall·COMPACT Ver.,34,0
2026-08-09T19:07:58+08:00,VideoCall·COMPACT Ver.,34,0
2026-08-09T19:08:09+08:00,VideoCall·COMPACT Ver.,34,0
2026-08-09T19:08:19+08:00,VideoCall·COMPACT Ver.,34,0
2026-08-09T19:08:30+08:00,VideoCall·COMPACT Ver.,34,0
2026-08-09T19:08:41+08:00,VideoCall·COMPACT Ver.,34,0
2026-08-09T19:09:04+08:00,VideoCall·COMPACT Ver.,34,0
2026-08-09T19:09:15+08:00,VideoCall·COMPACT Ver.,34,0
2026-08-09T19:09:26+08:00,VideoCall·COMPACT Ver.,34,0
2026-08-09T19:09:37+08:00,VideoCall·COMPACT Ver.,34,0
2026-08-09T19:09:47+08:00,VideoCall·COMPACT Ver.,34,0
2026-08-09T19:09:58+08:00,VideoCall·COMPACT Ver.,34,0
2026-08-09T19:10:21+08:00,VideoCall·COMPACT Ver.,34,0
2026-08-09T19:10:33+08:00,VideoCall·COMPACT Ver.,34,0
2026-08-09T19:10:43+08:00,VideoCall·COMPACT Ver.,34,0
2026-08-09T19:10:53+08:00,VideoCall·COMPACT Ver.,34,0
2026-08-09T19:11:04+08:00,VideoCall·COMPACT Ver.,34,0
2026-08-09T19:11:15+08:00,VideoCall·COMPACT Ver.,34,0
2026-08-09T19:11:39+08:00,VideoCall·COMPACT Ver.,34,0
2026-08-09T19:11:50+08:00,VideoCall·COMPACT Ver.,34,0
2026-08-09T19:12:01+08:00,VideoCall·COMPACT Ver.,34,0
2026-08-09T19:12:11+08:00,VideoCall·COMPACT Ver.,34,0
2026-08-09T19:12:21+08:00,VideoCall·COMPACT Ver.,34,0
2026-08-09T19:12:32+08:00,VideoCall·COMPACT Ver.,34,0
2026-08-09T19:12:56+08:00,VideoCall·COMPACT Ver.,34,0
2026-08-09T19:13:07+08:00,VideoCall·COMPACT Ver.,34,0
2026-08-09T19:13:17+08:00,VideoCall·COMPACT Ver.,34,0
2026-08-09T19:13:28+08:00,VideoCall·COMPACT Ver.,34,0
2026-08-09T19:13:38+08:00,VideoCall·COMPACT Ver.,34,0
2026-08-09T19:13:49+08:00,VideoCall·COMPACT Ver.,34,0
2026-08-09T19:14:30+08:00,VideoCall·COMPACT Ver.,34,0
2026-08-09T19:14:41+08:00,VideoCall·COMPACT Ver.,34,0
2026-08-09T19:14:52+08:00,VideoCall·COMPACT Ver.,34,0
2026-08-09T19:15:03+08:00,VideoCall·COMPACT Ver.,34,0
2026-08-09T19:15:13+08:00,VideoCall·COMPACT Ver.,34,0
2026-08-09T19:15:24+08:00,VideoCall·COMPACT Ver.,34,0
2026-08-09T19:15:35+08:00,VideoCall·COMPACT Ver.,34,0
2026-08-09T19:15:57+08:00,VideoCall·COMPACT Ver.,34,0
2026-08-09T19:16:08+08:00,VideoCall·COMPACT Ver.,34,0
2026-08-09T19:16:18+08:00,VideoCall·COMPACT Ver.,34,0
2026-08-09T19:16:29+08:00,VideoCall·COMPACT Ver.,34,0
2026-08-09T19:16:40+08:00,VideoCall·COMPACT Ver.,34,0
2026-08-09T19:16:51+08:00,VideoCall·COMPACT Ver.,34,0
2026-08-09T19:17:14+08:00,VideoCall·COMPACT Ver.,34,0
2026-08-09T19:17:24+08:00,VideoCall·COMPACT Ver.,34,0
2026-08-09T19:17:35+08:00,VideoCall·COMPACT Ver.,34,0
2026-08-09T19:17:46+08:00,VideoCall·COMPACT Ver.,34,0
2026-08-09T19:17:57+08:00,VideoCall·COMPACT Ver.,34,0
2026-08-09T19:18:07+08:00,VideoCall·COMPACT Ver.,34,0
2026-08-09T19:18:30+08:00,VideoCall·COMPACT Ver.,34,0
2026-08-09T19:18:41+08:00,VideoCall·COMPACT Ver.,34,0
2026-08-09T19:18:51+08:00,VideoCall·COMPACT Ver.,34,0
2026-08-09T19:19:02+08:00,VideoCall·COMPACT Ver.,34,0
2026-08-09T19:19:13+08:00,VideoCall·COMPACT Ver.,34,0
2026-08-09T19:19:23+08:00,VideoCall·COMPACT Ver.,34,0
2026-08-09T19:19:46+08:00,VideoCall·COMPACT Ver.,34,0
2026-08-09T19:19:57+08:00,VideoCall·COMPACT Ver.,34,0
2026-08-09T19:20:07+08:00,VideoCall·COMPACT Ver.,34,0
2026-08-09T19:20:18+08:00,VideoCall·COMPACT Ver.,34,0
2026-08-09T19:20:29+08:00,VideoCall·COMPACT Ver.,34,0
2026-08-09T19:20:39+08:00,VideoCall·COMPACT Ver.,34,0
2026-08-09T19:21:02+08:00,VideoCall·COMPACT Ver.,34,0
2026-08-09T19:21:12+08:00,VideoCall·COMPACT Ver.,34,0
2026-08-09T19:21:23+08:00,VideoCall·COMPACT Ver.,34,0
2026-08-09T19:21:33+08:00,VideoCall·COMPACT Ver.,34,0
2026-08-09T19:21:44+08:00,VideoCall·COMPACT Ver.,34,0
2026-08-09T19:21:54+08:00,VideoCall·COMPACT Ver.,34,0
2026-08-09T19:22:18+08:00,VideoCall·COMPACT Ver.,34,0
2026-08-09T19:22:29+08:00,VideoCall·COMPACT Ver.,34,0
2026-08-09T19:22:39+08:00,VideoCall·COMPACT Ver.,34,0
2026-08-09T19:22:50+08:00,VideoCall·COMPACT Ver.,34,0
2026-08-09T19:23:00+08:00,VideoCall·COMPACT Ver.,34,0
2026-08-09T19:23:11+08:00,VideoCall·COMPACT Ver.,34,0
2026-08-09T19:23:34+08:00,VideoCall·COMPACT Ver.,34,0
2026-08-09T19:23:44+08:00,VideoCall·COMPACT Ver.,34,0
2026-08-09T19:23:55+08:00,VideoCall·COMPACT Ver.,34,0
2026-08-09T19:24:06+08:00,VideoCall·COMPACT Ver.,34,0
2026-08-09T19:24:16+08:00,VideoCall·COMPACT Ver.,34,0
2026-08-09T19:24:27+08:00,VideoCall·COMPACT Ver.,34,0
2026-08-09T19:24:49+08:00,VideoCall·COMPACT Ver.,34,0
2026-08-09T19:25:00+08:00,VideoCall·COMPACT Ver.,34,0
2026-08-09T19:25:10+08:00,VideoCall·COMPACT Ver.,34,0
2026-08-09T19:25:21+08:00,VideoCall·COMPACT Ver.,34,0
2026-08-09T19:25:32+08:00,VideoCall·COMPACT Ver.,34,0
2026-08-09T19:25:42+08:00,VideoCall·COMPACT Ver.,34,0
2026-08-09T19:26:05+08:00,VideoCall·COMPACT Ver.,34,0
2026-08-09T19:26:16+08:00,VideoCall·COMPACT Ver.,34,0
2026-08-09T19:26:26+08:00,VideoCall·COMPACT Ver.,34,0
2026-08-09T19:26:36+08:00,VideoCall·COMPACT Ver.,34,0
2026-08-09T19:26:47+08:00,VideoCall·COMPACT Ver.,34,0
2026-08-09T19:26:58+08:00,VideoCall·COMPACT Ver.,34,0
2026-08-09T19:27:20+08:00,VideoCall·COMPACT Ver.,34,0
2026-08-09T19:27:31+08:00,VideoCall·COMPACT Ver.,34,0
2026-08-09T19:27:42+08:00,VideoCall·COMPACT Ver.,34,0
2026-08-09T19:27:52+08:00,VideoCall·COMPACT Ver.,34,0
2026-08-09T19:28:03+08:00,VideoCall·COMPACT Ver.,34,0
2026-08-09T19:28:13+08:00,VideoCall·COMPACT Ver.,34,0
2026-08-09T19:28:36+08:00,VideoCall·COMPACT Ver.,34,0
2026-08-09T19:28:47+08:00,VideoCall·COMPACT Ver.,34,0
2026-08-09T19:28:58+08:00,VideoCall·COMPACT Ver.,34,0
2026-08-09T19:29:08+08:00,VideoCall·COMPACT Ver.,34,0
2026-08-09T19:29:19+08:00,VideoCall·COMPACT Ver.,34,0
2026-08-09T19:29:30+08:00,VideoCall·COMPACT Ver.,34,0
2026-08-09T19:29:53+08:00,VideoCall·COMPACT Ver.,34,0
2026-08-09T19:30:03+08:00,VideoCall·COMPACT Ver.,34,0
2026-08-09T19:30:14+08:00,VideoCall·COMPACT Ver.,34,0
2026-08-09T19:30:25+08:00,VideoCall·COMPACT Ver.,34,0
2026-08-09T19:30:35+08:00,VideoCall·COMPACT Ver.,34,0
2026-08-09T19:30:46+08:00,VideoCall·COMPACT Ver.,34,0
2026-08-09T19:31:08+08:00,VideoCall·COMPACT Ver.,34,0
2026-08-09T19:31:19+08:00,VideoCall·COMPACT Ver.,34,0
2026-08-09T19:31:30+08:00,VideoCall·COMPACT Ver.,34,0
2026-08-09T19:31:40+08:00,VideoCall·COMPACT Ver.,34,0
2026-08-09T19:31:51+08:00,VideoCall·COMPACT Ver.,34,0
2026-08-09T19:32:02+08:00,VideoCall·COMPACT Ver.,34,0
2026-08-09T19:32:25+08:00,VideoCall·COMPACT Ver.,34,0
2026-08-09T19:32:36+08:00,VideoCall·COMPACT Ver.,34,0
2026-08-09T19:32:46+08:00,VideoCall·COMPACT Ver.,34,0
2026-08-09T19:32:57+08:00,VideoCall·COMPACT Ver.,34,0
2026-08-09T19:33:08+08:00,VideoCall·COMPACT Ver.,34,0
2026-08-09T19:33:18+08:00,VideoCall·COMPACT Ver.,34,0
2026-08-09T19:33:41+08:00,VideoCall·COMPACT Ver.,34,0
2026-08-09T19:33:52+08:00,VideoCall·COMPACT Ver.,34,0
2026-08-09T19:34:02+08:00,VideoCall·COMPACT Ver.,34,0
2026-08-09T19:34:13+08:00,VideoCall·COMPACT Ver.,34,0
2026-08-09T19:34:24+08:00,VideoCall·COMPACT Ver.,34,0
2026-08-09T19:34:35+08:00,VideoCall·COMPACT Ver.,34,0
2026-08-09T19:34:57+08:00,VideoCall·COMPACT Ver.,34,0
2026-08-09T19:35:08+08:00,VideoCall·COMPACT Ver.,34,0
2026-08-09T19:35:18+08:00,VideoCall·COMPACT Ver.,34,0
2026-08-09T19:35:29+08:00,VideoCall·COMPACT Ver.,34,0
2026-08-09T19:35:40+08:00,VideoCall·COMPACT Ver.,34,0
2026-08-09T19:35:50+08:00,VideoCall·COMPACT Ver.,34,0
2026-08-09T19:36:13+08:00,VideoCall·COMPACT Ver.,34,0
2026-08-09T19:36:24+08:00,VideoCall·COMPACT Ver.,34,0
2026-08-09T19:36:35+08:00,VideoCall·COMPACT Ver.,34,0
2026-08-09T19:36:45+08:00,VideoCall·COMPACT Ver.,34,0
2026-08-09T19:36:56+08:00,VideoCall·COMPACT Ver.,34,0
2026-08-09T19:37:06+08:00,VideoCall·COMPACT Ver.,34,0
2026-08-09T19:37:29+08:00,VideoCall·COMPACT Ver.,34,0
2026-08-09T19:37:40+08:00,VideoCall·COMPACT Ver.,34,0
2026-08-09T19:37:51+08:00,VideoCall·COMPACT Ver.,34,0
2026-08-09T19:38:02+08:00,VideoCall·COMPACT Ver.,34,0
2026-08-09T19:38:12+08:00,VideoCall·COMPACT Ver.,34,0
2026-08-09T19:38:22+08:00,VideoCall·COMPACT Ver.,34,0
2026-08-09T19:38:45+08:00,VideoCall·COMPACT Ver.,34,0
2026-08-09T19:38:56+08:00,VideoCall·COMPACT Ver.,34,0
2026-08-09T19:39:06+08:00,VideoCall·COMPACT Ver.,34,0
2026-08-09T19:39:17+08:00,VideoCall·COMPACT Ver.,34,0
2026-08-09T19:39:27+08:00,VideoCall·COMPACT Ver.,34,0
2026-08-09T19:39:38+08:00,VideoCall·COMPACT Ver.,34,0
2026-08-09T19:40:02+08:00,VideoCall·COMPACT Ver.,34,0
2026-08-09T19:40:13+08:00,VideoCall·COMPACT Ver.,34,0
2026-08-09T19:40:24+08:00,VideoCall·COMPACT Ver.,34,0
2026-08-09T19:40:34+08:00,VideoCall·COMPACT Ver.,34,0
2026-08-09T19:40:45+08:00,VideoCall·COMPACT Ver.,34,0
2026-08-09T19:40:55+08:00,VideoCall·COMPACT Ver.,34,0
2026-08-09T19:41:18+08:00,VideoCall·COMPACT Ver.,34,0
2026-08-09T19:41:28+08:00,VideoCall·COMPACT Ver.,34,0
2026-08-09T19:41:39+08:00,VideoCall·COMPACT Ver.,34,0
2026-08-09T19:41:50+08:00,VideoCall·COMPACT Ver.,34,0
2026-08-09T19:42:00+08:00,VideoCall·COMPACT Ver.,34,0
2026-08-09T19:42:11+08:00,VideoCall·COMPACT Ver.,34,0
2026-08-09T19:42:34+08:00,VideoCall·COMPACT Ver.,34,0
2026-08-09T19:42:45+08:00,VideoCall·COMPACT Ver.,34,0
2026-08-09T19:42:55+08:00,VideoCall·COMPACT Ver.,34,0
2026-08-09T19:43:06+08:00,VideoCall·COMPACT Ver.,34,0
2026-08-09T19:43:17+08:00,VideoCall·COMPACT Ver.,34,0
2026-08-09T19:43:27+08:00,VideoCall·COMPACT Ver.,34,0
2026-08-09T19:43:50+08:00,VideoCall·COMPACT Ver.,34,0
2026-08-09T19:44:01+08:00,VideoCall·COMPACT Ver.,34,0
2026-08-09T19:44:11+08:00,VideoCall·COMPACT Ver.,34,0
2026-08-09T19:44:21+08:00,VideoCall·COMPACT Ver.,34,0
2026-08-09T19:44:32+08:00,VideoCall·COMPACT Ver.,34,0
2026-08-09T19:44:43+08:00,VideoCall·COMPACT Ver.,34,0
2026-08-09T19:45:05+08:00,VideoCall·COMPACT Ver.,34,0
2026-08-09T19:45:16+08:00,VideoCall·COMPACT Ver.,34,0
2026-08-09T19:45:27+08:00,VideoCall·COMPACT Ver.,34,0
2026-08-09T19:45:37+08:00,VideoCall·COMPACT Ver.,34,0
2026-08-09T19:45:48+08:00,VideoCall·COMPACT Ver.,34,0
2026-08-09T19:45:58+08:00,VideoCall·COMPACT Ver.,34,0
2026-08-09T19:46:22+08:00,VideoCall·COMPACT Ver.,34,0
2026-08-09T19:46:33+08:00,VideoCall·COMPACT Ver.,34,0
2026-08-09T19:46:43+08:00,VideoCall·COMPACT Ver.,34,0
2026-08-09T19:46:54+08:00,VideoCall·COMPACT Ver.,34,0
2026-08-09T19:47:04+08:00,VideoCall·COMPACT Ver.,34,0
2026-08-09T19:47:15+08:00,VideoCall·COMPACT Ver.,34,0
2026-08-09T19:47:38+08:00,VideoCall·COMPACT Ver.,34,0
2026-08-09T19:47:49+08:00,VideoCall·COMPACT Ver.,34,0
2026-08-09T19:47:59+08:00,VideoCall·COMPACT Ver.,34,0
2026-08-09T19:48:10+08:00,VideoCall·COMPACT Ver.,34,0
2026-08-09T19:48:20+08:00,VideoCall·COMPACT Ver.,34,0
2026-08-09T19:48:31+08:00,VideoCall·COMPACT Ver.,34,0
2026-08-09T19:49:22+08:00,VideoCall·COMPACT Ver.,34,0
2026-08-09T19:49:32+08:00,VideoCall·COMPACT Ver.,34,0
2026-08-09T19:49:43+08:00,VideoCall·COMPACT Ver.,34,0
2026-08-09T19:49:53+08:00,VideoCall·COMPACT Ver.,34,0
2026-08-09T19:50:04+08:00,VideoCall·COMPACT Ver.,34,0
2026-08-09T19:50:14+08:00,VideoCall·COMPACT Ver.,34,0
2026-08-09T19:50:25+08:00,VideoCall·COMPACT Ver.,34,0
2026-08-09T19:50:48+08:00,VideoCall·COMPACT Ver.,34,0
2026-08-09T19:50:59+08:00,VideoCall·COMPACT Ver.,34,0
2026-08-09T19:51:09+08:00,VideoCall·COMPACT Ver.,34,0
2026-08-09T19:51:20+08:00,VideoCall·COMPACT Ver.,34,0
2026-08-09T19:51:30+08:00,VideoCall·COMPACT Ver.,34,0
2026-08-09T19:51:41+08:00,VideoCall·COMPACT Ver.,34,0
2026-08-09T19:52:03+08:00,VideoCall·COMPACT Ver.,34,0
2026-08-09T19:52:14+08:00,VideoCall·COMPACT Ver.,34,0
2026-08-09T19:52:24+08:00,VideoCall·COMPACT Ver.,34,0
2026-08-09T19:52:35+08:00,VideoCall·COMPACT Ver.,34,0
2026-08-09T19:52:45+08:00,VideoCall·COMPACT Ver.,34,0
2026-08-09T19:52:56+08:00,VideoCall·COMPACT Ver.,34,0
2026-08-09T19:53:19+08:00,VideoCall·COMPACT Ver.,34,0
2026-08-09T19:53:29+08:00,VideoCall·COMPACT Ver.,34,0
2026-08-09T19:53:40+08:00,VideoCall·COMPACT Ver.,34,0
2026-08-09T19:53:50+08:00,VideoCall·COMPACT Ver.,34,0
2026-08-09T19:54:01+08:00,VideoCall·COMPACT Ver.,34,0
2026-08-09T19:54:11+08:00,VideoCall·COMPACT Ver.,34,0
2026-08-09T19:54:33+08:00,VideoCall·COMPACT Ver.,34,0
2026-08-09T19:54:44+08:00,VideoCall·COMPACT Ver.,34,0
2026-08-09T19:54:54+08:00,VideoCall·COMPACT Ver.,34,0
2026-08-09T19:55:05+08:00,VideoCall·COMPACT Ver.,34,0
2026-08-09T19:55:15+08:00,VideoCall·COMPACT Ver.,34,0
2026-08-09T19:55:26+08:00,VideoCall·COMPACT Ver.,34,0
2026-08-09T19:55:47+08:00,VideoCall·COMPACT Ver.,34,0
2026-08-09T19:55:58+08:00,VideoCall·COMPACT Ver.,34,0
2026-08-09T19:56:09+08:00,VideoCall·COMPACT Ver.,34,0
2026-08-09T19:56:19+08:00,VideoCall·COMPACT Ver.,34,0
2026-08-09T19:56:30+08:00,VideoCall·COMPACT Ver.,34,0
2026-08-09T19:56:40+08:00,VideoCall·COMPACT Ver.,34,0
2026-08-09T19:57:01+08:00,VideoCall·COMPACT Ver.,34,0
2026-08-09T19:57:12+08:00,VideoCall·COMPACT Ver.,34,0
2026-08-09T19:57:23+08:00,VideoCall·COMPACT Ver.,34,0
2026-08-09T19:57:33+08:00,VideoCall·COMPACT Ver.,34,0
2026-08-09T19:57:44+08:00,VideoCall·COMPACT Ver.,34,0
2026-08-09T19:57:54+08:00,VideoCall·COMPACT Ver.,34,0
2026-08-09T19:58:16+08:00,VideoCall·COMPACT Ver.,34,0
2026-08-09T19:58:26+08:00,VideoCall·COMPACT Ver.,34,0
2026-08-09T19:58:37+08:00,VideoCall·COMPACT Ver.,34,0
2026-08-09T19:58:47+08:00,VideoCall·COMPACT Ver.,34,0
2026-08-09T19:58:57+08:00,VideoCall·COMPACT Ver.,34,0
2026-08-09T19:59:08+08:00,VideoCall·COMPACT Ver.,34,0
2026-08-09T19:59:29+08:00,VideoCall·COMPACT Ver.,34,0
2026-08-09T19:59:40+08:00,VideoCall·COMPACT Ver.,34,0
2026-08-09T19:59:50+08:00,VideoCall·COMPACT Ver.,34,0
2026-08-09T20:00:01+08:00,VideoCall·COMPACT Ver.,34,0
2026-08-09T20:00:11+08:00,VideoCall·COMPACT Ver.,34,0
2026-08-09T20:00:21+08:00,VideoCall·COMPACT Ver.,34,0
2026-08-09T20:00:43+08:00,VideoCall·COMPACT Ver.,34,0
2026-08-09T20:00:54+08:00,VideoCall·COMPACT Ver.,34,0
2026-08-09T20:01:04+08:00,VideoCall·COMPACT Ver.,34,0
2026-08-09T20:01:15+08:00,VideoCall·COMPACT Ver.,34,0
2026-08-09T20:01:26+08:00,VideoCall·COMPACT Ver.,34,0
2026-08-09T20:01:36+08:00,VideoCall·COMPACT Ver.,34,0
2026-08-09T20:01:58+08:00,VideoCall·COMPACT Ver.,34,0
2026-08-09T20:02:08+08:00,VideoCall·COMPACT Ver.,34,0
2026-08-09T20:02:19+08:00,VideoCall·COMPACT Ver.,34,0
2026-08-09T20:02:29+08:00,VideoCall·COMPACT Ver.,34,0
2026-08-09T20:02:40+08:00,VideoCall·COMPACT Ver.,34,0
2026-08-09T20:02:50+08:00,VideoCall·COMPACT Ver.,34,0
2026-08-09T20:03:12+08:00,VideoCall·COMPACT Ver.,34,0
2026-08-09T20:03:23+08:00,VideoCall·COMPACT Ver.,34,0
2026-08-09T20:03:33+08:00,VideoCall·COMPACT Ver.,34,0
2026-08-09T20:03:44+08:00,VideoCall·COMPACT Ver.,34,0
2026-08-09T20:03:54+08:00,VideoCall·COMPACT Ver.,34,0
2026-08-09T20:04:05+08:00,VideoCall·COMPACT Ver.,34,0
2026-08-09T20:04:27+08:00,VideoCall·COMPACT Ver.,34,0
2026-08-09T20:04:37+08:00,VideoCall·COMPACT Ver.,34,0
2026-08-09T20:04:48+08:00,VideoCall·COMPACT Ver.,34,0
2026-08-09T20:04:58+08:00,VideoCall·COMPACT Ver.,34,0
2026-08-09T20:05:09+08:00,VideoCall·COMPACT Ver.,34,0
2026-08-09T20:05:19+08:00,VideoCall·COMPACT Ver.,34,0
2026-08-09T20:05:42+08:00,VideoCall·COMPACT Ver.,34,0
2026-08-09T20:05:52+08:00,VideoCall·COMPACT Ver.,34,0
2026-08-09T20:06:03+08:00,VideoCall·COMPACT Ver.,34,0
2026-08-09T20:06:14+08:00,VideoCall·COMPACT Ver.,34,0
2026-08-09T20:06:24+08:00,VideoCall·COMPACT Ver.,34,0
2026-08-09T20:06:34+08:00,VideoCall·COMPACT Ver.,34,0
2026-08-09T20:06:56+08:00,VideoCall·COMPACT Ver.,34,0
2026-08-09T20:07:07+08:00,VideoCall·COMPACT Ver.,34,0
2026-08-09T20:07:17+08:00,VideoCall·COMPACT Ver.,34,0
2026-08-09T20:07:28+08:00,VideoCall·COMPACT Ver.,34,0
2026-08-09T20:07:38+08:00,VideoCall·COMPACT Ver.,34,0
2026-08-09T20:07:49+08:00,VideoCall·COMPACT Ver.,34,0
2026-08-09T20:08:12+08:00,VideoCall·COMPACT Ver.,34,0
2026-08-09T20:08:22+08:00,VideoCall·COMPACT Ver.,34,0
2026-08-09T20:08:33+08:00,VideoCall·COMPACT Ver.,34,0
2026-08-09T20:08:43+08:00,VideoCall·COMPACT Ver.,34,0
2026-08-09T20:08:53+08:00,VideoCall·COMPACT Ver.,34,0
2026-08-09T20:09:04+08:00,VideoCall·COMPACT Ver.,34,0
2026-08-09T20:09:26+08:00,VideoCall·COMPACT Ver.,34,0
2026-08-09T20:09:37+08:00,VideoCall·COMPACT Ver.,34,0
2026-08-09T20:09:47+08:00,VideoCall·COMPACT Ver.,34,0
2026-08-09T20:09:58+08:00,VideoCall·COMPACT Ver.,34,0
2026-08-09T20:10:08+08:00,VideoCall·COMPACT Ver.,34,0
2026-08-09T20:10:19+08:00,VideoCall·COMPACT Ver.,34,0
2026-08-09T20:10:40+08:00,VideoCall·COMPACT Ver.,34,0
2026-08-09T20:10:51+08:00,VideoCall·COMPACT Ver.,34,0
2026-08-09T20:11:01+08:00,VideoCall·COMPACT Ver.,34,0
2026-08-09T20:11:12+08:00,VideoCall·COMPACT Ver.,34,0
2026-08-09T20:11:23+08:00,VideoCall·COMPACT Ver.,34,0
2026-08-09T20:11:33+08:00,VideoCall·COMPACT Ver.,34,0
2026-08-09T20:11:54+08:00,VideoCall·COMPACT Ver.,34,0
2026-08-09T20:12:05+08:00,VideoCall·COMPACT Ver.,34,0
2026-08-09T20:12:16+08:00,VideoCall·COMPACT Ver.,34,0
2026-08-09T20:12:26+08:00,VideoCall·COMPACT Ver.,34,0
2026-08-09T20:12:37+08:00,VideoCall·COMPACT Ver.,34,0
2026-08-09T20:12:47+08:00,VideoCall·COMPACT Ver.,34,0
2026-08-09T20:13:10+08:00,VideoCall·COMPACT Ver.,34,0
2026-08-09T20:13:21+08:00,VideoCall·COMPACT Ver.,34,0
2026-08-09T20:13:31+08:00,VideoCall·COMPACT Ver.,34,0
2026-08-09T20:13:42+08:00,VideoCall·COMPACT Ver.,34,0
2026-08-09T20:13:52+08:00,VideoCall·COMPACT Ver.,34,0
2026-08-09T20:14:02+08:00,VideoCall·COMPACT Ver.,34,0
2026-08-09T20:14:24+08:00,VideoCall·COMPACT Ver.,34,0
2026-08-09T20:14:35+08:00,VideoCall·COMPACT Ver.,34,0
2026-08-09T20:14:45+08:00,VideoCall·COMPACT Ver.,34,0
2026-08-09T20:14:56+08:00,VideoCall·COMPACT Ver.,34,0
2026-08-09T20:15:06+08:00,VideoCall·COMPACT Ver.,34,0
2026-08-09T20:15:17+08:00,VideoCall·COMPACT Ver.,34,0
2026-08-09T20:15:38+08:00,VideoCall·COMPACT Ver.,34,0
2026-08-09T20:15:49+08:00,VideoCall·COMPACT Ver.,34,0
2026-08-09T20:15:59+08:00,VideoCall·COMPACT Ver.,34,0
2026-08-09T20:16:09+08:00,VideoCall·COMPACT Ver.,34,0
2026-08-09T20:16:20+08:00,VideoCall·COMPACT Ver.,34,0
2026-08-09T20:16:30+08:00,VideoCall·COMPACT Ver.,34,0
2026-08-09T20:16:52+08:00,VideoCall·COMPACT Ver.,34,0
2026-08-09T20:17:04+08:00,VideoCall·COMPACT Ver.,34,0
2026-08-09T20:17:14+08:00,VideoCall·COMPACT Ver.,34,0
2026-08-09T20:17:24+08:00,VideoCall·COMPACT Ver.,34,0
2026-08-09T20:17:35+08:00,VideoCall·COMPACT Ver.,34,0
2026-08-09T20:17:45+08:00,VideoCall·COMPACT Ver.,34,0
2026-08-09T20:18:07+08:00,VideoCall·COMPACT Ver.,34,0
2026-08-09T20:18:18+08:00,VideoCall·COMPACT Ver.,34,0
2026-08-09T20:18:28+08:00,VideoCall·COMPACT Ver.,34,0
2026-08-09T20:18:39+08:00,VideoCall·COMPACT Ver.,34,0
2026-08-09T20:18:49+08:00,VideoCall·COMPACT Ver.,34,0
2026-08-09T20:19:00+08:00,VideoCall·COMPACT Ver.,34,0
2026-08-09T20:19:21+08:00,VideoCall·COMPACT Ver.,34,0
2026-08-09T20:19:31+08:00,VideoCall·COMPACT Ver.,34,0
2026-08-09T20:19:41+08:00,VideoCall·COMPACT Ver.,34,0
2026-08-09T20:19:52+08:00,VideoCall·COMPACT Ver.,34,0
2026-08-09T20:20:02+08:00,VideoCall·COMPACT Ver.,34,0
2026-08-09T20:20:12+08:00,VideoCall·COMPACT Ver.,34,0
2026-08-09T20:20:35+08:00,VideoCall·COMPACT Ver.,34,0
2026-08-09T20:20:46+08:00,VideoCall·COMPACT Ver.,34,0
2026-08-09T20:20:56+08:00,VideoCall·COMPACT Ver.,34,0
2026-08-09T20:21:07+08:00,VideoCall·COMPACT Ver.,34,0
2026-08-09T20:21:17+08:00,VideoCall·COMPACT Ver.,34,0
2026-08-09T20:21:27+08:00,VideoCall·COMPACT Ver.,34,0
2026-08-09T20:21:50+08:00,VideoCall·COMPACT Ver.,34,0
2026-08-09T20:22:00+08:00,VideoCall·COMPACT Ver.,34,0
2026-08-09T20:22:11+08:00,VideoCall·COMPACT Ver.,34,0
2026-08-09T20:22:21+08:00,VideoCall·COMPACT Ver.,34,0
2026-08-09T20:22:32+08:00,VideoCall·COMPACT Ver.,34,0
2026-08-09T20:22:42+08:00,VideoCall·COMPACT Ver.,34,0
2026-08-09T20:23:04+08:00,VideoCall·COMPACT Ver.,34,0
2026-08-09T20:23:15+08:00,VideoCall·COMPACT Ver.,34,0
2026-08-09T20:23:25+08:00,VideoCall·COMPACT Ver.,34,0
2026-08-09T20:23:36+08:00,VideoCall·COMPACT Ver.,34,0
2026-08-09T20:23:46+08:00,VideoCall·COMPACT Ver.,34,0
2026-08-09T20:23:57+08:00,VideoCall·COMPACT Ver.,34,0
2026-08-09T20:24:19+08:00,VideoCall·COMPACT Ver.,34,0
2026-08-09T20:24:29+08:00,VideoCall·COMPACT Ver.,34,0
2026-08-09T20:24:39+08:00,VideoCall·COMPACT Ver.,34,0
2026-08-09T20:24:50+08:00,VideoCall·COMPACT Ver.,34,0
2026-08-09T20:25:01+08:00,VideoCall·COMPACT Ver.,34,0
2026-08-09T20:25:11+08:00,VideoCall·COMPACT Ver.,34,0
2026-08-09T20:25:32+08:00,VideoCall·COMPACT Ver.,34,0
2026-08-09T20:25:43+08:00,VideoCall·COMPACT Ver.,34,0
2026-08-09T20:25:54+08:00,VideoCall·COMPACT Ver.,34,0
2026-08-09T20:26:05+08:00,VideoCall·COMPACT Ver.,34,0
2026-08-09T20:26:15+08:00,VideoCall·COMPACT Ver.,34,0
2026-08-09T20:26:26+08:00,VideoCall·COMPACT Ver.,34,0
2026-08-09T20:26:47+08:00,VideoCall·COMPACT Ver.,34,0
2026-08-09T20:26:58+08:00,VideoCall·COMPACT Ver.,34,0
2026-08-09T20:27:08+08:00,VideoCall·COMPACT Ver.,34,0
2026-08-09T20:27:18+08:00,VideoCall·COMPACT Ver.,34,0
2026-08-09T20:27:29+08:00,VideoCall·COMPACT Ver.,34,0
2026-08-09T20:27:39+08:00,VideoCall·COMPACT Ver.,34,0
2026-08-09T20:28:02+08:00,VideoCall·COMPACT Ver.,34,0
2026-08-09T20:28:13+08:00,VideoCall·COMPACT Ver.,34,0
2026-08-09T20:28:24+08:00,VideoCall·COMPACT Ver.,34,0
2026-08-09T20:28:34+08:00,VideoCall·COMPACT Ver.,34,0
2026-08-09T20:28:44+08:00,VideoCall·COMPACT Ver.,34,0
2026-08-09T20:28:55+08:00,VideoCall·COMPACT Ver.,34,0
2026-08-09T20:29:17+08:00,VideoCall·COMPACT Ver.,34,0
2026-08-09T20:29:28+08:00,VideoCall·COMPACT Ver.,34,0
2026-08-09T20:29:38+08:00,VideoCall·COMPACT Ver.,34,0
2026-08-09T20:29:49+08:00,VideoCall·COMPACT Ver.,34,0
2026-08-09T20:29:59+08:00,VideoCall·COMPACT Ver.,34,0
2026-08-09T20:30:10+08:00,VideoCall·COMPACT Ver.,34,0
2026-08-09T20:30:32+08:00,VideoCall·COMPACT Ver.,34,0
2026-08-09T20:30:43+08:00,VideoCall·COMPACT Ver.,34,0
2026-08-09T20:30:53+08:00,VideoCall·COMPACT Ver.,34,0
2026-08-09T20:31:03+08:00,VideoCall·COMPACT Ver.,34,0
2026-08-09T20:31:14+08:00,VideoCall·COMPACT Ver.,34,0
2026-08-09T20:31:24+08:00,VideoCall·COMPACT Ver.,34,0
2026-08-09T20:31:46+08:00,VideoCall·COMPACT Ver.,34,0
2026-08-09T20:31:57+08:00,VideoCall·COMPACT Ver.,34,0
2026-08-09T20:32:07+08:00,VideoCall·COMPACT Ver.,34,0
2026-08-09T20:32:18+08:00,VideoCall·COMPACT Ver.,34,0
2026-08-09T20:32:28+08:00,VideoCall·COMPACT Ver.,34,0
2026-08-09T20:32:39+08:00,VideoCall·COMPACT Ver.,34,0
2026-08-09T20:33:02+08:00,VideoCall·COMPACT Ver.,34,0
2026-08-09T20:33:13+08:00,VideoCall·COMPACT Ver.,34,0
2026-08-09T20:33:23+08:00,VideoCall·COMPACT Ver.,34,0
2026-08-09T20:33:34+08:00,VideoCall·COMPACT Ver.,34,0
2026-08-09T20:33:44+08:00,VideoCall·COMPACT Ver.,34,0
2026-08-09T20:33:55+08:00,VideoCall·COMPACT Ver.,34,0
2026-08-09T20:34:17+08:00,VideoCall·COMPACT Ver.,34,0
2026-08-09T20:34:27+08:00,VideoCall·COMPACT Ver.,34,0
2026-08-09T20:34:38+08:00,VideoCall·COMPACT Ver.,34,0
2026-08-09T20:34:48+08:00,VideoCall·COMPACT Ver.,34,0
2026-08-09T20:34:59+08:00,VideoCall·COMPACT Ver.,34,0
2026-08-09T20:35:09+08:00,VideoCall·COMPACT Ver.,34,0
2026-08-09T20:35:30+08:00,VideoCall·COMPACT Ver.,34,0
2026-08-09T20:35:41+08:00,VideoCall·COMPACT Ver.,34,0
2026-08-09T20:35:51+08:00,VideoCall·COMPACT Ver.,34,0
2026-08-09T20:36:02+08:00,VideoCall·COMPACT Ver.,34,0
2026-08-09T20:36:12+08:00,VideoCall·COMPACT Ver.,34,0
2026-08-09T20:36:23+08:00,VideoCall·COMPACT Ver.,34,0
2026-08-09T20:36:46+08:00,VideoCall·COMPACT Ver.,34,0
2026-08-09T20:36:57+08:00,VideoCall·COMPACT Ver.,34,0
2026-08-09T20:37:07+08:00,VideoCall·COMPACT Ver.,34,0
2026-08-09T20:37:18+08:00,VideoCall·COMPACT Ver.,34,0
2026-08-09T20:37:28+08:00,VideoCall·COMPACT Ver.,34,0
2026-08-09T20:37:39+08:00,VideoCall·COMPACT Ver.,34,0
2026-08-09T20:38:00+08:00,VideoCall·COMPACT Ver.,34,0
2026-08-09T20:38:10+08:00,VideoCall·COMPACT Ver.,34,0
2026-08-09T20:38:21+08:00,VideoCall·COMPACT Ver.,34,0
2026-08-09T20:38:31+08:00,VideoCall·COMPACT Ver.,34,0
2026-08-09T20:38:42+08:00,VideoCall·COMPACT Ver.,34,0
2026-08-09T20:38:52+08:00,VideoCall·COMPACT Ver.,34,0
2026-08-09T20:39:14+08:00,VideoCall·COMPACT Ver.,34,0
2026-08-09T20:39:41+08:00,VideoCall·COMPACT Ver.,34,0
2026-08-09T20:39:52+08:00,VideoCall·COMPACT Ver.,34,0
2026-08-09T20:40:02+08:00,VideoCall·COMPACT Ver.,34,0
2026-08-09T20:40:13+08:00,VideoCall·COMPACT Ver.,34,0
2026-08-09T20:40:24+08:00,VideoCall·COMPACT Ver.,34,0
2026-08-09T20:40:34+08:00,VideoCall·COMPACT Ver.,34,0
2026-08-09T20:40:45+08:00,VideoCall·COMPACT Ver.,34,0
2026-08-09T20:41:10+08:00,VideoCall·COMPACT Ver.,34,0
2026-08-09T20:41:20+08:00,VideoCall·COMPACT Ver.,34,0
2026-08-09T20:41:30+08:00,VideoCall·COMPACT Ver.,34,0
2026-08-09T20:41:41+08:00,VideoCall·COMPACT Ver.,34,0
2026-08-09T20:41:52+08:00,VideoCall·COMPACT Ver.,34,0
2026-08-09T20:42:03+08:00,VideoCall·COMPACT Ver.,34,0
2026-08-09T20:42:27+08:00,VideoCall·COMPACT Ver.,34,0
2026-08-09T20:42:37+08:00,VideoCall·COMPACT Ver.,34,0
2026-08-09T20:42:47+08:00,VideoCall·COMPACT Ver.,34,0
2026-08-09T20:42:58+08:00,VideoCall·COMPACT Ver.,34,0
2026-08-09T20:43:08+08:00,VideoCall·COMPACT Ver.,34,0
2026-08-09T20:43:19+08:00,VideoCall·COMPACT Ver.,34,0
2026-08-09T20:43:44+08:00,VideoCall·COMPACT Ver.,34,0
2026-08-09T20:43:54+08:00,VideoCall·COMPACT Ver.,34,0
2026-08-09T20:44:05+08:00,VideoCall·COMPACT Ver.,34,0
2026-08-09T20:44:16+08:00,VideoCall·COMPACT Ver.,34,0
2026-08-09T20:44:27+08:00,VideoCall·COMPACT Ver.,34,0
2026-08-09T20:44:38+08:00,VideoCall·COMPACT Ver.,34,0
2026-08-09T20:45:02+08:00,VideoCall·COMPACT Ver.,34,0
2026-08-09T20:45:13+08:00,VideoCall·COMPACT Ver.,34,0
2026-08-09T20:45:24+08:00,VideoCall·COMPACT Ver.,34,0
2026-08-09T20:45:34+08:00,VideoCall·COMPACT Ver.,34,0
2026-08-09T20:45:45+08:00,VideoCall·COMPACT Ver.,34,0
2026-08-09T20:45:55+08:00,VideoCall·COMPACT Ver.,34,0
2026-08-09T20:46:20+08:00,VideoCall·COMPACT Ver.,34,0
2026-08-09T20:46:30+08:00,VideoCall·COMPACT Ver.,34,0
2026-08-09T20:46:41+08:00,VideoCall·COMPACT Ver.,34,0
2026-08-09T20:46:52+08:00,VideoCall·COMPACT Ver.,34,0
2026-08-09T20:47:02+08:00,VideoCall·COMPACT Ver.,34,0
2026-08-09T20:47:13+08:00,VideoCall·COMPACT Ver.,34,0
2026-08-09T20:47:38+08:00,VideoCall·COMPACT Ver.,34,0
2026-08-09T20:47:48+08:00,VideoCall·COMPACT Ver.,34,0
2026-08-09T20:47:59+08:00,VideoCall·COMPACT Ver.,34,0
2026-08-09T20:48:09+08:00,VideoCall·COMPACT Ver.,34,0
2026-08-09T20:48:21+08:00,VideoCall·COMPACT Ver.,34,0
2026-08-09T20:48:32+08:00,VideoCall·COMPACT Ver.,34,0
2026-08-09T20:48:56+08:00,VideoCall·COMPACT Ver.,34,0
2026-08-09T20:49:06+08:00,VideoCall·COMPACT Ver.,34,0
2026-08-09T20:49:17+08:00,VideoCall·COMPACT Ver.,34,0
2026-08-09T20:49:28+08:00,VideoCall·COMPACT Ver.,34,0
2026-08-09T20:49:38+08:00,VideoCall·COMPACT Ver.,34,0
2026-08-09T20:49:49+08:00,VideoCall·COMPACT Ver.,34,0
2026-08-09T20:50:13+08:00,VideoCall·COMPACT Ver.,34,0
2026-08-09T20:50:24+08:00,VideoCall·COMPACT Ver.,34,0
2026-08-09T20:50:34+08:00,VideoCall·COMPACT Ver.,34,0
2026-08-09T20:50:45+08:00,VideoCall·COMPACT Ver.,34,0
2026-08-09T20:50:56+08:00,VideoCall·COMPACT Ver.,34,0
2026-08-09T20:51:06+08:00,VideoCall·COMPACT Ver.,34,0
2026-08-09T20:51:30+08:00,VideoCall·COMPACT Ver.,34,0
2026-08-09T20:51:41+08:00,VideoCall·COMPACT Ver.,34,0
2026-08-09T20:51:51+08:00,VideoCall·COMPACT Ver.,34,0
2026-08-09T20:52:02+08:00,VideoCall·COMPACT Ver.,34,0
2026-08-09T20:52:13+08:00,VideoCall·COMPACT Ver.,34,0
2026-08-09T20:52:23+08:00,VideoCall·COMPACT Ver.,34,0
2026-08-09T20:52:47+08:00,VideoCall·COMPACT Ver.,34,0
2026-08-09T20:52:58+08:00,VideoCall·COMPACT Ver.,34,0
2026-08-09T20:53:08+08:00,VideoCall·COMPACT Ver.,34,0
2026-08-09T20:53:19+08:00,VideoCall·COMPACT Ver.,34,0
2026-08-09T20:53:29+08:00,VideoCall·COMPACT Ver.,34,0
2026-08-09T20:53:39+08:00,VideoCall·COMPACT Ver.,34,0
2026-08-09T20:54:03+08:00,VideoCall·COMPACT Ver.,34,0
2026-08-09T20:54:14+08:00,VideoCall·COMPACT Ver.,34,0
2026-08-09T20:54:25+08:00,VideoCall·COMPACT Ver.,34,0
2026-08-09T20:54:35+08:00,VideoCall·COMPACT Ver.,34,0
2026-08-09T20:54:46+08:00,VideoCall·COMPACT Ver.,34,0
2026-08-09T20:54:57+08:00,VideoCall·COMPACT Ver.,34,0
2026-08-09T20:55:21+08:00,VideoCall·COMPACT Ver.,34,0
2026-08-09T20:55:31+08:00,VideoCall·COMPACT Ver.,34,0
2026-08-09T20:55:42+08:00,VideoCall·COMPACT Ver.,34,0
2026-08-09T20:55:52+08:00,VideoCall·COMPACT Ver.,34,0
2026-08-09T20:56:03+08:00,VideoCall·COMPACT Ver.,34,0
2026-08-09T20:56:14+08:00,VideoCall·COMPACT Ver.,34,0
2026-08-09T20:56:37+08:00,VideoCall·COMPACT Ver.,34,0
2026-08-09T20:56:48+08:00,VideoCall·COMPACT Ver.,34,0
2026-08-09T20:56:58+08:00,VideoCall·COMPACT Ver.,34,0
2026-08-09T20:57:09+08:00,VideoCall·COMPACT Ver.,34,0
2026-08-09T20:57:19+08:00,VideoCall·COMPACT Ver.,34,0
2026-08-09T20:57:29+08:00,VideoCall·COMPACT Ver.,34,0
2026-08-09T20:58:40+08:00,VideoCall·COMPACT Ver.,34,0
2026-08-09T20:58:51+08:00,VideoCall·COMPACT Ver.,34,0
2026-08-09T20:59:01+08:00,VideoCall·COMPACT Ver.,34,0
2026-08-09T20:59:12+08:00,VideoCall·COMPACT Ver.,34,0
2026-08-09T20:59:22+08:00,VideoCall·COMPACT Ver.,34,0
2026-08-09T20:59:32+08:00,VideoCall·COMPACT Ver.,34,0
2026-08-09T20:59:42+08:00,VideoCall·COMPACT Ver.,34,0
2026-08-09T21:00:04+08:00,VideoCall·COMPACT Ver.,34,0
2026-08-09T21:00:14+08:00,VideoCall·COMPACT Ver.,34,0
2026-08-09T21:00:25+08:00,VideoCall·COMPACT Ver.,34,0
2026-08-09T21:00:35+08:00,VideoCall·COMPACT Ver.,34,0
2026-08-09T21:00:45+08:00,VideoCall·COMPACT Ver.,34,0
2026-08-09T21:00:55+08:00,VideoCall·COMPACT Ver.,34,0
2026-08-09T21:01:17+08:00,VideoCall·COMPACT Ver.,34,0
2026-08-09T21:01:28+08:00,VideoCall·COMPACT Ver.,34,0
2026-08-09T21:01:38+08:00,VideoCall·COMPACT Ver.,34,0
2026-08-09T21:01:48+08:00,VideoCall·COMPACT Ver.,34,0
2026-08-09T21:01:59+08:00,VideoCall·COMPACT Ver.,34,0
2026-08-09T21:02:09+08:00,VideoCall·COMPACT Ver.,34,0
2026-08-09T21:02:30+08:00,VideoCall·COMPACT Ver.,34,0
2026-08-09T21:02:40+08:00,VideoCall·COMPACT Ver.,34,0
2026-08-09T21:02:50+08:00,VideoCall·COMPACT Ver.,34,0
2026-08-09T21:03:01+08:00,VideoCall·COMPACT Ver.,34,0
2026-08-09T21:03:11+08:00,VideoCall·COMPACT Ver.,34,0
2026-08-09T21:03:21+08:00,VideoCall·COMPACT Ver.,34,0
2026-08-09T21:03:42+08:00,VideoCall·COMPACT Ver.,34,0
2026-08-09T21:03:52+08:00,VideoCall·COMPACT Ver.,34,0
2026-08-09T21:04:03+08:00,VideoCall·COMPACT Ver.,34,0
2026-08-09T21:04:13+08:00,VideoCall·COMPACT Ver.,34,0
2026-08-09T21:04:23+08:00,VideoCall·COMPACT Ver.,34,0
2026-08-09T21:04:34+08:00,VideoCall·COMPACT Ver.,34,0
2026-08-09T21:04:57+08:00,VideoCall·COMPACT Ver.,34,0
2026-08-09T21:05:07+08:00,VideoCall·COMPACT Ver.,34,0
2026-08-09T21:05:17+08:00,VideoCall·COMPACT Ver.,34,0
2026-08-09T21:05:28+08:00,VideoCall·COMPACT Ver.,34,0
2026-08-09T21:05:38+08:00,VideoCall·COMPACT Ver.,34,0
2026-08-09T21:05:48+08:00,VideoCall·COMPACT Ver.,34,0
2026-08-09T21:06:10+08:00,VideoCall·COMPACT Ver.,34,0
2026-08-09T21:06:21+08:00,VideoCall·COMPACT Ver.,34,0
2026-08-09T21:06:31+08:00,VideoCall·COMPACT Ver.,34,0
2026-08-09T21:06:42+08:00,VideoCall·COMPACT Ver.,34,0
2026-08-09T21:06:52+08:00,VideoCall·COMPACT Ver.,34,0
2026-08-09T21:07:02+08:00,VideoCall·COMPACT Ver.,34,0
2026-08-09T21:07:25+08:00,VideoCall·COMPACT Ver.,34,0
2026-08-09T21:07:35+08:00,VideoCall·COMPACT Ver.,34,0
2026-08-09T21:07:46+08:00,VideoCall·COMPACT Ver.,34,0
2026-08-09T21:07:56+08:00,VideoCall·COMPACT Ver.,34,0
2026-08-09T21:08:07+08:00,VideoCall·COMPACT Ver.,34,0
2026-08-09T21:08:18+08:00,VideoCall·COMPACT Ver.,34,0
2026-08-09T21:08:40+08:00,VideoCall·COMPACT Ver.,34,0
2026-08-09T21:08:50+08:00,VideoCall·COMPACT Ver.,34,0
2026-08-09T21:09:01+08:00,VideoCall·COMPACT Ver.,34,0
2026-08-09T21:09:11+08:00,VideoCall·COMPACT Ver.,34,0
2026-08-09T21:09:21+08:00,VideoCall·COMPACT Ver.,34,0
2026-08-09T21:09:32+08:00,VideoCall·COMPACT Ver.,34,0
2026-08-09T21:09:54+08:00,VideoCall·COMPACT Ver.,34,0
2026-08-09T21:10:05+08:00,VideoCall·COMPACT Ver.,34,0
2026-08-09T21:10:15+08:00,VideoCall·COMPACT Ver.,34,0
2026-08-09T21:10:25+08:00,VideoCall·COMPACT Ver.,34,0
2026-08-09T21:10:36+08:00,VideoCall·COMPACT Ver.,34,0
2026-08-09T21:10:46+08:00,VideoCall·COMPACT Ver.,34,0
2026-08-09T21:11:08+08:00,VideoCall·COMPACT Ver.,34,0
2026-08-09T21:11:18+08:00,VideoCall·COMPACT Ver.,34,0
2026-08-09T21:11:28+08:00,VideoCall·COMPACT Ver.,34,0
2026-08-09T21:11:39+08:00,VideoCall·COMPACT Ver.,34,0
2026-08-09T21:11:49+08:00,VideoCall·COMPACT Ver.,34,0
2026-08-09T21:11:59+08:00,VideoCall·COMPACT Ver.,34,0
2026-08-09T21:12:21+08:00,VideoCall·COMPACT Ver.,34,0
2026-08-09T21:12:32+08:00,VideoCall·COMPACT Ver.,34,0
2026-08-09T21:12:42+08:00,VideoCall·COMPACT Ver.,34,0
2026-08-09T21:12:52+08:00,VideoCall·COMPACT Ver.,34,0
2026-08-09T21:13:02+08:00,VideoCall·COMPACT Ver.,34,0
2026-08-09T21:13:12+08:00,VideoCall·COMPACT Ver.,34,0
2026-08-09T21:13:34+08:00,VideoCall·COMPACT Ver.,34,0
2026-08-09T21:13:44+08:00,VideoCall·COMPACT Ver.,34,0
2026-08-09T21:13:55+08:00,VideoCall·COMPACT Ver.,34,0
2026-08-09T21:14:05+08:00,VideoCall·COMPACT Ver.,34,0
2026-08-09T21:14:15+08:00,VideoCall·COMPACT Ver.,34,0
2026-08-09T21:14:26+08:00,VideoCall·COMPACT Ver.,34,0
2026-08-09T21:14:48+08:00,VideoCall·COMPACT Ver.,34,0
2026-08-09T21:14:58+08:00,VideoCall·COMPACT Ver.,34,0
2026-08-09T21:15:08+08:00,VideoCall·COMPACT Ver.,34,0
2026-08-09T21:15:19+08:00,VideoCall·COMPACT Ver.,34,0
2026-08-09T21:15:29+08:00,VideoCall·COMPACT Ver.,34,0
2026-08-09T21:15:39+08:00,VideoCall·COMPACT Ver.,34,0
2026-08-09T21:16:02+08:00,VideoCall·COMPACT Ver.,34,0
2026-08-09T21:16:12+08:00,VideoCall·COMPACT Ver.,34,0
2026-08-09T21:16:22+08:00,VideoCall·COMPACT Ver.,34,0
2026-08-09T21:16:32+08:00,VideoCall·COMPACT Ver.,34,0
2026-08-09T21:16:43+08:00,VideoCall·COMPACT Ver.,34,0
2026-08-09T21:16:53+08:00,VideoCall·COMPACT Ver.,34,0
2026-08-09T21:17:17+08:00,VideoCall·COMPACT Ver.,34,0
2026-08-09T21:17:27+08:00,VideoCall·COMPACT Ver.,34,0
2026-08-09T21:17:37+08:00,VideoCall·COMPACT Ver.,34,0
2026-08-09T21:17:47+08:00,VideoCall·COMPACT Ver.,34,0
2026-08-09T21:17:58+08:00,VideoCall·COMPACT Ver.,34,0
2026-08-09T21:18:08+08:00,VideoCall·COMPACT Ver.,34,0
2026-08-09T21:18:30+08:00,VideoCall·COMPACT Ver.,34,0
2026-08-09T21:18:41+08:00,VideoCall·COMPACT Ver.,34,0
2026-08-09T21:18:51+08:00,VideoCall·COMPACT Ver.,34,0
2026-08-09T21:19:02+08:00,VideoCall·COMPACT Ver.,34,0
2026-08-09T21:19:12+08:00,VideoCall·COMPACT Ver.,34,0
2026-08-09T21:19:22+08:00,VideoCall·COMPACT Ver.,34,0
2026-08-09T21:19:44+08:00,VideoCall·COMPACT Ver.,34,0
2026-08-09T21:19:54+08:00,VideoCall·COMPACT Ver.,34,0
2026-08-09T21:20:04+08:00,VideoCall·COMPACT Ver.,34,0
2026-08-09T21:20:14+08:00,VideoCall·COMPACT Ver.,34,0
2026-08-09T21:20:26+08:00,VideoCall·COMPACT Ver.,34,0
2026-08-09T21:20:36+08:00,VideoCall·COMPACT Ver.,34,0
2026-08-09T21:20:58+08:00,VideoCall·COMPACT Ver.,34,0
2026-08-09T21:21:08+08:00,VideoCall·COMPACT Ver.,34,0
2026-08-09T21:21:19+08:00,VideoCall·COMPACT Ver.,34,0
2026-08-09T21:21:29+08:00,VideoCall·COMPACT Ver.,34,0
2026-08-09T21:21:39+08:00,VideoCall·COMPACT Ver.,34,0
2026-08-09T21:21:49+08:00,VideoCall·COMPACT Ver.,34,0
2026-08-09T21:22:12+08:00,VideoCall·COMPACT Ver.,34,0
2026-08-09T21:22:22+08:00,VideoCall·COMPACT Ver.,34,0
2026-08-09T21:22:32+08:00,VideoCall·COMPACT Ver.,34,0
2026-08-09T21:22:42+08:00,VideoCall·COMPACT Ver.,34,0
2026-08-09T21:22:53+08:00,VideoCall·COMPACT Ver.,34,0
2026-08-09T21:23:03+08:00,VideoCall·COMPACT Ver.,34,0
2026-08-09T21:23:26+08:00,VideoCall·COMPACT Ver.,34,0
2026-08-09T21:23:36+08:00,VideoCall·COMPACT Ver.,34,0
2026-08-09T21:23:46+08:00,VideoCall·COMPACT Ver.,34,0
2026-08-09T21:23:56+08:00,VideoCall·COMPACT Ver.,34,0
2026-08-09T21:24:07+08:00,VideoCall·COMPACT Ver.,34,0
2026-08-09T21:24:17+08:00,VideoCall·COMPACT Ver.,34,0
2026-08-09T21:24:40+08:00,VideoCall·COMPACT Ver.,34,0
2026-08-09T21:24:51+08:00,VideoCall·COMPACT Ver.,34,0
2026-08-09T21:25:02+08:00,VideoCall·COMPACT Ver.,34,0
2026-08-09T21:25:12+08:00,VideoCall·COMPACT Ver.,34,0
2026-08-09T21:25:22+08:00,VideoCall·COMPACT Ver.,34,0
2026-08-09T21:25:32+08:00,VideoCall·COMPACT Ver.,34,0
2026-08-09T21:25:54+08:00,VideoCall·COMPACT Ver.,34,0
2026-08-09T21:26:05+08:00,VideoCall·COMPACT Ver.,34,0
2026-08-09T21:26:15+08:00,VideoCall·COMPACT Ver.,34,0
2026-08-09T21:26:25+08:00,VideoCall·COMPACT Ver.,34,0
2026-08-09T21:26:36+08:00,VideoCall·COMPACT Ver.,34,0
2026-08-09T21:26:46+08:00,VideoCall·COMPACT Ver.,34,0
2026-08-09T21:27:09+08:00,VideoCall·COMPACT Ver.,34,0
2026-08-09T21:27:20+08:00,VideoCall·COMPACT Ver.,34,0
2026-08-09T21:27:30+08:00,VideoCall·COMPACT Ver.,34,0
2026-08-09T21:27:40+08:00,VideoCall·COMPACT Ver.,34,0
2026-08-09T21:27:51+08:00,VideoCall·COMPACT Ver.,34,0
2026-08-09T21:28:01+08:00,VideoCall·COMPACT Ver.,34,0
2026-08-09T21:28:24+08:00,VideoCall·COMPACT Ver.,34,0
2026-08-09T21:28:35+08:00,VideoCall·COMPACT Ver.,34,0
2026-08-09T21:28:45+08:00,VideoCall·COMPACT Ver.,34,0
2026-08-09T21:28:56+08:00,VideoCall·COMPACT Ver.,34,0
2026-08-09T21:29:06+08:00,VideoCall·COMPACT Ver.,34,0
2026-08-09T21:29:16+08:00,VideoCall·COMPACT Ver.,34,0
2026-08-09T21:29:39+08:00,VideoCall·COMPACT Ver.,34,0
2026-08-09T21:29:50+08:00,VideoCall·COMPACT Ver.,34,0
2026-08-09T21:30:00+08:00,VideoCall·COMPACT Ver.,34,0
2026-08-09T21:30:11+08:00,VideoCall·COMPACT Ver.,34,0
2026-08-09T21:30:21+08:00,VideoCall·COMPACT Ver.,34,0
2026-08-09T21:30:31+08:00,VideoCall·COMPACT Ver.,34,0
2026-08-09T21:30:53+08:00,VideoCall·COMPACT Ver.,34,0
2026-08-09T21:31:03+08:00,VideoCall·COMPACT Ver.,34,0
2026-08-09T21:31:14+08:00,VideoCall·COMPACT Ver.,34,0
2026-08-09T21:31:24+08:00,VideoCall·COMPACT Ver.,34,0
2026-08-09T21:31:34+08:00,VideoCall·COMPACT Ver.,34,0
2026-08-09T21:31:44+08:00,VideoCall·COMPACT Ver.,34,0
2026-08-09T21:32:07+08:00,VideoCall·COMPACT Ver.,34,0
2026-08-09T21:32:17+08:00,VideoCall·COMPACT Ver.,34,0
2026-08-09T21:32:28+08:00,VideoCall·COMPACT Ver.,34,0
2026-08-09T21:32:38+08:00,VideoCall·COMPACT Ver.,34,0
2026-08-09T21:32:48+08:00,VideoCall·COMPACT Ver.,34,0
2026-08-09T21:33:00+08:00,VideoCall·COMPACT Ver.,34,0
2026-08-09T21:33:22+08:00,VideoCall·COMPACT Ver.,34,0
2026-08-09T21:33:32+08:00,VideoCall·COMPACT Ver.,34,0
2026-08-09T21:33:42+08:00,VideoCall·COMPACT Ver.,34,0
2026-08-09T21:33:53+08:00,VideoCall·COMPACT Ver.,34,0
2026-08-09T21:34:03+08:00,VideoCall·COMPACT Ver.,34,0
2026-08-09T21:34:13+08:00,VideoCall·COMPACT Ver.,34,0
2026-08-09T21:34:35+08:00,VideoCall·COMPACT Ver.,34,0
2026-08-09T21:34:46+08:00,VideoCall·COMPACT Ver.,34,0
2026-08-09T21:34:56+08:00,VideoCall·COMPACT Ver.,34,0
2026-08-09T21:35:07+08:00,VideoCall·COMPACT Ver.,34,0
2026-08-09T21:35:17+08:00,VideoCall·COMPACT Ver.,34,0
2026-08-09T21:35:27+08:00,VideoCall·COMPACT Ver.,34,0
2026-08-09T21:35:49+08:00,VideoCall·COMPACT Ver.,34,0
2026-08-09T21:35:59+08:00,VideoCall·COMPACT Ver.,34,0
2026-08-09T21:36:10+08:00,VideoCall·COMPACT Ver.,34,0
2026-08-09T21:36:20+08:00,VideoCall·COMPACT Ver.,34,0
2026-08-09T21:36:30+08:00,VideoCall·COMPACT Ver.,34,0
2026-08-09T21:36:41+08:00,VideoCall·COMPACT Ver.,34,0
2026-08-09T21:37:03+08:00,VideoCall·COMPACT Ver.,34,0
2026-08-09T21:37:13+08:00,VideoCall·COMPACT Ver.,34,0
2026-08-09T21:37:24+08:00,VideoCall·COMPACT Ver.,34,0
2026-08-09T21:37:34+08:00,VideoCall·COMPACT Ver.,34,0
2026-08-09T21:37:44+08:00,VideoCall·COMPACT Ver.,34,0
2026-08-09T21:37:54+08:00,VideoCall·COMPACT Ver.,34,0
2026-08-09T21:38:18+08:00,VideoCall·COMPACT Ver.,34,0
2026-08-09T21:38:29+08:00,VideoCall·COMPACT Ver.,34,0
2026-08-09T21:38:39+08:00,VideoCall·COMPACT Ver.,34,0
2026-08-09T21:38:50+08:00,VideoCall·COMPACT Ver.,34,0
2026-08-09T21:39:00+08:00,VideoCall·COMPACT Ver.,34,0
2026-08-09T21:39:10+08:00,VideoCall·COMPACT Ver.,34,0
2026-08-09T21:39:32+08:00,VideoCall·COMPACT Ver.,34,0
2026-08-09T21:39:43+08:00,VideoCall·COMPACT Ver.,34,0
2026-08-09T21:39:53+08:00,VideoCall·COMPACT Ver.,34,0
2026-08-09T21:40:03+08:00,VideoCall·COMPACT Ver.,34,0
2026-08-09T21:40:13+08:00,VideoCall·COMPACT Ver.,34,0
2026-08-09T21:40:23+08:00,VideoCall·COMPACT Ver.,34,0
2026-08-09T21:40:46+08:00,VideoCall·COMPACT Ver.,34,0
2026-08-09T21:40:57+08:00,VideoCall·COMPACT Ver.,34,0
2026-08-09T21:41:07+08:00,VideoCall·COMPACT Ver.,34,0
2026-08-09T21:41:17+08:00,VideoCall·COMPACT Ver.,34,0
2026-08-09T21:41:28+08:00,VideoCall·COMPACT Ver.,34,0
2026-08-09T21:41:38+08:00,VideoCall·COMPACT Ver.,34,0
2026-08-09T21:42:01+08:00,VideoCall·COMPACT Ver.,34,0
2026-08-09T21:42:11+08:00,VideoCall·COMPACT Ver.,34,0
2026-08-09T21:42:21+08:00,VideoCall·COMPACT Ver.,34,0
2026-08-09T21:42:31+08:00,VideoCall·COMPACT Ver.,34,0
2026-08-09T21:42:42+08:00,VideoCall·COMPACT Ver.,34,0
2026-08-09T21:42:52+08:00,VideoCall·COMPACT Ver.,34,0
2026-08-09T21:43:16+08:00,VideoCall·COMPACT Ver.,34,0
2026-08-09T21:43:26+08:00,VideoCall·COMPACT Ver.,34,0
2026-08-09T21:43:37+08:00,VideoCall·COMPACT Ver.,34,0
2026-08-09T21:43:47+08:00,VideoCall·COMPACT Ver.,34,0
2026-08-09T21:43:57+08:00,VideoCall·COMPACT Ver.,34,0
2026-08-09T21:44:08+08:00,VideoCall·COMPACT Ver.,34,0
2026-08-09T21:44:30+08:00,VideoCall·COMPACT Ver.,34,0
2026-08-09T21:44:40+08:00,VideoCall·COMPACT Ver.,34,0
2026-08-09T21:44:50+08:00,VideoCall·COMPACT Ver.,34,0
2026-08-09T21:45:01+08:00,VideoCall·COMPACT Ver.,34,0
2026-08-09T21:45:11+08:00,VideoCall·COMPACT Ver.,34,0
2026-08-09T21:45:21+08:00,VideoCall·COMPACT Ver.,34,0
2026-08-09T21:45:45+08:00,VideoCall·COMPACT Ver.,34,0
2026-08-09T21:45:55+08:00,VideoCall·COMPACT Ver.,34,0
2026-08-09T21:46:05+08:00,VideoCall·COMPACT Ver.,34,0
2026-08-09T21:46:15+08:00,VideoCall·COMPACT Ver.,34,0
2026-08-09T21:46:26+08:00,VideoCall·COMPACT Ver.,34,0
2026-08-09T21:46:36+08:00,VideoCall·COMPACT Ver.,34,0
2026-08-09T21:46:59+08:00,VideoCall·COMPACT Ver.,34,0
2026-08-09T21:47:10+08:00,VideoCall·COMPACT Ver.,34,0
2026-08-09T21:47:20+08:00,VideoCall·COMPACT Ver.,34,0
2026-08-09T21:47:30+08:00,VideoCall·COMPACT Ver.,34,0
2026-08-09T21:47:41+08:00,VideoCall·COMPACT Ver.,34,0
2026-08-09T21:47:51+08:00,VideoCall·COMPACT Ver.,34,0
2026-08-09T21:48:14+08:00,VideoCall·COMPACT Ver.,34,0
2026-08-09T21:48:24+08:00,VideoCall·COMPACT Ver.,34,0
2026-08-09T21:48:34+08:00,VideoCall·COMPACT Ver.,34,0
2026-08-09T21:49:00+08:00,VideoCall·COMPACT Ver.,34,0
2026-08-09T21:49:11+08:00,VideoCall·COMPACT Ver.,34,0
2026-08-09T21:49:22+08:00,VideoCall·COMPACT Ver.,34,0
2026-08-09T21:49:33+08:00,VideoCall·COMPACT Ver.,34,0
2026-08-09T21:49:43+08:00,VideoCall·COMPACT Ver.,34,0
2026-08-09T21:49:54+08:00,VideoCall·COMPACT Ver.,34,0
2026-08-09T21:50:04+08:00,VideoCall·COMPACT Ver.,34,0
2026-08-09T21:50:30+08:00,VideoCall·COMPACT Ver.,34,0
2026-08-09T21:50:41+08:00,VideoCall·COMPACT Ver.,34,0
2026-08-09T21:50:51+08:00,VideoCall·COMPACT Ver.,34,0
2026-08-09T21:51:03+08:00,VideoCall·COMPACT Ver.,34,0
2026-08-09T21:51:13+08:00,VideoCall·COMPACT Ver.,34,0
2026-08-09T21:51:24+08:00,VideoCall·COMPACT Ver.,34,0
2026-08-09T21:51:49+08:00,VideoCall·COMPACT Ver.,34,0
2026-08-09T21:52:00+08:00,VideoCall·COMPACT Ver.,34,0
2026-08-09T21:52:10+08:00,VideoCall·COMPACT Ver.,34,0
2026-08-09T21:52:21+08:00,VideoCall·COMPACT Ver.,34,0
2026-08-09T21:52:32+08:00,VideoCall·COMPACT Ver.,34,0
2026-08-09T21:52:42+08:00,VideoCall·COMPACT Ver.,34,0
2026-08-09T21:53:07+08:00,VideoCall·COMPACT Ver.,34,0
2026-08-09T21:53:18+08:00,VideoCall·COMPACT Ver.,34,0
2026-08-09T21:53:29+08:00,VideoCall·COMPACT Ver.,34,0
2026-08-09T21:53:40+08:00,VideoCall·COMPACT Ver.,34,0
2026-08-09T21:53:50+08:00,VideoCall·COMPACT Ver.,34,0
2026-08-09T21:54:01+08:00,VideoCall·COMPACT Ver.,34,0
2026-08-09T21:54:42+08:00,VideoCall·COMPACT Ver.,34,0
2026-08-09T21:54:53+08:00,VideoCall·COMPACT Ver.,34,0
2026-08-09T21:55:04+08:00,VideoCall·COMPACT Ver.,34,0
2026-08-09T21:55:15+08:00,VideoCall·COMPACT Ver.,34,0
2026-08-09T21:55:25+08:00,VideoCall·COMPACT Ver.,34,0
2026-08-09T21:55:35+08:00,VideoCall·COMPACT Ver.,34,0
2026-08-09T21:55:46+08:00,VideoCall·COMPACT Ver.,34,0
2026-08-09T21:56:08+08:00,VideoCall·COMPACT Ver.,34,0
2026-08-09T21:56:19+08:00,VideoCall·COMPACT Ver.,34,0
2026-08-09T21:56:29+08:00,VideoCall·COMPACT Ver.,34,0
2026-08-09T21:56:39+08:00,VideoCall·COMPACT Ver.,34,0
2026-08-09T21:56:50+08:00,VideoCall·COMPACT Ver.,34,0
2026-08-09T21:57:00+08:00,VideoCall·COMPACT Ver.,34,0
2026-08-09T21:57:24+08:00,VideoCall·COMPACT Ver.,34,0
2026-08-09T21:57:34+08:00,VideoCall·COMPACT Ver.,34,0
2026-08-09T21:57:45+08:00,VideoCall·COMPACT Ver.,34,0
2026-08-09T21:57:55+08:00,VideoCall·COMPACT Ver.,34,0
2026-08-09T21:58:06+08:00,VideoCall·COMPACT Ver.,34,0
2026-08-09T21:58:16+08:00,VideoCall·COMPACT Ver.,34,0
2026-08-09T21:58:39+08:00,VideoCall·COMPACT Ver.,34,0
2026-08-09T21:58:49+08:00,VideoCall·COMPACT Ver.,34,0
2026-08-09T21:59:00+08:00,VideoCall·COMPACT Ver.,34,0
2026-08-09T21:59:10+08:00,VideoCall·COMPACT Ver.,34,0
2026-08-09T21:59:21+08:00,VideoCall·COMPACT Ver.,34,0
2026-08-09T21:59:31+08:00,VideoCall·COMPACT Ver.,34,0
2026-08-09T21:59:54+08:00,VideoCall·COMPACT Ver.,34,0
2026-08-09T22:00:05+08:00,VideoCall·COMPACT Ver.,34,0
2026-08-09T22:00:15+08:00,VideoCall·COMPACT Ver.,34,0
2026-08-09T22:00:26+08:00,VideoCall·COMPACT Ver.,34,0
2026-08-09T22:00:36+08:00,VideoCall·COMPACT Ver.,34,0
2026-08-09T22:00:47+08:00,VideoCall·COMPACT Ver.,34,0
2026-08-09T22:01:11+08:00,VideoCall·COMPACT Ver.,34,0
2026-08-09T22:01:21+08:00,VideoCall·COMPACT Ver.,34,0
2026-08-09T22:01:32+08:00,VideoCall·COMPACT Ver.,34,0
2026-08-09T22:01:43+08:00,VideoCall·COMPACT Ver.,34,0
2026-08-09T22:01:53+08:00,VideoCall·COMPACT Ver.,34,0
2026-08-09T22:02:04+08:00,VideoCall·COMPACT Ver.,34,0
2026-08-09T22:02:27+08:00,VideoCall·COMPACT Ver.,34,0
2026-08-09T22:02:38+08:00,VideoCall·COMPACT Ver.,34,0
2026-08-09T22:02:49+08:00,VideoCall·COMPACT Ver.,34,0
2026-08-09T22:02:59+08:00,VideoCall·COMPACT Ver.,34,0
2026-08-09T22:03:10+08:00,VideoCall·COMPACT Ver.,34,0
2026-08-09T22:03:21+08:00,VideoCall·COMPACT Ver.,34,0
2026-08-09T22:03:42+08:00,VideoCall·COMPACT Ver.,34,0
2026-08-09T22:03:54+08:00,VideoCall·COMPACT Ver.,34,0
2026-08-09T22:04:05+08:00,VideoCall·COMPACT Ver.,34,0
2026-08-09T22:04:15+08:00,VideoCall·COMPACT Ver.,34,0
2026-08-09T22:04:26+08:00,VideoCall·COMPACT Ver.,34,0
2026-08-09T22:04:36+08:00,VideoCall·COMPACT Ver.,34,0
2026-08-09T22:05:00+08:00,VideoCall·COMPACT Ver.,34,0
2026-08-09T22:05:10+08:00,VideoCall·COMPACT Ver.,34,0
2026-08-09T22:05:21+08:00,VideoCall·COMPACT Ver.,34,0
2026-08-09T22:05:32+08:00,VideoCall·COMPACT Ver.,34,0
2026-08-09T22:05:43+08:00,VideoCall·COMPACT Ver.,34,0
2026-08-09T22:05:53+08:00,VideoCall·COMPACT Ver.,34,0
2026-08-09T22:06:17+08:00,VideoCall·COMPACT Ver.,34,0
2026-08-09T22:06:27+08:00,VideoCall·COMPACT Ver.,34,0
2026-08-09T22:06:38+08:00,VideoCall·COMPACT Ver.,34,0
2026-08-09T22:06:49+08:00,VideoCall·COMPACT Ver.,34,0
2026-08-09T22:06:59+08:00,VideoCall·COMPACT Ver.,34,0
2026-08-09T22:07:10+08:00,VideoCall·COMPACT Ver.,34,0
2026-08-09T22:07:32+08:00,VideoCall·COMPACT Ver.,34,0
2026-08-09T22:07:43+08:00,VideoCall·COMPACT Ver.,34,0
2026-08-09T22:07:53+08:00,VideoCall·COMPACT Ver.,34,0
2026-08-09T22:08:04+08:00,VideoCall·COMPACT Ver.,34,0
2026-08-09T22:08:14+08:00,VideoCall·COMPACT Ver.,34,0
2026-08-09T22:08:25+08:00,VideoCall·COMPACT Ver.,34,0
2026-08-09T22:08:46+08:00,VideoCall·COMPACT Ver.,34,0
2026-08-09T22:08:57+08:00,VideoCall·COMPACT Ver.,34,0
2026-08-09T22:09:07+08:00,VideoCall·COMPACT Ver.,34,0
2026-08-09T22:09:18+08:00,VideoCall·COMPACT Ver.,34,0
2026-08-09T22:09:28+08:00,VideoCall·COMPACT Ver.,34,0
2026-08-09T22:09:39+08:00,VideoCall·COMPACT Ver.,34,0
2026-08-09T22:10:01+08:00,VideoCall·COMPACT Ver.,34,0
2026-08-09T22:10:12+08:00,VideoCall·COMPACT Ver.,34,0
2026-08-09T22:10:22+08:00,VideoCall·COMPACT Ver.,34,0
2026-08-09T22:10:33+08:00,VideoCall·COMPACT Ver.,34,0
2026-08-09T22:10:44+08:00,VideoCall·COMPACT Ver.,34,0
2026-08-09T22:10:54+08:00,VideoCall·COMPACT Ver.,34,0
2026-08-09T22:11:17+08:00,VideoCall·COMPACT Ver.,34,0
2026-08-09T22:11:28+08:00,VideoCall·COMPACT Ver.,34,0
2026-08-09T22:11:39+08:00,VideoCall·COMPACT Ver.,34,0
2026-08-09T22:11:49+08:00,VideoCall·COMPACT Ver.,34,0
2026-08-09T22:12:00+08:00,VideoCall·COMPACT Ver.,34,0
2026-08-09T22:12:11+08:00,VideoCall·COMPACT Ver.,34,0
2026-08-09T22:12:35+08:00,VideoCall·COMPACT Ver.,34,0
2026-08-09T22:12:45+08:00,VideoCall·COMPACT Ver.,34,0
2026-08-09T22:12:56+08:00,VideoCall·COMPACT Ver.,34,0
2026-08-09T22:13:07+08:00,VideoCall·COMPACT Ver.,34,0
2026-08-09T22:13:17+08:00,VideoCall·COMPACT Ver.,34,0
2026-08-09T22:13:28+08:00,VideoCall·COMPACT Ver.,34,0
2026-08-09T22:13:50+08:00,VideoCall·COMPACT Ver.,34,0
2026-08-09T22:14:01+08:00,VideoCall·COMPACT Ver.,34,0
2026-08-09T22:14:11+08:00,VideoCall·COMPACT Ver.,34,0
2026-08-09T22:14:22+08:00,VideoCall·COMPACT Ver.,34,0
2026-08-09T22:14:33+08:00,VideoCall·COMPACT Ver.,34,0
2026-08-09T22:14:43+08:00,VideoCall·COMPACT Ver.,34,0
2026-08-09T22:15:06+08:00,VideoCall·COMPACT Ver.,34,0
2026-08-09T22:15:18+08:00,VideoCall·COMPACT Ver.,34,0
2026-08-09T22:15:28+08:00,VideoCall·COMPACT Ver.,34,0
2026-08-09T22:15:39+08:00,VideoCall·COMPACT Ver.,34,0
2026-08-09T22:15:50+08:00,VideoCall·COMPACT Ver.,34,0
2026-08-09T22:16:01+08:00,VideoCall·COMPACT Ver.,34,0
2026-08-09T22:16:24+08:00,VideoCall·COMPACT Ver.,34,0
2026-08-09T22:16:35+08:00,VideoCall·COMPACT Ver.,34,0
2026-08-09T22:16:45+08:00,VideoCall·COMPACT Ver.,34,0
2026-08-09T22:16:56+08:00,VideoCall·COMPACT Ver.,34,0
2026-08-09T22:17:07+08:00,VideoCall·COMPACT Ver.,34,0
2026-08-09T22:17:17+08:00,VideoCall·COMPACT Ver.,34,0
2026-08-09T22:17:39+08:00,VideoCall·COMPACT Ver.,34,0
2026-08-09T22:17:50+08:00,VideoCall·COMPACT Ver.,34,0
2026-08-09T22:18:01+08:00,VideoCall·COMPACT Ver.,34,0
2026-08-09T22:18:11+08:00,VideoCall·COMPACT Ver.,34,0
2026-08-09T22:18:22+08:00,VideoCall·COMPACT Ver.,34,0
2026-08-09T22:18:33+08:00,VideoCall·COMPACT Ver.,34,0
2026-08-09T22:18:55+08:00,VideoCall·COMPACT Ver.,34,0
2026-08-09T22:19:06+08:00,VideoCall·COMPACT Ver.,34,0
2026-08-09T22:19:17+08:00,VideoCall·COMPACT Ver.,34,0
2026-08-09T22:19:27+08:00,VideoCall·COMPACT Ver.,34,0
2026-08-09T22:19:38+08:00,VideoCall·COMPACT Ver.,34,0
2026-08-09T22:19:49+08:00,VideoCall·COMPACT Ver.,34,0
2026-08-09T22:20:10+08:00,VideoCall·COMPACT Ver.,34,0
2026-08-09T22:20:21+08:00,VideoCall·COMPACT Ver.,34,0
2026-08-09T22:20:31+08:00,VideoCall·COMPACT Ver.,34,0
2026-08-09T22:20:42+08:00,VideoCall·COMPACT Ver.,34,0
2026-08-09T22:20:53+08:00,VideoCall·COMPACT Ver.,34,0
2026-08-09T22:21:04+08:00,VideoCall·COMPACT Ver.,34,0
2026-08-09T22:21:26+08:00,VideoCall·COMPACT Ver.,34,0
2026-08-09T22:21:37+08:00,VideoCall·COMPACT Ver.,34,0
2026-08-09T22:21:48+08:00,VideoCall·COMPACT Ver.,34,0
2026-08-09T22:21:58+08:00,VideoCall·COMPACT Ver.,34,0
2026-08-09T22:22:09+08:00,VideoCall·COMPACT Ver.,34,0
2026-08-09T22:22:20+08:00,VideoCall·COMPACT Ver.,34,0
2026-08-09T22:22:42+08:00,VideoCall·COMPACT Ver.,34,0
2026-08-09T22:22:53+08:00,VideoCall·COMPACT Ver.,34,0
2026-08-09T22:23:03+08:00,VideoCall·COMPACT Ver.,34,0
2026-08-09T22:23:14+08:00,VideoCall·COMPACT Ver.,34,0
2026-08-09T22:23:25+08:00,VideoCall·COMPACT Ver.,34,0
2026-08-09T22:23:35+08:00,VideoCall·COMPACT Ver.,34,0
2026-08-09T22:23:58+08:00,VideoCall·COMPACT Ver.,34,0
2026-08-09T22:24:09+08:00,VideoCall·COMPACT Ver.,34,0
2026-08-09T22:24:19+08:00,VideoCall·COMPACT Ver.,34,0
2026-08-09T22:24:30+08:00,VideoCall·COMPACT Ver.,34,0
2026-08-09T22:24:41+08:00,VideoCall·COMPACT Ver.,34,0
2026-08-09T22:24:51+08:00,VideoCall·COMPACT Ver.,34,0
2026-08-09T22:25:13+08:00,VideoCall·COMPACT Ver.,34,0
2026-08-09T22:25:24+08:00,VideoCall·COMPACT Ver.,34,0
2026-08-09T22:25:35+08:00,VideoCall·COMPACT Ver.,34,0
2026-08-09T22:25:45+08:00,VideoCall·COMPACT Ver.,34,0
2026-08-09T22:25:56+08:00,VideoCall·COMPACT Ver.,34,0
2026-08-09T22:26:06+08:00,VideoCall·COMPACT Ver.,34,0
2026-08-09T22:26:28+08:00,VideoCall·COMPACT Ver.,34,0
2026-08-09T22:26:39+08:00,VideoCall·COMPACT Ver.,34,0
2026-08-09T22:26:49+08:00,VideoCall·COMPACT Ver.,34,0
2026-08-09T22:27:00+08:00,VideoCall·COMPACT Ver.,34,0
2026-08-09T22:27:11+08:00,VideoCall·COMPACT Ver.,34,0
2026-08-09T22:27:22+08:00,VideoCall·COMPACT Ver.,34,0
2026-08-09T22:27:44+08:00,VideoCall·COMPACT Ver.,34,0
2026-08-09T22:27:55+08:00,VideoCall·COMPACT Ver.,34,0
2026-08-09T22:28:05+08:00,VideoCall·COMPACT Ver.,34,0
2026-08-09T22:28:16+08:00,VideoCall·COMPACT Ver.,34,0
2026-08-09T22:28:27+08:00,VideoCall·COMPACT Ver.,34,0
2026-08-09T22:28:37+08:00,VideoCall·COMPACT Ver.,34,0
2026-08-09T22:28:59+08:00,VideoCall·COMPACT Ver.,34,0
2026-08-09T22:29:10+08:00,VideoCall·COMPACT Ver.,34,0
2026-08-09T22:29:21+08:00,VideoCall·COMPACT Ver.,34,0
2026-08-09T22:29:31+08:00,VideoCall·COMPACT Ver.,34,0
2026-08-09T22:29:42+08:00,VideoCall·COMPACT Ver.,34,0
2026-08-09T22:29:53+08:00,VideoCall·COMPACT Ver.,34,0
2026-08-09T22:30:15+08:00,VideoCall·COMPACT Ver.,34,0
2026-08-09T22:30:26+08:00,VideoCall·COMPACT Ver.,34,0
2026-08-09T22:30:37+08:00,VideoCall·COMPACT Ver.,34,0
2026-08-09T22:30:47+08:00,VideoCall·COMPACT Ver.,34,0
2026-08-09T22:30:58+08:00,VideoCall·COMPACT Ver.,34,0
2026-08-09T22:31:09+08:00,VideoCall·COMPACT Ver.,34,0
2026-08-09T22:31:32+08:00,VideoCall·COMPACT Ver.,34,0
2026-08-09T22:31:43+08:00,VideoCall·COMPACT Ver.,34,0
2026-08-09T22:31:53+08:00,VideoCall·COMPACT Ver.,34,0
2026-08-09T22:32:04+08:00,VideoCall·COMPACT Ver.,34,0
2026-08-09T22:32:15+08:00,VideoCall·COMPACT Ver.,34,0
2026-08-09T22:32:25+08:00,VideoCall·COMPACT Ver.,34,0
2026-08-09T22:32:47+08:00,VideoCall·COMPACT Ver.,34,0
2026-08-09T22:32:58+08:00,VideoCall·COMPACT Ver.,34,0
2026-08-09T22:33:08+08:00,VideoCall·COMPACT Ver.,34,0
2026-08-09T22:33:19+08:00,VideoCall·COMPACT Ver.,34,0
2026-08-09T22:33:30+08:00,VideoCall·COMPACT Ver.,34,0
2026-08-09T22:33:40+08:00,VideoCall·COMPACT Ver.,34,0
2026-08-09T22:34:02+08:00,VideoCall·COMPACT Ver.,34,0
2026-08-09T22:34:13+08:00,VideoCall·COMPACT Ver.,34,0
2026-08-09T22:34:23+08:00,VideoCall·COMPACT Ver.,34,0
2026-08-09T22:34:34+08:00,VideoCall·COMPACT Ver.,34,0
2026-08-09T22:34:45+08:00,VideoCall·COMPACT Ver.,34,0
2026-08-09T22:34:56+08:00,VideoCall·COMPACT Ver.,34,0
2026-08-09T22:35:17+08:00,VideoCall·COMPACT Ver.,34,0
2026-08-09T22:35:28+08:00,VideoCall·COMPACT Ver.,34,0
2026-08-09T22:35:39+08:00,VideoCall·COMPACT Ver.,34,0
2026-08-09T22:35:49+08:00,VideoCall·COMPACT Ver.,34,0
2026-08-09T22:36:01+08:00,VideoCall·COMPACT Ver.,34,0
2026-08-09T22:36:11+08:00,VideoCall·COMPACT Ver.,34,0
2026-08-09T22:36:33+08:00,VideoCall·COMPACT Ver.,34,0
2026-08-09T22:36:44+08:00,VideoCall·COMPACT Ver.,34,0
2026-08-09T22:36:54+08:00,VideoCall·COMPACT Ver.,34,0
2026-08-09T22:37:05+08:00,VideoCall·COMPACT Ver.,34,0
2026-08-09T22:37:16+08:00,VideoCall·COMPACT Ver.,34,0
2026-08-09T22:37:26+08:00,VideoCall·COMPACT Ver.,34,0
2026-08-09T22:38:30+08:00,VideoCall·COMPACT Ver.,34,0
2026-08-09T22:38:41+08:00,VideoCall·COMPACT Ver.,34,0
2026-08-09T22:38:52+08:00,VideoCall·COMPACT Ver.,34,0
2026-08-09T22:39:03+08:00,VideoCall·COMPACT Ver.,34,0
2026-08-09T22:39:14+08:00,VideoCall·COMPACT Ver.,34,0
2026-08-09T22:39:25+08:00,VideoCall·COMPACT Ver.,34,0
2026-08-09T22:39:36+08:00,VideoCall·COMPACT Ver.,34,0
2026-08-09T22:39:59+08:00,VideoCall·COMPACT Ver.,34,0
2026-08-09T22:40:09+08:00,VideoCall·COMPACT Ver.,34,0
2026-08-09T22:40:20+08:00,VideoCall·COMPACT Ver.,34,0
2026-08-09T22:40:31+08:00,VideoCall·COMPACT Ver.,34,0
2026-08-09T22:40:42+08:00,VideoCall·COMPACT Ver.,34,0
2026-08-09T22:40:52+08:00,VideoCall·COMPACT Ver.,34,0
2026-08-09T22:41:16+08:00,VideoCall·COMPACT Ver.,34,0
2026-08-09T22:41:27+08:00,VideoCall·COMPACT Ver.,34,0
2026-08-09T22:41:38+08:00,VideoCall·COMPACT Ver.,34,0
2026-08-09T22:41:49+08:00,VideoCall·COMPACT Ver.,34,0
2026-08-09T22:42:00+08:00,VideoCall·COMPACT Ver.,34,0
2026-08-09T22:42:11+08:00,VideoCall·COMPACT Ver.,34,0
2026-08-09T22:42:34+08:00,VideoCall·COMPACT Ver.,34,0
2026-08-09T22:42:45+08:00,VideoCall·COMPACT Ver.,34,0
2026-08-09T22:42:56+08:00,VideoCall·COMPACT Ver.,34,0
2026-08-09T22:43:07+08:00,VideoCall·COMPACT Ver.,34,0
2026-08-09T22:43:18+08:00,VideoCall·COMPACT Ver.,34,0
2026-08-09T22:43:29+08:00,VideoCall·COMPACT Ver.,34,0
2026-08-09T22:43:52+08:00,VideoCall·COMPACT Ver.,34,0
2026-08-09T22:44:03+08:00,VideoCall·COMPACT Ver.,34,0
2026-08-09T22:44:14+08:00,VideoCall·COMPACT Ver.,34,0
2026-08-09T22:44:25+08:00,VideoCall·COMPACT Ver.,34,0
2026-08-09T22:44:35+08:00,VideoCall·COMPACT Ver.,34,0
2026-08-09T22:44:46+08:00,VideoCall·COMPACT Ver.,34,0
2026-08-09T22:45:08+08:00,VideoCall·COMPACT Ver.,34,0
2026-08-09T22:45:19+08:00,VideoCall·COMPACT Ver.,34,0
2026-08-09T22:45:30+08:00,VideoCall·COMPACT Ver.,34,0
2026-08-09T22:45:41+08:00,VideoCall·COMPACT Ver.,34,0
2026-08-09T22:45:51+08:00,VideoCall·COMPACT Ver.,34,0
2026-08-09T22:46:02+08:00,VideoCall·COMPACT Ver.,34,0
2026-08-09T22:46:25+08:00,VideoCall·COMPACT Ver.,34,0
2026-08-09T22:46:36+08:00,VideoCall·COMPACT Ver.,34,0
2026-08-09T22:46:46+08:00,VideoCall·COMPACT Ver.,34,0
2026-08-09T22:46:57+08:00,VideoCall·COMPACT Ver.,34,0
2026-08-09T22:47:08+08:00,VideoCall·COMPACT Ver.,34,0
2026-08-09T22:47:19+08:00,VideoCall·COMPACT Ver.,34,0
2026-08-09T22:47:42+08:00,VideoCall·COMPACT Ver.,34,0
2026-08-09T22:47:53+08:00,VideoCall·COMPACT Ver.,34,0
2026-08-09T22:48:04+08:00,VideoCall·COMPACT Ver.,34,0
2026-08-09T22:48:15+08:00,VideoCall·COMPACT Ver.,34,0
2026-08-09T22:48:26+08:00,VideoCall·COMPACT Ver.,34,0
2026-08-09T22:48:37+08:00,VideoCall·COMPACT Ver.,34,0
2026-08-09T22:49:00+08:00,VideoCall·COMPACT Ver.,34,0
2026-08-09T22:49:11+08:00,VideoCall·COMPACT Ver.,34,0
2026-08-09T22:49:21+08:00,VideoCall·COMPACT Ver.,34,0
2026-08-09T22:49:32+08:00,VideoCall·COMPACT Ver.,34,0
2026-08-09T22:49:43+08:00,VideoCall·COMPACT Ver.,34,0
2026-08-09T22:49:54+08:00,VideoCall·COMPACT Ver.,34,0
2026-08-09T22:50:17+08:00,VideoCall·COMPACT Ver.,34,0
2026-08-09T22:50:28+08:00,VideoCall·COMPACT Ver.,34,0
2026-08-09T22:50:39+08:00,VideoCall·COMPACT Ver.,34,0
2026-08-09T22:50:49+08:00,VideoCall·COMPACT Ver.,34,0
2026-08-09T22:51:00+08:00,VideoCall·COMPACT Ver.,34,0
2026-08-09T22:51:11+08:00,VideoCall·COMPACT Ver.,34,0
2026-08-09T22:51:34+08:00,VideoCall·COMPACT Ver.,34,0
2026-08-09T22:51:45+08:00,VideoCall·COMPACT Ver.,34,0
2026-08-09T22:51:55+08:00,VideoCall·COMPACT Ver.,34,0
2026-08-09T22:52:06+08:00,VideoCall·COMPACT Ver.,34,0
2026-08-09T22:52:17+08:00,VideoCall·COMPACT Ver.,34,0
2026-08-09T22:52:27+08:00,VideoCall·COMPACT Ver.,34,0
2026-08-09T22:52:49+08:00,VideoCall·COMPACT Ver.,34,0
2026-08-09T22:53:00+08:00,VideoCall·COMPACT Ver.,34,0
2026-08-09T22:53:11+08:00,VideoCall·COMPACT Ver.,34,0
2026-08-09T22:53:22+08:00,VideoCall·COMPACT Ver.,34,0
2026-08-09T22:53:33+08:00,VideoCall·COMPACT Ver.,34,0
2026-08-09T22:53:44+08:00,VideoCall·COMPACT Ver.,34,0
2026-08-09T22:54:07+08:00,VideoCall·COMPACT Ver.,34,0
2026-08-09T22:54:18+08:00,VideoCall·COMPACT Ver.,34,0
2026-08-09T22:54:29+08:00,VideoCall·COMPACT Ver.,34,0
2026-08-09T22:54:40+08:00,VideoCall·COMPACT Ver.,34,0
2026-08-09T22:54:50+08:00,VideoCall·COMPACT Ver.,34,0
2026-08-09T22:55:01+08:00,VideoCall·COMPACT Ver.,34,0
2026-08-09T22:55:24+08:00,VideoCall·COMPACT Ver.,34,0
2026-08-09T22:55:35+08:00,VideoCall·COMPACT Ver.,34,0
2026-08-09T22:55:46+08:00,VideoCall·COMPACT Ver.,34,0
2026-08-09T22:55:57+08:00,VideoCall·COMPACT Ver.,34,0
2026-08-09T22:56:08+08:00,VideoCall·COMPACT Ver.,34,0
2026-08-09T22:56:19+08:00,VideoCall·COMPACT Ver.,34,0
2026-08-09T22:56:42+08:00,VideoCall·COMPACT Ver.,34,0
2026-08-09T22:56:53+08:00,VideoCall·COMPACT Ver.,34,0
2026-08-09T22:57:04+08:00,VideoCall·COMPACT Ver.,34,0
2026-08-09T22:57:15+08:00,VideoCall·COMPACT Ver.,34,0
2026-08-09T22:57:25+08:00,VideoCall·COMPACT Ver.,34,0
2026-08-09T22:57:36+08:00,VideoCall·COMPACT Ver.,34,0
2026-08-09T22:57:59+08:00,VideoCall·COMPACT Ver.,34,0
2026-08-09T22:58:10+08:00,VideoCall·COMPACT Ver.,34,0
2026-08-09T22:58:21+08:00,VideoCall·COMPACT Ver.,34,0
2026-08-09T22:58:32+08:00,VideoCall·COMPACT Ver.,34,0
2026-08-09T22:58:42+08:00,VideoCall·COMPACT Ver.,34,0
2026-08-09T22:58:53+08:00,VideoCall·COMPACT Ver.,34,0
2026-08-09T22:59:15+08:00,VideoCall·COMPACT Ver.,34,0
2026-08-09T22:59:26+08:00,VideoCall·COMPACT Ver.,34,0
2026-08-09T22:59:38+08:00,VideoCall·COMPACT Ver.,34,0
2026-08-09T22:59:48+08:00,VideoCall·COMPACT Ver.,34,0
2026-08-09T22:59:59+08:00,VideoCall·COMPACT Ver.,34,0
2026-08-09T23:00:10+08:00,VideoCall·COMPACT Ver.,34,0
2026-08-09T23:00:33+08:00,VideoCall·COMPACT Ver.,34,0
2026-08-09T23:00:44+08:00,VideoCall·COMPACT Ver.,34,0
2026-08-09T23:00:55+08:00,VideoCall·COMPACT Ver.,34,0
2026-08-09T23:01:06+08:00,VideoCall·COMPACT Ver.,34,0
2026-08-09T23:01:17+08:00,VideoCall·COMPACT Ver.,34,0
2026-08-09T23:01:28+08:00,VideoCall·COMPACT Ver.,34,0
2026-08-09T23:01:51+08:00,VideoCall·COMPACT Ver.,34,0
2026-08-09T23:02:02+08:00,VideoCall·COMPACT Ver.,34,0
2026-08-09T23:02:13+08:00,VideoCall·COMPACT Ver.,34,0
2026-08-09T23:02:24+08:00,VideoCall·COMPACT Ver.,34,0
2026-08-09T23:02:34+08:00,VideoCall·COMPACT Ver.,34,0
2026-08-09T23:02:45+08:00,VideoCall·COMPACT Ver.,34,0
2026-08-09T23:03:08+08:00,VideoCall·COMPACT Ver.,34,0
2026-08-09T23:03:19+08:00,VideoCall·COMPACT Ver.,34,0
2026-08-09T23:03:30+08:00,VideoCall·COMPACT Ver.,34,0
2026-08-09T23:03:40+08:00,VideoCall·COMPACT Ver.,34,0
2026-08-09T23:03:51+08:00,VideoCall·COMPACT Ver.,34,0
2026-08-09T23:04:02+08:00,VideoCall·COMPACT Ver.,34,0
2026-08-09T23:04:25+08:00,VideoCall·COMPACT Ver.,34,0
2026-08-09T23:04:36+08:00,VideoCall·COMPACT Ver.,34,0
2026-08-09T23:04:47+08:00,VideoCall·COMPACT Ver.,34,0
2026-08-09T23:04:58+08:00,VideoCall·COMPACT Ver.,34,0
2026-08-09T23:05:09+08:00,VideoCall·COMPACT Ver.,34,0
2026-08-09T23:05:20+08:00,VideoCall·COMPACT Ver.,34,0
2026-08-09T23:05:42+08:00,VideoCall·COMPACT Ver.,34,0
2026-08-09T23:05:53+08:00,VideoCall·COMPACT Ver.,34,0
2026-08-09T23:06:04+08:00,VideoCall·COMPACT Ver.,34,0
2026-08-09T23:06:15+08:00,VideoCall·COMPACT Ver.,34,0
2026-08-09T23:06:26+08:00,VideoCall·COMPACT Ver.,34,0
2026-08-09T23:06:37+08:00,VideoCall·COMPACT Ver.,34,0
2026-08-09T23:06:59+08:00,VideoCall·COMPACT Ver.,34,0
2026-08-09T23:07:10+08:00,VideoCall·COMPACT Ver.,34,0
2026-08-09T23:07:20+08:00,VideoCall·COMPACT Ver.,34,0
2026-08-09T23:07:31+08:00,VideoCall·COMPACT Ver.,34,0
2026-08-09T23:07:42+08:00,VideoCall·COMPACT Ver.,34,0
2026-08-09T23:07:53+08:00,VideoCall·COMPACT Ver.,34,0
2026-08-09T23:08:15+08:00,VideoCall·COMPACT Ver.,34,0
2026-08-09T23:08:26+08:00,VideoCall·COMPACT Ver.,34,0
2026-08-09T23:08:37+08:00,VideoCall·COMPACT Ver.,34,0
2026-08-09T23:08:48+08:00,VideoCall·COMPACT Ver.,34,0
2026-08-09T23:08:59+08:00,VideoCall·COMPACT Ver.,34,0
2026-08-09T23:09:10+08:00,VideoCall·COMPACT Ver.,34,0
2026-08-09T23:09:33+08:00,VideoCall·COMPACT Ver.,37,3
2026-08-09T23:09:44+08:00,VideoCall·COMPACT Ver.,37,0
2026-08-09T23:09:55+08:00,VideoCall·COMPACT Ver.,37,0
2026-08-09T23:10:06+08:00,VideoCall·COMPACT Ver.,37,0
2026-08-09T23:10:17+08:00,VideoCall·COMPACT Ver.,37,0
2026-08-09T23:10:28+08:00,VideoCall·COMPACT Ver.,37,0
2026-08-09T23:10:50+08:00,VideoCall·COMPACT Ver.,37,0
2026-08-09T23:11:01+08:00,VideoCall·COMPACT Ver.,37,0
2026-08-09T23:11:12+08:00,VideoCall·COMPACT Ver.,37,0
2026-08-09T23:11:23+08:00,VideoCall·COMPACT Ver.,37,0
2026-08-09T23:11:33+08:00,VideoCall·COMPACT Ver.,37,0
2026-08-09T23:11:45+08:00,VideoCall·COMPACT Ver.,37,0
2026-08-09T23:12:07+08:00,VideoCall·COMPACT Ver.,37,0
2026-08-09T23:12:18+08:00,VideoCall·COMPACT Ver.,37,0
2026-08-09T23:12:29+08:00,VideoCall·COMPACT Ver.,37,0
2026-08-09T23:12:40+08:00,VideoCall·COMPACT Ver.,37,0
2026-08-09T23:12:51+08:00,VideoCall·COMPACT Ver.,37,0
2026-08-09T23:13:01+08:00,VideoCall·COMPACT Ver.,37,0
2026-08-09T23:13:41+08:00,VideoCall·COMPACT Ver.,37,0
2026-08-09T23:13:52+08:00,VideoCall·COMPACT Ver.,37,0
2026-08-09T23:14:03+08:00,VideoCall·COMPACT Ver.,37,0
2026-08-09T23:14:14+08:00,VideoCall·COMPACT Ver.,37,0
2026-08-09T23:14:25+08:00,VideoCall·COMPACT Ver.,37,0
2026-08-09T23:14:36+08:00,VideoCall·COMPACT Ver.,37,0
2026-08-09T23:14:46+08:00,VideoCall·COMPACT Ver.,37,0
2026-08-09T23:15:10+08:00,VideoCall·COMPACT Ver.,37,0
2026-08-09T23:15:21+08:00,VideoCall·COMPACT Ver.,37,0
2026-08-09T23:15:32+08:00,VideoCall·COMPACT Ver.,37,0
2026-08-09T23:15:43+08:00,VideoCall·COMPACT Ver.,37,0
2026-08-09T23:15:53+08:00,VideoCall·COMPACT Ver.,37,0
2026-08-09T23:16:05+08:00,VideoCall·COMPACT Ver.,37,0
2026-08-09T23:16:29+08:00,VideoCall·COMPACT Ver.,37,0
2026-08-09T23:16:40+08:00,VideoCall·COMPACT Ver.,37,0
2026-08-09T23:16:51+08:00,VideoCall·COMPACT Ver.,37,0
2026-08-09T23:17:01+08:00,VideoCall·COMPACT Ver.,37,0
2026-08-09T23:17:12+08:00,VideoCall·COMPACT Ver.,37,0
2026-08-09T23:17:23+08:00,VideoCall·COMPACT Ver.,37,0
2026-08-09T23:17:47+08:00,VideoCall·COMPACT Ver.,37,0
2026-08-09T23:17:58+08:00,VideoCall·COMPACT Ver.,37,0
2026-08-09T23:18:09+08:00,VideoCall·COMPACT Ver.,37,0
2026-08-09T23:18:20+08:00,VideoCall·COMPACT Ver.,37,0
2026-08-09T23:18:31+08:00,VideoCall·COMPACT Ver.,37,0
2026-08-09T23:18:42+08:00,VideoCall·COMPACT Ver.,37,0
2026-08-09T23:19:07+08:00,VideoCall·COMPACT Ver.,37,0
2026-08-09T23:19:18+08:00,VideoCall·COMPACT Ver.,37,0
2026-08-09T23:19:29+08:00,VideoCall·COMPACT Ver.,37,0
2026-08-09T23:19:40+08:00,VideoCall·COMPACT Ver.,37,0
2026-08-09T23:19:51+08:00,VideoCall·COMPACT Ver.,37,0
2026-08-09T23:20:02+08:00,VideoCall·COMPACT Ver.,37,0
2026-08-09T23:20:25+08:00,VideoCall·COMPACT Ver.,37,0
2026-08-09T23:20:36+08:00,VideoCall·COMPACT Ver.,37,0
2026-08-09T23:20:47+08:00,VideoCall·COMPACT Ver.,37,0
2026-08-09T23:20:58+08:00,VideoCall·COMPACT Ver.,37,0
2026-08-09T23:21:09+08:00,VideoCall·COMPACT Ver.,37,0
2026-08-09T23:21:19+08:00,VideoCall·COMPACT Ver.,37,0
2026-08-09T23:21:44+08:00,VideoCall·COMPACT Ver.,37,0
2026-08-09T23:21:55+08:00,VideoCall·COMPACT Ver.,37,0
2026-08-09T23:22:06+08:00,VideoCall·COMPACT Ver.,37,0
2026-08-09T23:22:16+08:00,VideoCall·COMPACT Ver.,37,0
2026-08-09T23:22:27+08:00,VideoCall·COMPACT Ver.,37,0
2026-08-09T23:22:38+08:00,VideoCall·COMPACT Ver.,37,0
2026-08-09T23:23:03+08:00,VideoCall·COMPACT Ver.,37,0
2026-08-09T23:23:14+08:00,VideoCall·COMPACT Ver.,37,0
2026-08-09T23:23:25+08:00,VideoCall·COMPACT Ver.,37,0
2026-08-09T23:23:36+08:00,VideoCall·COMPACT Ver.,37,0
2026-08-09T23:23:47+08:00,VideoCall·COMPACT Ver.,37,0
2026-08-09T23:23:57+08:00,VideoCall·COMPACT Ver.,37,0
2026-08-09T23:24:22+08:00,VideoCall·COMPACT Ver.,37,0
2026-08-09T23:24:34+08:00,VideoCall·COMPACT Ver.,37,0
2026-08-09T23:24:45+08:00,VideoCall·COMPACT Ver.,37,0
2026-08-09T23:24:56+08:00,VideoCall·COMPACT Ver.,37,0
2026-08-09T23:25:07+08:00,VideoCall·COMPACT Ver.,37,0
2026-08-09T23:25:18+08:00,VideoCall·COMPACT Ver.,37,0
2026-08-09T23:25:41+08:00,VideoCall·COMPACT Ver.,37,0
2026-08-09T23:25:52+08:00,VideoCall·COMPACT Ver.,37,0
2026-08-09T23:26:03+08:00,VideoCall·COMPACT Ver.,37,0
2026-08-09T23:26:13+08:00,VideoCall·COMPACT Ver.,37,0
2026-08-09T23:26:24+08:00,VideoCall·COMPACT Ver.,37,0
2026-08-09T23:26:35+08:00,VideoCall·COMPACT Ver.,37,0
2026-08-09T23:26:59+08:00,VideoCall·COMPACT Ver.,37,0
2026-08-09T23:27:11+08:00,VideoCall·COMPACT Ver.,37,0
2026-08-09T23:27:21+08:00,VideoCall·COMPACT Ver.,37,0
2026-08-09T23:27:31+08:00,VideoCall·COMPACT Ver.,37,0
2026-08-09T23:27:42+08:00,VideoCall·COMPACT Ver.,37,0
2026-08-09T23:27:53+08:00,VideoCall·COMPACT Ver.,37,0
2026-08-09T23:28:19+08:00,VideoCall·COMPACT Ver.,37,0
2026-08-09T23:28:29+08:00,VideoCall·COMPACT Ver.,37,0
2026-08-09T23:28:40+08:00,VideoCall·COMPACT Ver.,37,0
2026-08-09T23:28:51+08:00,VideoCall·COMPACT Ver.,37,0
2026-08-09T23:29:01+08:00,VideoCall·COMPACT Ver.,37,0
2026-08-09T23:29:12+08:00,VideoCall·COMPACT Ver.,37,0
2026-08-09T23:29:36+08:00,VideoCall·COMPACT Ver.,37,0
2026-08-09T23:29:47+08:00,VideoCall·COMPACT Ver.,37,0
2026-08-09T23:29:58+08:00,VideoCall·COMPACT Ver.,37,0
2026-08-09T23:30:10+08:00,VideoCall·COMPACT Ver.,37,0
2026-08-09T23:30:21+08:00,VideoCall·COMPACT Ver.,37,0
2026-08-09T23:30:32+08:00,VideoCall·COMPACT Ver.,37,0
2026-08-09T23:30:56+08:00,VideoCall·COMPACT Ver.,37,0
2026-08-09T23:31:07+08:00,VideoCall·COMPACT Ver.,37,0
2026-08-09T23:31:18+08:00,VideoCall·COMPACT Ver.,37,0
2026-08-09T23:31:29+08:00,VideoCall·COMPACT Ver.,37,0
2026-08-09T23:31:39+08:00,VideoCall·COMPACT Ver.,37,0
2026-08-09T23:31:50+08:00,VideoCall·COMPACT Ver.,37,0
2026-08-09T23:32:15+08:00,VideoCall·COMPACT Ver.,37,0
2026-08-09T23:32:25+08:00,VideoCall·COMPACT Ver.,37,0
2026-08-09T23:32:36+08:00,VideoCall·COMPACT Ver.,37,0
2026-08-09T23:32:47+08:00,VideoCall·COMPACT Ver.,37,0
2026-08-09T23:32:57+08:00,VideoCall·COMPACT Ver.,37,0
2026-08-09T23:33:08+08:00,VideoCall·COMPACT Ver.,37,0
2026-08-09T23:33:32+08:00,VideoCall·COMPACT Ver.,37,0
2026-08-09T23:33:43+08:00,VideoCall·COMPACT Ver.,37,0
2026-08-09T23:33:54+08:00,VideoCall·COMPACT Ver.,37,0
2026-08-09T23:34:04+08:00,VideoCall·COMPACT Ver.,37,0
2026-08-09T23:34:16+08:00,VideoCall·COMPACT Ver.,37,0
2026-08-09T23:34:27+08:00,VideoCall·COMPACT Ver.,37,0
2026-08-09T23:34:51+08:00,VideoCall·COMPACT Ver.,37,0
2026-08-09T23:35:02+08:00,VideoCall·COMPACT Ver.,37,0
2026-08-09T23:35:13+08:00,VideoCall·COMPACT Ver.,37,0
2026-08-09T23:35:24+08:00,VideoCall·COMPACT Ver.,37,0
2026-08-09T23:35:35+08:00,VideoCall·COMPACT Ver.,37,0
2026-08-09T23:35:46+08:00,VideoCall·COMPACT Ver.,37,0
2026-08-09T23:36:10+08:00,VideoCall·COMPACT Ver.,37,0
2026-08-09T23:36:22+08:00,VideoCall·COMPACT Ver.,37,0
2026-08-09T23:36:33+08:00,VideoCall·COMPACT Ver.,37,0
2026-08-09T23:36:44+08:00,VideoCall·COMPACT Ver.,37,0
2026-08-09T23:36:55+08:00,VideoCall·COMPACT Ver.,37,0
2026-08-09T23:37:06+08:00,VideoCall·COMPACT Ver.,37,0
2026-08-09T23:37:30+08:00,VideoCall·COMPACT Ver.,37,0
2026-08-09T23:37:41+08:00,VideoCall·COMPACT Ver.,37,0
2026-08-09T23:37:52+08:00,VideoCall·COMPACT Ver.,37,0
2026-08-09T23:38:03+08:00,VideoCall·COMPACT Ver.,37,0
2026-08-09T23:38:14+08:00,VideoCall·COMPACT Ver.,37,0
2026-08-09T23:38:25+08:00,VideoCall·COMPACT Ver.,37,0
2026-08-09T23:38:53+08:00,VideoCall·COMPACT Ver.,37,0
2026-08-09T23:39:04+08:00,VideoCall·COMPACT Ver.,37,0
2026-08-09T23:39:15+08:00,VideoCall·COMPACT Ver.,37,0
2026-08-09T23:39:25+08:00,VideoCall·COMPACT Ver.,37,0
2026-08-09T23:39:36+08:00,VideoCall·COMPACT Ver.,37,0
2026-08-09T23:39:47+08:00,VideoCall·COMPACT Ver.,37,0
2026-08-09T23:40:11+08:00,VideoCall·COMPACT Ver.,37,0
2026-08-09T23:40:22+08:00,VideoCall·COMPACT Ver.,37,0
2026-08-09T23:40:33+08:00,VideoCall·COMPACT Ver.,37,0
2026-08-09T23:40:43+08:00,VideoCall·COMPACT Ver.,37,0
2026-08-09T23:40:54+08:00,VideoCall·COMPACT Ver.,37,0
2026-08-09T23:41:05+08:00,VideoCall·COMPACT Ver.,37,0
2026-08-09T23:41:29+08:00,VideoCall·COMPACT Ver.,37,0
2026-08-09T23:41:39+08:00,VideoCall·COMPACT Ver.,37,0
2026-08-09T23:41:50+08:00,VideoCall·COMPACT Ver.,37,0
2026-08-09T23:42:01+08:00,VideoCall·COMPACT Ver.,37,0
2026-08-09T23:42:11+08:00,VideoCall·COMPACT Ver.,37,0
2026-08-09T23:42:22+08:00,VideoCall·COMPACT Ver.,37,0
2026-08-09T23:42:47+08:00,VideoCall·COMPACT Ver.,37,0
2026-08-09T23:42:58+08:00,VideoCall·COMPACT Ver.,37,0
2026-08-09T23:43:08+08:00,VideoCall·COMPACT Ver.,37,0
2026-08-09T23:43:19+08:00,VideoCall·COMPACT Ver.,37,0
2026-08-09T23:43:30+08:00,VideoCall·COMPACT Ver.,37,0
2026-08-09T23:43:41+08:00,VideoCall·COMPACT Ver.,37,0
2026-08-09T23:44:05+08:00,VideoCall·COMPACT Ver.,37,0
2026-08-09T23:44:16+08:00,VideoCall·COMPACT Ver.,37,0
2026-08-09T23:44:28+08:00,VideoCall·COMPACT Ver.,37,0
2026-08-09T23:44:39+08:00,VideoCall·COMPACT Ver.,37,0
2026-08-09T23:44:50+08:00,VideoCall·COMPACT Ver.,37,0
2026-08-09T23:45:01+08:00,VideoCall·COMPACT Ver.,37,0
2026-08-09T23:45:25+08:00,VideoCall·COMPACT Ver.,37,0
2026-08-09T23:45:36+08:00,VideoCall·COMPACT Ver.,37,0
2026-08-09T23:45:47+08:00,VideoCall·COMPACT Ver.,37,0
2026-08-09T23:45:58+08:00,VideoCall·COMPACT Ver.,37,0
2026-08-09T23:46:08+08:00,VideoCall·COMPACT Ver.,37,0
2026-08-09T23:46:18+08:00,VideoCall·COMPACT Ver.,37,0
2026-08-09T23:46:43+08:00,VideoCall·COMPACT Ver.,37,0
2026-08-09T23:46:54+08:00,VideoCall·COMPACT Ver.,37,0
2026-08-09T23:47:04+08:00,VideoCall·COMPACT Ver.,37,0
2026-08-09T23:47:15+08:00,VideoCall·COMPACT Ver.,37,0
2026-08-09T23:47:26+08:00,VideoCall·COMPACT Ver.,37,0
2026-08-09T23:47:36+08:00,VideoCall·COMPACT Ver.,37,0
2026-08-09T23:48:00+08:00,VideoCall·COMPACT Ver.,37,0
2026-08-09T23:48:11+08:00,VideoCall·COMPACT Ver.,37,0
2026-08-09T23:48:22+08:00,VideoCall·COMPACT Ver.,37,0
2026-08-09T23:48:33+08:00,VideoCall·COMPACT Ver.,37,0
2026-08-09T23:48:44+08:00,VideoCall·COMPACT Ver.,37,0
2026-08-09T23:48:55+08:00,VideoCall·COMPACT Ver.,37,0
2026-08-09T23:49:20+08:00,VideoCall·COMPACT Ver.,37,0
2026-08-09T23:49:30+08:00,VideoCall·COMPACT Ver.,37,0
2026-08-09T23:49:41+08:00,VideoCall·COMPACT Ver.,37,0
2026-08-09T23:49:52+08:00,VideoCall·COMPACT Ver.,37,0
2026-08-09T23:50:03+08:00,VideoCall·COMPACT Ver.,37,0
2026-08-09T23:50:14+08:00,VideoCall·COMPACT Ver.,37,0
2026-08-10T00:40:16+08:00,VideoCall·COMPACT Ver.,37,0
2026-08-10T00:40:28+08:00,VideoCall·COMPACT Ver.,37,0
2026-08-10T00:40:39+08:00,VideoCall·COMPACT Ver.,37,0
2026-08-10T00:40:50+08:00,VideoCall·COMPACT Ver.,37,0
2026-08-10T00:41:00+08:00,VideoCall·COMPACT Ver.,37,0
2026-08-10T00:41:11+08:00,VideoCall·COMPACT Ver.,37,0
2026-08-10T00:41:22+08:00,VideoCall·COMPACT Ver.,37,0
2026-08-10T00:41:47+08:00,VideoCall·COMPACT Ver.,37,0
2026-08-10T00:41:58+08:00,VideoCall·COMPACT Ver.,37,0
2026-08-10T00:42:09+08:00,VideoCall·COMPACT Ver.,37,0
2026-08-10T00:42:20+08:00,VideoCall·COMPACT Ver.,37,0
2026-08-10T00:42:31+08:00,VideoCall·COMPACT Ver.,37,0
2026-08-10T00:42:42+08:00,VideoCall·COMPACT Ver.,37,0
2026-08-10T00:43:06+08:00,VideoCall·COMPACT Ver.,37,0
2026-08-10T00:43:17+08:00,VideoCall·COMPACT Ver.,37,0
2026-08-10T00:43:28+08:00,VideoCall·COMPACT Ver.,37,0
2026-08-10T00:43:39+08:00,VideoCall·COMPACT Ver.,37,0
2026-08-10T00:43:50+08:00,VideoCall·COMPACT Ver.,37,0
2026-08-10T00:44:01+08:00,VideoCall·COMPACT Ver.,37,0
2026-08-10T00:44:26+08:00,VideoCall·COMPACT Ver.,37,0
2026-08-10T00:44:37+08:00,VideoCall·COMPACT Ver.,37,0
2026-08-10T00:44:48+08:00,VideoCall·COMPACT Ver.,37,0
2026-08-10T00:44:59+08:00,VideoCall·COMPACT Ver.,37,0
2026-08-10T00:45:09+08:00,VideoCall·COMPACT Ver.,37,0
2026-08-10T00:45:20+08:00,VideoCall·COMPACT Ver.,37,0
2026-08-10T00:45:44+08:00,VideoCall·COMPACT Ver.,37,0
2026-08-10T00:45:55+08:00,VideoCall·COMPACT Ver.,37,0
2026-08-10T00:46:06+08:00,VideoCall·COMPACT Ver.,37,0
2026-08-10T00:46:17+08:00,VideoCall·COMPACT Ver.,37,0
2026-08-10T00:46:28+08:00,VideoCall·COMPACT Ver.,37,0
2026-08-10T00:46:39+08:00,VideoCall·COMPACT Ver.,37,0
2026-08-10T00:47:04+08:00,VideoCall·COMPACT Ver.,37,0
2026-08-10T00:47:15+08:00,VideoCall·COMPACT Ver.,37,0
2026-08-10T00:47:26+08:00,VideoCall·COMPACT Ver.,37,0
2026-08-10T00:47:37+08:00,VideoCall·COMPACT Ver.,37,0
2026-08-10T00:47:48+08:00,VideoCall·COMPACT Ver.,37,0
2026-08-10T00:47:59+08:00,VideoCall·COMPACT Ver.,37,0
2026-08-10T00:48:23+08:00,VideoCall·COMPACT Ver.,37,0
2026-08-10T00:48:34+08:00,VideoCall·COMPACT Ver.,37,0
2026-08-10T00:48:45+08:00,VideoCall·COMPACT Ver.,37,0
2026-08-10T00:48:55+08:00,VideoCall·COMPACT Ver.,37,0
2026-08-10T00:49:07+08:00,VideoCall·COMPACT Ver.,37,0
2026-08-10T00:49:18+08:00,VideoCall·COMPACT Ver.,37,0
2026-08-10T00:49:43+08:00,VideoCall·COMPACT Ver.,37,0
2026-08-10T00:49:54+08:00,VideoCall·COMPACT Ver.,37,0
2026-08-10T00:50:05+08:00,VideoCall·COMPACT Ver.,37,0
2026-08-10T00:50:16+08:00,VideoCall·COMPACT Ver.,37,0
2026-08-10T00:50:26+08:00,VideoCall·COMPACT Ver.,37,0
2026-08-10T00:50:37+08:00,VideoCall·COMPACT Ver.,37,0
2026-08-10T00:51:02+08:00,VideoCall·COMPACT Ver.,37,0
2026-08-10T00:51:13+08:00,VideoCall·COMPACT Ver.,37,0
2026-08-10T00:51:24+08:00,VideoCall·COMPACT Ver.,37,0
2026-08-10T00:51:35+08:00,VideoCall·COMPACT Ver.,37,0
2026-08-10T00:51:46+08:00,VideoCall·COMPACT Ver.,37,0
2026-08-10T00:51:56+08:00,VideoCall·COMPACT Ver.,37,0
2026-08-10T00:52:22+08:00,VideoCall·COMPACT Ver.,37,0
2026-08-10T00:52:33+08:00,VideoCall·COMPACT Ver.,37,0
2026-08-10T00:52:43+08:00,VideoCall·COMPACT Ver.,37,0
2026-08-10T00:52:54+08:00,VideoCall·COMPACT Ver.,37,0
2026-08-10T00:53:05+08:00,VideoCall·COMPACT Ver.,37,0
2026-08-10T00:53:16+08:00,VideoCall·COMPACT Ver.,37,0
2026-08-10T00:53:40+08:00,VideoCall·COMPACT Ver.,37,0
2026-08-10T00:53:51+08:00,VideoCall·COMPACT Ver.,37,0
2026-08-10T00:54:02+08:00,VideoCall·COMPACT Ver.,37,0
2026-08-10T00:54:13+08:00,VideoCall·COMPACT Ver.,37,0
2026-08-10T00:54:24+08:00,VideoCall·COMPACT Ver.,37,0
2026-08-10T00:54:35+08:00,VideoCall·COMPACT Ver.,37,0
2026-08-10T00:54:59+08:00,VideoCall·COMPACT Ver.,37,0
2026-08-10T00:55:10+08:00,VideoCall·COMPACT Ver.,37,0
2026-08-10T00:55:21+08:00,VideoCall·COMPACT Ver.,37,0
2026-08-10T00:55:31+08:00,VideoCall·COMPACT Ver.,37,0
2026-08-10T00:55:42+08:00,VideoCall·COMPACT Ver.,37,0
2026-08-10T00:55:53+08:00,VideoCall·COMPACT Ver.,37,0
2026-08-10T00:56:18+08:00,VideoCall·COMPACT Ver.,37,0
2026-08-10T00:56:29+08:00,VideoCall·COMPACT Ver.,37,0
2026-08-10T00:56:40+08:00,VideoCall·COMPACT Ver.,37,0
2026-08-10T00:56:51+08:00,VideoCall·COMPACT Ver.,37,0
2026-08-10T00:57:02+08:00,VideoCall·COMPACT Ver.,37,0
2026-08-10T00:57:13+08:00,VideoCall·COMPACT Ver.,37,0
2026-08-10T00:57:38+08:00,VideoCall·COMPACT Ver.,37,0
2026-08-10T00:57:49+08:00,VideoCall·COMPACT Ver.,37,0
2026-08-10T00:58:00+08:00,VideoCall·COMPACT Ver.,37,0
2026-08-10T00:58:10+08:00,VideoCall·COMPACT Ver.,37,0
2026-08-10T00:58:21+08:00,VideoCall·COMPACT Ver.,37,0
2026-08-10T00:58:32+08:00,VideoCall·COMPACT Ver.,37,0
2026-08-10T00:58:57+08:00,VideoCall·COMPACT Ver.,37,0
2026-08-10T00:59:09+08:00,VideoCall·COMPACT Ver.,37,0
2026-08-10T00:59:20+08:00,VideoCall·COMPACT Ver.,37,0
2026-08-10T00:59:30+08:00,VideoCall·COMPACT Ver.,37,0
2026-08-10T00:59:41+08:00,VideoCall·COMPACT Ver.,37,0
2026-08-10T00:59:52+08:00,VideoCall·COMPACT Ver.,37,0
2026-08-10T01:00:16+08:00,VideoCall·COMPACT Ver.,37,0
2026-08-10T01:00:27+08:00,VideoCall·COMPACT Ver.,37,0
2026-08-10T01:00:38+08:00,VideoCall·COMPACT Ver.,37,0
2026-08-10T01:00:48+08:00,VideoCall·COMPACT Ver.,37,0
2026-08-10T01:00:59+08:00,VideoCall·COMPACT Ver.,37,0
2026-08-10T01:01:10+08:00,VideoCall·COMPACT Ver.,37,0
2026-08-10T01:01:35+08:00,VideoCall·COMPACT Ver.,37,0
2026-08-10T01:01:46+08:00,VideoCall·COMPACT Ver.,37,0
2026-08-10T01:01:57+08:00,VideoCall·COMPACT Ver.,37,0
2026-08-10T01:02:08+08:00,VideoCall·COMPACT Ver.,37,0
2026-08-10T01:02:19+08:00,VideoCall·COMPACT Ver.,37,0
2026-08-10T01:02:30+08:00,VideoCall·COMPACT Ver.,37,0
2026-08-10T01:02:54+08:00,VideoCall·COMPACT Ver.,37,0
2026-08-10T01:03:05+08:00,VideoCall·COMPACT Ver.,37,0
2026-08-10T01:03:15+08:00,VideoCall·COMPACT Ver.,37,0
2026-08-10T01:03:26+08:00,VideoCall·COMPACT Ver.,37,0
2026-08-10T01:03:37+08:00,VideoCall·COMPACT Ver.,37,0
2026-08-10T01:03:48+08:00,VideoCall·COMPACT Ver.,37,0
2026-08-10T01:04:12+08:00,VideoCall·COMPACT Ver.,37,0
2026-08-10T01:04:23+08:00,VideoCall·COMPACT Ver.,37,0
2026-08-10T01:04:35+08:00,VideoCall·COMPACT Ver.,37,0
2026-08-10T01:04:45+08:00,VideoCall·COMPACT Ver.,37,0
2026-08-10T01:04:56+08:00,VideoCall·COMPACT Ver.,37,0
2026-08-10T01:05:07+08:00,VideoCall·COMPACT Ver.,37,0
2026-08-10T01:05:32+08:00,VideoCall·COMPACT Ver.,37,0
2026-08-10T01:05:43+08:00,VideoCall·COMPACT Ver.,37,0
2026-08-10T01:05:53+08:00,VideoCall·COMPACT Ver.,37,0
2026-08-10T01:06:04+08:00,VideoCall·COMPACT Ver.,37,0
2026-08-10T01:06:15+08:00,VideoCall·COMPACT Ver.,37,0
2026-08-10T01:06:27+08:00,VideoCall·COMPACT Ver.,37,0
2026-08-10T01:06:51+08:00,VideoCall·COMPACT Ver.,37,0
2026-08-10T01:07:03+08:00,VideoCall·COMPACT Ver.,37,0
2026-08-10T01:07:13+08:00,VideoCall·COMPACT Ver.,37,0
2026-08-10T01:07:24+08:00,VideoCall·COMPACT Ver.,37,0
2026-08-10T01:07:35+08:00,VideoCall·COMPACT Ver.,37,0
2026-08-10T01:07:46+08:00,VideoCall·COMPACT Ver.,37,0
2026-08-10T01:08:12+08:00,VideoCall·COMPACT Ver.,37,0
2026-08-10T01:08:22+08:00,VideoCall·COMPACT Ver.,37,0
2026-08-10T01:08:33+08:00,VideoCall·COMPACT Ver.,37,0
2026-08-10T01:08:44+08:00,VideoCall·COMPACT Ver.,37,0
2026-08-10T01:08:55+08:00,VideoCall·COMPACT Ver.,37,0
2026-08-10T01:09:06+08:00,VideoCall·COMPACT Ver.,37,0
2026-08-10T01:09:32+08:00,VideoCall·COMPACT Ver.,37,0
2026-08-10T01:09:42+08:00,VideoCall·COMPACT Ver.,37,0
2026-08-10T01:09:53+08:00,VideoCall·COMPACT Ver.,37,0
2026-08-10T01:10:04+08:00,VideoCall·COMPACT Ver.,37,0
2026-08-10T01:10:14+08:00,VideoCall·COMPACT Ver.,37,0
2026-08-10T01:10:25+08:00,VideoCall·COMPACT Ver.,37,0
2026-08-10T01:10:51+08:00,VideoCall·COMPACT Ver.,37,0
2026-08-10T01:11:02+08:00,VideoCall·COMPACT Ver.,37,0
2026-08-10T01:11:13+08:00,VideoCall·COMPACT Ver.,37,0
2026-08-10T01:11:24+08:00,VideoCall·COMPACT Ver.,37,0
2026-08-10T01:11:35+08:00,VideoCall·COMPACT Ver.,37,0
2026-08-10T01:11:46+08:00,VideoCall·COMPACT Ver.,37,0
2026-08-10T01:12:09+08:00,VideoCall·COMPACT Ver.,37,0
2026-08-10T01:12:20+08:00,VideoCall·COMPACT Ver.,37,0
2026-08-10T01:12:31+08:00,VideoCall·COMPACT Ver.,37,0
2026-08-10T01:12:41+08:00,VideoCall·COMPACT Ver.,37,0
2026-08-10T01:12:52+08:00,VideoCall·COMPACT Ver.,37,0
2026-08-10T01:13:03+08:00,VideoCall·COMPACT Ver.,37,0
2026-08-10T01:13:29+08:00,VideoCall·COMPACT Ver.,37,0
2026-08-10T01:13:40+08:00,VideoCall·COMPACT Ver.,37,0
2026-08-10T01:13:50+08:00,VideoCall·COMPACT Ver.,37,0
2026-08-10T01:14:01+08:00,VideoCall·COMPACT Ver.,37,0
2026-08-10T01:14:12+08:00,VideoCall·COMPACT Ver.,37,0
2026-08-10T01:14:22+08:00,VideoCall·COMPACT Ver.,37,0
2026-08-10T01:15:38+08:00,VideoCall·COMPACT Ver.,37,0
2026-08-10T01:15:49+08:00,VideoCall·COMPACT Ver.,37,0
2026-08-10T01:16:00+08:00,VideoCall·COMPACT Ver.,37,0
2026-08-10T01:16:10+08:00,VideoCall·COMPACT Ver.,37,0
2026-08-10T01:16:21+08:00,VideoCall·COMPACT Ver.,37,0
2026-08-10T01:16:31+08:00,VideoCall·COMPACT Ver.,37,0
2026-08-10T01:16:42+08:00,VideoCall·COMPACT Ver.,37,0
2026-08-10T01:17:03+08:00,VideoCall·COMPACT Ver.,37,0
2026-08-10T01:17:14+08:00,VideoCall·COMPACT Ver.,37,0
2026-08-10T01:17:25+08:00,VideoCall·COMPACT Ver.,37,0
2026-08-10T01:17:36+08:00,VideoCall·COMPACT Ver.,37,0
2026-08-10T01:17:46+08:00,VideoCall·COMPACT Ver.,37,0
2026-08-10T01:17:57+08:00,VideoCall·COMPACT Ver.,37,0
2026-08-10T01:18:18+08:00,VideoCall·COMPACT Ver.,37,0
2026-08-10T01:18:29+08:00,VideoCall·COMPACT Ver.,37,0
2026-08-10T01:18:40+08:00,VideoCall·COMPACT Ver.,37,0
2026-08-10T01:18:54+08:00,VideoCall·COMPACT Ver.,37,0
2026-08-10T01:19:04+08:00,VideoCall·COMPACT Ver.,37,0
2026-08-10T01:19:15+08:00,VideoCall·COMPACT Ver.,37,0
2026-08-10T01:19:37+08:00,VideoCall·COMPACT Ver.,37,0
2026-08-10T01:19:47+08:00,VideoCall·COMPACT Ver.,37,0
2026-08-10T01:19:57+08:00,VideoCall·COMPACT Ver.,37,0
2026-08-10T01:20:08+08:00,VideoCall·COMPACT Ver.,37,0
2026-08-10T01:20:19+08:00,VideoCall·COMPACT Ver.,37,0
2026-08-10T01:20:29+08:00,VideoCall·COMPACT Ver.,37,0
2026-08-10T01:20:51+08:00,VideoCall·COMPACT Ver.,37,0
2026-08-10T01:21:02+08:00,VideoCall·COMPACT Ver.,37,0
2026-08-10T01:21:13+08:00,VideoCall·COMPACT Ver.,37,0
2026-08-10T01:21:23+08:00,VideoCall·COMPACT Ver.,37,0
2026-08-10T01:21:34+08:00,VideoCall·COMPACT Ver.,37,0
2026-08-10T01:21:45+08:00,VideoCall·COMPACT Ver.,37,0
2026-08-10T01:22:06+08:00,VideoCall·COMPACT Ver.,37,0
2026-08-10T01:22:16+08:00,VideoCall·COMPACT Ver.,37,0
2026-08-10T01:22:26+08:00,VideoCall·COMPACT Ver.,37,0
2026-08-10T01:22:37+08:00,VideoCall·COMPACT Ver.,37,0
2026-08-10T01:22:47+08:00,VideoCall·COMPACT Ver.,37,0
2026-08-10T01:22:58+08:00,VideoCall·COMPACT Ver.,37,0
2026-08-10T01:23:20+08:00,VideoCall·COMPACT Ver.,37,0
2026-08-10T01:23:31+08:00,VideoCall·COMPACT Ver.,37,0
2026-08-10T01:23:41+08:00,VideoCall·COMPACT Ver.,37,0
2026-08-10T01:23:52+08:00,VideoCall·COMPACT Ver.,37,0
2026-08-10T01:24:03+08:00,VideoCall·COMPACT Ver.,37,0
2026-08-10T01:24:13+08:00,VideoCall·COMPACT Ver.,37,0
2026-08-10T01:24:35+08:00,VideoCall·COMPACT Ver.,37,0
2026-08-10T01:24:46+08:00,VideoCall·COMPACT Ver.,37,0
2026-08-10T01:24:56+08:00,VideoCall·COMPACT Ver.,37,0
2026-08-10T01:25:07+08:00,VideoCall·COMPACT Ver.,37,0
2026-08-10T01:25:17+08:00,VideoCall·COMPACT Ver.,37,0
2026-08-10T01:25:28+08:00,VideoCall·COMPACT Ver.,37,0
2026-08-10T01:25:50+08:00,VideoCall·COMPACT Ver.,37,0
2026-08-10T01:26:01+08:00,VideoCall·COMPACT Ver.,37,0
2026-08-10T01:26:11+08:00,VideoCall·COMPACT Ver.,37,0
2026-08-10T01:26:22+08:00,VideoCall·COMPACT Ver.,37,0
2026-08-10T01:26:32+08:00,VideoCall·COMPACT Ver.,37,0
2026-08-10T01:26:43+08:00,VideoCall·COMPACT Ver.,37,0
2026-08-10T01:27:05+08:00,VideoCall·COMPACT Ver.,37,0
2026-08-10T01:27:15+08:00,VideoCall·COMPACT Ver.,37,0
2026-08-10T01:27:26+08:00,VideoCall·COMPACT Ver.,37,0
2026-08-10T01:27:36+08:00,VideoCall·COMPACT Ver.,37,0
2026-08-10T01:27:46+08:00,VideoCall·COMPACT Ver.,37,0
2026-08-10T01:27:58+08:00,VideoCall·COMPACT Ver.,37,0
2026-08-10T01:28:19+08:00,VideoCall·COMPACT Ver.,37,0
2026-08-10T01:28:30+08:00,VideoCall·COMPACT Ver.,37,0
2026-08-10T01:28:41+08:00,VideoCall·COMPACT Ver.,37,0
2026-08-10T01:28:52+08:00,VideoCall·COMPACT Ver.,37,0
2026-08-10T01:29:02+08:00,VideoCall·COMPACT Ver.,37,0
2026-08-10T01:29:13+08:00,VideoCall·COMPACT Ver.,37,0
2026-08-10T01:29:35+08:00,VideoCall·COMPACT Ver.,37,0
2026-08-10T01:29:46+08:00,VideoCall·COMPACT Ver.,37,0
2026-08-10T01:29:56+08:00,VideoCall·COMPACT Ver.,37,0
2026-08-10T01:30:07+08:00,VideoCall·COMPACT Ver.,37,0
2026-08-10T01:30:17+08:00,VideoCall·COMPACT Ver.,37,0
2026-08-10T01:30:28+08:00,VideoCall·COMPACT Ver.,37,0
2026-08-10T01:30:50+08:00,VideoCall·COMPACT Ver.,37,0
2026-08-10T01:31:00+08:00,VideoCall·COMPACT Ver.,37,0
2026-08-10T01:31:11+08:00,VideoCall·COMPACT Ver.,37,0
2026-08-10T01:31:21+08:00,VideoCall·COMPACT Ver.,37,0
2026-08-10T01:31:32+08:00,VideoCall·COMPACT Ver.,37,0
2026-08-10T01:31:43+08:00,VideoCall·COMPACT Ver.,37,0
2026-08-10T01:32:04+08:00,VideoCall·COMPACT Ver.,37,0
2026-08-10T01:32:14+08:00,VideoCall·COMPACT Ver.,37,0
2026-08-10T01:32:25+08:00,VideoCall·COMPACT Ver.,37,0
2026-08-10T01:32:36+08:00,VideoCall·COMPACT Ver.,37,0
2026-08-10T01:32:46+08:00,VideoCall·COMPACT Ver.,37,0
2026-08-10T01:32:57+08:00,VideoCall·COMPACT Ver.,37,0
2026-08-10T01:33:17+08:00,VideoCall·COMPACT Ver.,37,0
2026-08-10T01:33:28+08:00,VideoCall·COMPACT Ver.,37,0
2026-08-10T01:33:39+08:00,VideoCall·COMPACT Ver.,37,0
2026-08-10T01:33:50+08:00,VideoCall·COMPACT Ver.,37,0
2026-08-10T01:34:00+08:00,VideoCall·COMPACT Ver.,37,0
2026-08-10T01:34:11+08:00,VideoCall·COMPACT Ver.,37,0
2026-08-10T01:34:32+08:00,VideoCall·COMPACT Ver.,37,0
2026-08-10T01:34:43+08:00,VideoCall·COMPACT Ver.,37,0
2026-08-10T01:34:54+08:00,VideoCall·COMPACT Ver.,37,0
2026-08-10T01:35:05+08:00,VideoCall·COMPACT Ver.,37,0
2026-08-10T01:35:15+08:00,VideoCall·COMPACT Ver.,37,0
2026-08-10T01:35:26+08:00,VideoCall·COMPACT Ver.,37,0
2026-08-10T01:35:47+08:00,VideoCall·COMPACT Ver.,37,0
2026-08-10T01:35:58+08:00,VideoCall·COMPACT Ver.,37,0
2026-08-10T01:36:09+08:00,VideoCall·COMPACT Ver.,37,0
2026-08-10T01:36:20+08:00,VideoCall·COMPACT Ver.,37,0
2026-08-10T01:36:30+08:00,VideoCall·COMPACT Ver.,37,0
2026-08-10T01:36:41+08:00,VideoCall·COMPACT Ver.,37,0
2026-08-10T01:37:03+08:00,VideoCall·COMPACT Ver.,37,0
2026-08-10T01:37:13+08:00,VideoCall·COMPACT Ver.,37,0
2026-08-10T01:37:24+08:00,VideoCall·COMPACT Ver.,37,0
2026-08-10T01:37:34+08:00,VideoCall·COMPACT Ver.,37,0
2026-08-10T01:37:45+08:00,VideoCall·COMPACT Ver.,37,0
2026-08-10T01:37:56+08:00,VideoCall·COMPACT Ver.,37,0
2026-08-10T01:38:17+08:00,VideoCall·COMPACT Ver.,37,0
2026-08-10T01:38:28+08:00,VideoCall·COMPACT Ver.,37,0
2026-08-10T01:38:39+08:00,VideoCall·COMPACT Ver.,37,0
2026-08-10T01:38:50+08:00,VideoCall·COMPACT Ver.,37,0
2026-08-10T01:39:00+08:00,VideoCall·COMPACT Ver.,37,0
2026-08-10T01:39:11+08:00,VideoCall·COMPACT Ver.,37,0
2026-08-10T01:39:32+08:00,VideoCall·COMPACT Ver.,37,0
2026-08-10T01:39:42+08:00,VideoCall·COMPACT Ver.,37,0
2026-08-10T01:39:53+08:00,VideoCall·COMPACT Ver.,37,0
2026-08-10T01:40:04+08:00,VideoCall·COMPACT Ver.,37,0
2026-08-10T01:40:14+08:00,VideoCall·COMPACT Ver.,37,0
2026-08-10T01:40:24+08:00,VideoCall·COMPACT Ver.,37,0
2026-08-10T01:40:46+08:00,VideoCall·COMPACT Ver.,37,0
2026-08-10T01:40:56+08:00,VideoCall·COMPACT Ver.,37,0
2026-08-10T01:41:07+08:00,VideoCall·COMPACT Ver.,37,0
2026-08-10T01:41:18+08:00,VideoCall·COMPACT Ver.,37,0
2026-08-10T01:41:28+08:00,VideoCall·COMPACT Ver.,37,0
2026-08-10T01:41:39+08:00,VideoCall·COMPACT Ver.,37,0
2026-08-10T01:42:01+08:00,VideoCall·COMPACT Ver.,37,0
2026-08-10T01:42:17+08:00,VideoCall·COMPACT Ver.,37,0
2026-08-10T01:42:27+08:00,VideoCall·COMPACT Ver.,37,0
2026-08-10T01:42:38+08:00,VideoCall·COMPACT Ver.,37,0
2026-08-10T01:42:48+08:00,VideoCall·COMPACT Ver.,37,0
2026-08-10T01:42:59+08:00,VideoCall·COMPACT Ver.,37,0
2026-08-10T01:43:20+08:00,VideoCall·COMPACT Ver.,37,0
2026-08-10T01:43:31+08:00,VideoCall·COMPACT Ver.,37,0
2026-08-10T01:43:42+08:00,VideoCall·COMPACT Ver.,37,0
2026-08-10T01:43:52+08:00,VideoCall·COMPACT Ver.,37,0
2026-08-10T01:44:03+08:00,VideoCall·COMPACT Ver.,37,0
2026-08-10T01:44:14+08:00,VideoCall·COMPACT Ver.,37,0
2026-08-10T01:44:35+08:00,VideoCall·COMPACT Ver.,37,0
2026-08-10T01:44:46+08:00,VideoCall·COMPACT Ver.,37,0
2026-08-10T01:44:57+08:00,VideoCall·COMPACT Ver.,37,0
2026-08-10T01:45:08+08:00,VideoCall·COMPACT Ver.,37,0
2026-08-10T01:45:19+08:00,VideoCall·COMPACT Ver.,37,0
2026-08-10T01:45:30+08:00,VideoCall·COMPACT Ver.,37,0
2026-08-10T01:45:51+08:00,VideoCall·COMPACT Ver.,37,0
2026-08-10T01:46:02+08:00,VideoCall·COMPACT Ver.,37,0
2026-08-10T01:46:13+08:00,VideoCall·COMPACT Ver.,37,0
2026-08-10T01:46:23+08:00,VideoCall·COMPACT Ver.,37,0
2026-08-10T01:46:34+08:00,VideoCall·COMPACT Ver.,37,0
2026-08-10T01:46:44+08:00,VideoCall·COMPACT Ver.,37,0
2026-08-10T01:47:06+08:00,VideoCall·COMPACT Ver.,37,0
2026-08-10T01:47:16+08:00,VideoCall·COMPACT Ver.,37,0
2026-08-10T01:47:27+08:00,VideoCall·COMPACT Ver.,37,0
2026-08-10T01:47:38+08:00,VideoCall·COMPACT Ver.,37,0
2026-08-10T01:47:48+08:00,VideoCall·COMPACT Ver.,37,0
2026-08-10T01:47:59+08:00,VideoCall·COMPACT Ver.,37,0
2026-08-10T01:48:21+08:00,VideoCall·COMPACT Ver.,37,0
2026-08-10T01:48:31+08:00,VideoCall·COMPACT Ver.,37,0
2026-08-10T01:48:42+08:00,VideoCall·COMPACT Ver.,37,0
2026-08-10T01:48:53+08:00,VideoCall·COMPACT Ver.,37,0
2026-08-10T01:49:03+08:00,VideoCall·COMPACT Ver.,37,0
2026-08-10T01:49:14+08:00,VideoCall·COMPACT Ver.,37,0
2026-08-10T01:49:36+08:00,VideoCall·COMPACT Ver.,37,0
2026-08-10T01:49:46+08:00,VideoCall·COMPACT Ver.,37,0
2026-08-10T01:49:57+08:00,VideoCall·COMPACT Ver.,37,0
2026-08-10T01:50:07+08:00,VideoCall·COMPACT Ver.,37,0
2026-08-10T01:50:18+08:00,VideoCall·COMPACT Ver.,37,0
2026-08-10T01:50:29+08:00,VideoCall·COMPACT Ver.,37,0
2026-08-10T01:50:51+08:00,VideoCall·COMPACT Ver.,37,0
2026-08-10T01:51:02+08:00,VideoCall·COMPACT Ver.,37,0
2026-08-10T01:51:13+08:00,VideoCall·COMPACT Ver.,37,0
2026-08-10T01:51:23+08:00,VideoCall·COMPACT Ver.,37,0
2026-08-10T01:51:34+08:00,VideoCall·COMPACT Ver.,37,0
2026-08-10T01:51:45+08:00,VideoCall·COMPACT Ver.,37,0
2026-08-10T01:52:06+08:00,VideoCall·COMPACT Ver.,37,0
2026-08-10T01:52:17+08:00,VideoCall·COMPACT Ver.,37,0
2026-08-10T01:52:28+08:00,VideoCall·COMPACT Ver.,37,0
2026-08-10T01:52:38+08:00,VideoCall·COMPACT Ver.,37,0
2026-08-10T01:52:49+08:00,VideoCall·COMPACT Ver.,37,0
2026-08-10T01:53:00+08:00,VideoCall·COMPACT Ver.,37,0
2026-08-10T01:53:21+08:00,VideoCall·COMPACT Ver.,37,0
2026-08-10T01:53:31+08:00,VideoCall·COMPACT Ver.,37,0
2026-08-10T01:53:42+08:00,VideoCall·COMPACT Ver.,37,0
2026-08-10T01:53:52+08:00,VideoCall·COMPACT Ver.,37,0
2026-08-10T01:54:03+08:00,VideoCall·COMPACT Ver.,37,0
2026-08-10T01:54:14+08:00,VideoCall·COMPACT Ver.,37,0
2026-08-10T01:54:35+08:00,VideoCall·COMPACT Ver.,37,0
2026-08-10T01:54:45+08:00,VideoCall·COMPACT Ver.,37,0
2026-08-10T01:54:56+08:00,VideoCall·COMPACT Ver.,37,0
2026-08-10T01:55:07+08:00,VideoCall·COMPACT Ver.,37,0
2026-08-10T01:55:17+08:00,VideoCall·COMPACT Ver.,37,0
2026-08-10T01:55:28+08:00,VideoCall·COMPACT Ver.,37,0
2026-08-10T01:55:49+08:00,VideoCall·COMPACT Ver.,37,0
2026-08-10T01:55:59+08:00,VideoCall·COMPACT Ver.,37,0
2026-08-10T01:56:10+08:00,VideoCall·COMPACT Ver.,37,0
2026-08-10T01:56:21+08:00,VideoCall·COMPACT Ver.,37,0
2026-08-10T01:56:32+08:00,VideoCall·COMPACT Ver.,37,0
2026-08-10T01:56:43+08:00,VideoCall·COMPACT Ver.,37,0
2026-08-10T01:57:04+08:00,VideoCall·COMPACT Ver.,37,0
2026-08-10T01:57:15+08:00,VideoCall·COMPACT Ver.,37,0
2026-08-10T01:57:26+08:00,VideoCall·COMPACT Ver.,37,0
2026-08-10T01:57:36+08:00,VideoCall·COMPACT Ver.,37,0
2026-08-10T01:57:47+08:00,VideoCall·COMPACT Ver.,37,0
2026-08-10T01:57:58+08:00,VideoCall·COMPACT Ver.,37,0
2026-08-10T01:58:19+08:00,VideoCall·COMPACT Ver.,37,0
2026-08-10T01:58:30+08:00,VideoCall·COMPACT Ver.,37,0
2026-08-10T01:58:41+08:00,VideoCall·COMPACT Ver.,37,0
2026-08-10T01:58:51+08:00,VideoCall·COMPACT Ver.,37,0
2026-08-10T01:59:02+08:00,VideoCall·COMPACT Ver.,37,0
2026-08-10T01:59:13+08:00,VideoCall·COMPACT Ver.,37,0
2026-08-10T01:59:58+08:00,VideoCall·COMPACT Ver.,37,0
2026-08-10T02:00:10+08:00,VideoCall·COMPACT Ver.,37,0
2026-08-10T02:00:21+08:00,VideoCall·COMPACT Ver.,37,0
2026-08-10T02:00:32+08:00,VideoCall·COMPACT Ver.,37,0
2026-08-10T02:00:43+08:00,VideoCall·COMPACT Ver.,37,0
2026-08-10T02:00:54+08:00,VideoCall·COMPACT Ver.,37,0
2026-08-10T02:01:04+08:00,VideoCall·COMPACT Ver.,37,0
2026-08-10T02:01:28+08:00,VideoCall·COMPACT Ver.,37,0
2026-08-10T02:01:39+08:00,VideoCall·COMPACT Ver.,37,0
2026-08-10T02:01:50+08:00,VideoCall·COMPACT Ver.,37,0
2026-08-10T02:02:01+08:00,VideoCall·COMPACT Ver.,37,0
2026-08-10T02:02:12+08:00,VideoCall·COMPACT Ver.,37,0
2026-08-10T02:02:23+08:00,VideoCall·COMPACT Ver.,37,0
2026-08-10T02:02:47+08:00,VideoCall·COMPACT Ver.,37,0
2026-08-10T02:02:57+08:00,VideoCall·COMPACT Ver.,37,0
2026-08-10T02:03:08+08:00,VideoCall·COMPACT Ver.,37,0
2026-08-10T02:03:19+08:00,VideoCall·COMPACT Ver.,37,0
2026-08-10T02:03:30+08:00,VideoCall·COMPACT Ver.,37,0
2026-08-10T02:03:40+08:00,VideoCall·COMPACT Ver.,37,0
2026-08-10T02:04:04+08:00,VideoCall·COMPACT Ver.,37,0
2026-08-10T02:04:15+08:00,VideoCall·COMPACT Ver.,37,0
2026-08-10T02:04:25+08:00,VideoCall·COMPACT Ver.,37,0
2026-08-10T02:04:36+08:00,VideoCall·COMPACT Ver.,37,0
2026-08-10T02:04:46+08:00,VideoCall·COMPACT Ver.,37,0
2026-08-10T02:04:57+08:00,VideoCall·COMPACT Ver.,37,0
2026-08-10T02:05:21+08:00,VideoCall·COMPACT Ver.,37,0
2026-08-10T02:05:31+08:00,VideoCall·COMPACT Ver.,37,0
2026-08-10T02:05:42+08:00,VideoCall·COMPACT Ver.,37,0
2026-08-10T02:05:53+08:00,VideoCall·COMPACT Ver.,37,0
2026-08-10T02:06:04+08:00,VideoCall·COMPACT Ver.,37,0
2026-08-10T02:06:15+08:00,VideoCall·COMPACT Ver.,37,0
2026-08-10T02:06:39+08:00,VideoCall·COMPACT Ver.,50,13
2026-08-10T02:06:50+08:00,VideoCall·COMPACT Ver.,50,0
2026-08-10T02:07:01+08:00,VideoCall·COMPACT Ver.,50,0
2026-08-10T02:07:11+08:00,VideoCall·COMPACT Ver.,50,0
2026-08-10T02:07:22+08:00,VideoCall·COMPACT Ver.,50,0
2026-08-10T02:07:33+08:00,VideoCall·COMPACT Ver.,50,0
2026-08-10T02:07:57+08:00,VideoCall·COMPACT Ver.,50,0
2026-08-10T02:08:08+08:00,VideoCall·COMPACT Ver.,50,0
2026-08-10T02:08:19+08:00,VideoCall·COMPACT Ver.,50,0
2026-08-10T02:08:30+08:00,VideoCall·COMPACT Ver.,50,0
2026-08-10T02:08:41+08:00,VideoCall·COMPACT Ver.,50,0
2026-08-10T02:08:52+08:00,VideoCall·COMPACT Ver.,50,0
2026-08-10T02:09:16+08:00,VideoCall·COMPACT Ver.,50,0
2026-08-10T02:09:27+08:00,VideoCall·COMPACT Ver.,50,0
2026-08-10T02:09:38+08:00,VideoCall·COMPACT Ver.,50,0
2026-08-10T02:09:49+08:00,VideoCall·COMPACT Ver.,50,0
2026-08-10T02:09:59+08:00,VideoCall·COMPACT Ver.,50,0
2026-08-10T02:10:11+08:00,VideoCall·COMPACT Ver.,50,0
2026-08-10T02:10:35+08:00,VideoCall·COMPACT Ver.,50,0
2026-08-10T02:10:46+08:00,VideoCall·COMPACT Ver.,50,0
2026-08-10T02:10:57+08:00,VideoCall·COMPACT Ver.,50,0
2026-08-10T02:11:08+08:00,VideoCall·COMPACT Ver.,50,0
2026-08-10T02:11:19+08:00,VideoCall·COMPACT Ver.,50,0
2026-08-10T02:11:30+08:00,VideoCall·COMPACT Ver.,50,0
2026-08-10T02:11:54+08:00,VideoCall·COMPACT Ver.,50,0
2026-08-10T02:12:05+08:00,VideoCall·COMPACT Ver.,50,0
2026-08-10T02:12:16+08:00,VideoCall·COMPACT Ver.,50,0
2026-08-10T02:12:27+08:00,VideoCall·COMPACT Ver.,50,0
2026-08-10T02:12:38+08:00,VideoCall·COMPACT Ver.,50,0
2026-08-10T02:12:48+08:00,VideoCall·COMPACT Ver.,50,0
2026-08-10T02:13:12+08:00,VideoCall·COMPACT Ver.,50,0
2026-08-10T02:13:23+08:00,VideoCall·COMPACT Ver.,50,0
2026-08-10T02:13:34+08:00,VideoCall·COMPACT Ver.,50,0
2026-08-10T02:13:45+08:00,VideoCall·COMPACT Ver.,50,0
2026-08-10T02:13:56+08:00,VideoCall·COMPACT Ver.,50,0
2026-08-10T02:14:07+08:00,VideoCall·COMPACT Ver.,50,0
2026-08-10T02:14:31+08:00,VideoCall·COMPACT Ver.,50,0
2026-08-10T02:14:42+08:00,VideoCall·COMPACT Ver.,50,0
2026-08-10T02:14:53+08:00,VideoCall·COMPACT Ver.,50,0
2026-08-10T02:15:04+08:00,VideoCall·COMPACT Ver.,50,0
2026-08-10T02:15:15+08:00,VideoCall·COMPACT Ver.,50,0
2026-08-10T02:15:26+08:00,VideoCall·COMPACT Ver.,50,0
2026-08-10T02:15:50+08:00,VideoCall·COMPACT Ver.,50,0
2026-08-10T02:16:01+08:00,VideoCall·COMPACT Ver.,50,0
2026-08-10T02:16:12+08:00,VideoCall·COMPACT Ver.,50,0
2026-08-10T02:16:23+08:00,VideoCall·COMPACT Ver.,50,0
2026-08-10T02:16:34+08:00,VideoCall·COMPACT Ver.,50,0
2026-08-10T02:16:45+08:00,VideoCall·COMPACT Ver.,50,0
2026-08-10T02:17:10+08:00,VideoCall·COMPACT Ver.,50,0
2026-08-10T02:17:21+08:00,VideoCall·COMPACT Ver.,50,0
2026-08-10T02:17:32+08:00,VideoCall·COMPACT Ver.,50,0
2026-08-10T02:17:43+08:00,VideoCall·COMPACT Ver.,50,0
2026-08-10T02:17:54+08:00,VideoCall·COMPACT Ver.,50,0
2026-08-10T02:18:06+08:00,VideoCall·COMPACT Ver.,50,0
2026-08-10T02:18:31+08:00,VideoCall·COMPACT Ver.,50,0
2026-08-10T02:18:42+08:00,VideoCall·COMPACT Ver.,50,0
2026-08-10T02:18:52+08:00,VideoCall·COMPACT Ver.,50,0
2026-08-10T02:19:03+08:00,VideoCall·COMPACT Ver.,50,0
2026-08-10T02:19:14+08:00,VideoCall·COMPACT Ver.,50,0
2026-08-10T02:19:25+08:00,VideoCall·COMPACT Ver.,50,0
2026-08-10T02:19:49+08:00,VideoCall·COMPACT Ver.,50,0
2026-08-10T02:20:00+08:00,VideoCall·COMPACT Ver.,50,0
2026-08-10T02:20:11+08:00,VideoCall·COMPACT Ver.,50,0
2026-08-10T02:20:22+08:00,VideoCall·COMPACT Ver.,50,0
2026-08-10T02:20:33+08:00,VideoCall·COMPACT Ver.,50,0
2026-08-10T02:20:44+08:00,VideoCall·COMPACT Ver.,50,0
2026-08-10T02:21:09+08:00,VideoCall·COMPACT Ver.,50,0
2026-08-10T02:21:20+08:00,VideoCall·COMPACT Ver.,50,0
2026-08-10T02:21:31+08:00,VideoCall·COMPACT Ver.,50,0
2026-08-10T02:21:41+08:00,VideoCall·COMPACT Ver.,50,0
2026-08-10T02:21:52+08:00,VideoCall·COMPACT Ver.,50,0
2026-08-10T02:22:03+08:00,VideoCall·COMPACT Ver.,50,0
2026-08-10T02:22:27+08:00,VideoCall·COMPACT Ver.,50,0
2026-08-10T02:22:38+08:00,VideoCall·COMPACT Ver.,50,0
2026-08-10T02:22:48+08:00,VideoCall·COMPACT Ver.,50,0
2026-08-10T02:22:59+08:00,VideoCall·COMPACT Ver.,50,0
2026-08-10T02:23:11+08:00,VideoCall·COMPACT Ver.,50,0
2026-08-10T02:23:22+08:00,VideoCall·COMPACT Ver.,50,0
2026-08-10T02:23:46+08:00,VideoCall·COMPACT Ver.,50,0
2026-08-10T02:23:57+08:00,VideoCall·COMPACT Ver.,50,0
2026-08-10T02:24:08+08:00,VideoCall·COMPACT Ver.,50,0
2026-08-10T02:24:19+08:00,VideoCall·COMPACT Ver.,50,0
2026-08-10T02:24:30+08:00,VideoCall·COMPACT Ver.,50,0
2026-08-10T02:24:42+08:00,VideoCall·COMPACT Ver.,50,0
2026-08-10T02:25:05+08:00,VideoCall·COMPACT Ver.,50,0
2026-08-10T02:25:16+08:00,VideoCall·COMPACT Ver.,50,0
2026-08-10T02:25:27+08:00,VideoCall·COMPACT Ver.,50,0
2026-08-10T02:25:38+08:00,VideoCall·COMPACT Ver.,50,0
2026-08-10T02:25:48+08:00,VideoCall·COMPACT Ver.,50,0
2026-08-10T02:25:59+08:00,VideoCall·COMPACT Ver.,50,0
2026-08-10T02:26:24+08:00,VideoCall·COMPACT Ver.,50,0
2026-08-10T02:26:35+08:00,VideoCall·COMPACT Ver.,50,0
2026-08-10T02:26:46+08:00,VideoCall·COMPACT Ver.,50,0
2026-08-10T02:26:56+08:00,VideoCall·COMPACT Ver.,50,0
2026-08-10T02:27:07+08:00,VideoCall·COMPACT Ver.,50,0
2026-08-10T02:27:18+08:00,VideoCall·COMPACT Ver.,50,0
2026-08-10T02:27:41+08:00,VideoCall·COMPACT Ver.,50,0
2026-08-10T02:27:52+08:00,VideoCall·COMPACT Ver.,50,0
2026-08-10T02:28:03+08:00,VideoCall·COMPACT Ver.,50,0
2026-08-10T02:28:14+08:00,VideoCall·COMPACT Ver.,50,0
2026-08-10T02:28:25+08:00,VideoCall·COMPACT Ver.,50,0
2026-08-10T02:28:36+08:00,VideoCall·COMPACT Ver.,50,0
2026-08-10T02:29:01+08:00,VideoCall·COMPACT Ver.,50,0
2026-08-10T02:29:12+08:00,VideoCall·COMPACT Ver.,50,0
2026-08-10T02:29:22+08:00,VideoCall·COMPACT Ver.,50,0
2026-08-10T02:29:33+08:00,VideoCall·COMPACT Ver.,50,0
2026-08-10T02:29:43+08:00,VideoCall·COMPACT Ver.,50,0
2026-08-10T02:29:54+08:00,VideoCall·COMPACT Ver.,50,0
2026-08-10T02:30:17+08:00,VideoCall·COMPACT Ver.,50,0
2026-08-10T02:30:28+08:00,VideoCall·COMPACT Ver.,50,0
2026-08-10T02:30:39+08:00,VideoCall·COMPACT Ver.,50,0
2026-08-10T02:30:50+08:00,VideoCall·COMPACT Ver.,50,0
2026-08-10T02:31:01+08:00,VideoCall·COMPACT Ver.,50,0
2026-08-10T02:31:12+08:00,VideoCall·COMPACT Ver.,50,0
2026-08-10T02:31:36+08:00,VideoCall·COMPACT Ver.,50,0
2026-08-10T02:31:46+08:00,VideoCall·COMPACT Ver.,50,0
2026-08-10T02:31:58+08:00,VideoCall·COMPACT Ver.,50,0
2026-08-10T02:32:08+08:00,VideoCall·COMPACT Ver.,50,0
2026-08-10T02:32:19+08:00,VideoCall·COMPACT Ver.,50,0
2026-08-10T02:32:29+08:00,VideoCall·COMPACT Ver.,50,0
2026-08-10T02:32:54+08:00,VideoCall·COMPACT Ver.,50,0
2026-08-10T02:33:05+08:00,VideoCall·COMPACT Ver.,50,0
2026-08-10T02:33:16+08:00,VideoCall·COMPACT Ver.,50,0
2026-08-10T02:33:27+08:00,VideoCall·COMPACT Ver.,50,0
2026-08-10T02:33:38+08:00,VideoCall·COMPACT Ver.,50,0
2026-08-10T02:33:49+08:00,VideoCall·COMPACT Ver.,50,0
2026-08-10T02:34:13+08:00,VideoCall·COMPACT Ver.,50,0
2026-08-10T02:34:24+08:00,VideoCall·COMPACT Ver.,50,0
2026-08-10T02:34:35+08:00,VideoCall·COMPACT Ver.,50,0
2026-08-10T02:34:46+08:00,VideoCall·COMPACT Ver.,50,0
2026-08-10T02:34:57+08:00,VideoCall·COMPACT Ver.,50,0
2026-08-10T02:35:08+08:00,VideoCall·COMPACT Ver.,50,0
2026-08-10T02:35:33+08:00,VideoCall·COMPACT Ver.,50,0
2026-08-10T02:35:43+08:00,VideoCall·COMPACT Ver.,50,0
2026-08-10T02:35:54+08:00,VideoCall·COMPACT Ver.,50,0
2026-08-10T02:36:05+08:00,VideoCall·COMPACT Ver.,50,0
2026-08-10T02:36:16+08:00,VideoCall·COMPACT Ver.,50,0
2026-08-10T02:36:27+08:00,VideoCall·COMPACT Ver.,50,0
2026-08-10T02:36:51+08:00,VideoCall·COMPACT Ver.,50,0
2026-08-10T02:37:03+08:00,VideoCall·COMPACT Ver.,50,0
2026-08-10T02:37:14+08:00,VideoCall·COMPACT Ver.,50,0
2026-08-10T02:37:25+08:00,VideoCall·COMPACT Ver.,50,0
2026-08-10T02:37:36+08:00,VideoCall·COMPACT Ver.,50,0
2026-08-10T02:37:47+08:00,VideoCall·COMPACT Ver.,50,0
2026-08-10T02:38:10+08:00,VideoCall·COMPACT Ver.,50,0
2026-08-10T02:38:20+08:00,VideoCall·COMPACT Ver.,50,0
2026-08-10T02:38:31+08:00,VideoCall·COMPACT Ver.,50,0
2026-08-10T02:38:42+08:00,VideoCall·COMPACT Ver.,50,0
2026-08-10T02:38:52+08:00,VideoCall·COMPACT Ver.,50,0
2026-08-10T02:39:03+08:00,VideoCall·COMPACT Ver.,50,0
2026-08-10T02:39:27+08:00,VideoCall·COMPACT Ver.,50,0
2026-08-10T02:39:38+08:00,VideoCall·COMPACT Ver.,50,0
2026-08-10T02:39:49+08:00,VideoCall·COMPACT Ver.,50,0
2026-08-10T02:39:59+08:00,VideoCall·COMPACT Ver.,50,0
2026-08-10T02:40:10+08:00,VideoCall·COMPACT Ver.,50,0
2026-08-10T02:40:21+08:00,VideoCall·COMPACT Ver.,50,0
2026-08-10T02:40:45+08:00,VideoCall·COMPACT Ver.,50,0
2026-08-10T02:40:56+08:00,VideoCall·COMPACT Ver.,50,0
2026-08-10T02:41:07+08:00,VideoCall·COMPACT Ver.,50,0
2026-08-10T02:41:18+08:00,VideoCall·COMPACT Ver.,50,0
2026-08-10T02:41:29+08:00,VideoCall·COMPACT Ver.,50,0
2026-08-10T02:41:40+08:00,VideoCall·COMPACT Ver.,50,0
2026-08-10T02:42:04+08:00,VideoCall·COMPACT Ver.,50,0
2026-08-10T02:42:15+08:00,VideoCall·COMPACT Ver.,50,0
2026-08-10T02:42:26+08:00,VideoCall·COMPACT Ver.,50,0
2026-08-10T02:42:36+08:00,VideoCall·COMPACT Ver.,50,0
2026-08-10T02:42:48+08:00,VideoCall·COMPACT Ver.,50,0
2026-08-10T02:42:59+08:00,VideoCall·COMPACT Ver.,50,0
2026-08-10T02:43:23+08:00,VideoCall·COMPACT Ver.,50,0
2026-08-10T02:43:34+08:00,VideoCall·COMPACT Ver.,50,0
2026-08-10T02:43:45+08:00,VideoCall·COMPACT Ver.,50,0
2026-08-10T02:43:57+08:00,VideoCall·COMPACT Ver.,50,0
2026-08-10T02:44:08+08:00,VideoCall·COMPACT Ver.,50,0
2026-08-10T02:44:19+08:00,VideoCall·COMPACT Ver.,50,0
2026-08-10T02:44:43+08:00,VideoCall·COMPACT Ver.,50,0
2026-08-10T02:44:55+08:00,VideoCall·COMPACT Ver.,50,0
2026-08-10T02:45:06+08:00,VideoCall·COMPACT Ver.,50,0
2026-08-10T02:45:17+08:00,VideoCall·COMPACT Ver.,50,0
2026-08-10T02:45:27+08:00,VideoCall·COMPACT Ver.,50,0
2026-08-10T02:45:38+08:00,VideoCall·COMPACT Ver.,50,0
2026-08-10T02:46:02+08:00,VideoCall·COMPACT Ver.,50,0
2026-08-10T02:46:13+08:00,VideoCall·COMPACT Ver.,50,0
2026-08-10T02:46:24+08:00,VideoCall·COMPACT Ver.,50,0
2026-08-10T02:46:35+08:00,VideoCall·COMPACT Ver.,50,0
2026-08-10T02:46:46+08:00,VideoCall·COMPACT Ver.,50,0
2026-08-10T02:46:57+08:00,VideoCall·COMPACT Ver.,50,0
2026-08-10T02:47:20+08:00,VideoCall·COMPACT Ver.,50,0
2026-08-10T02:47:31+08:00,VideoCall·COMPACT Ver.,50,0
2026-08-10T02:47:42+08:00,VideoCall·COMPACT Ver.,50,0
2026-08-10T02:47:53+08:00,VideoCall·COMPACT Ver.,50,0
2026-08-10T02:48:04+08:00,VideoCall·COMPACT Ver.,50,0
2026-08-10T02:48:15+08:00,VideoCall·COMPACT Ver.,50,0
2026-08-10T02:48:39+08:00,VideoCall·COMPACT Ver.,50,0
2026-08-10T02:48:50+08:00,VideoCall·COMPACT Ver.,50,0
2026-08-10T02:49:01+08:00,VideoCall·COMPACT Ver.,50,0
2026-08-10T02:49:11+08:00,VideoCall·COMPACT Ver.,50,0
2026-08-10T02:49:22+08:00,VideoCall·COMPACT Ver.,50,0
2026-08-10T02:49:32+08:00,VideoCall·COMPACT Ver.,50,0
2026-08-10T02:49:57+08:00,VideoCall·COMPACT Ver.,50,0
2026-08-10T02:50:23+08:00,VideoCall·COMPACT Ver.,50,0
2026-08-10T02:50:34+08:00,VideoCall·COMPACT Ver.,50,0
2026-08-10T02:50:45+08:00,VideoCall·COMPACT Ver.,50,0
2026-08-10T02:50:56+08:00,VideoCall·COMPACT Ver.,50,0
2026-08-10T02:51:07+08:00,VideoCall·COMPACT Ver.,50,0
2026-08-10T02:51:18+08:00,VideoCall·COMPACT Ver.,50,0
2026-08-10T02:51:29+08:00,VideoCall·COMPACT Ver.,50,0
2026-08-10T02:51:53+08:00,VideoCall·COMPACT Ver.,50,0
2026-08-10T02:52:04+08:00,VideoCall·COMPACT Ver.,50,0
2026-08-10T02:52:15+08:00,VideoCall·COMPACT Ver.,50,0
2026-08-10T02:52:26+08:00,VideoCall·COMPACT Ver.,50,0
2026-08-10T02:52:37+08:00,VideoCall·COMPACT Ver.,50,0
2026-08-10T02:52:48+08:00,VideoCall·COMPACT Ver.,50,0
2026-08-10T02:53:12+08:00,VideoCall·COMPACT Ver.,50,0
2026-08-10T02:53:23+08:00,VideoCall·COMPACT Ver.,50,0
2026-08-10T02:53:34+08:00,VideoCall·COMPACT Ver.,50,0
2026-08-10T02:53:45+08:00,VideoCall·COMPACT Ver.,50,0
2026-08-10T02:53:55+08:00,VideoCall·COMPACT Ver.,50,0
2026-08-10T02:54:06+08:00,VideoCall·COMPACT Ver.,50,0
2026-08-10T02:55:01+08:00,VideoCall·COMPACT Ver.,50,0
2026-08-10T02:55:12+08:00,VideoCall·COMPACT Ver.,50,0
2026-08-10T02:55:23+08:00,VideoCall·COMPACT Ver.,50,0
2026-08-10T02:55:34+08:00,VideoCall·COMPACT Ver.,50,0
2026-08-10T02:55:45+08:00,VideoCall·COMPACT Ver.,50,0
2026-08-10T02:55:56+08:00,VideoCall·COMPACT Ver.,50,0
2026-08-10T02:56:07+08:00,VideoCall·COMPACT Ver.,50,0
2026-08-10T02:56:31+08:00,VideoCall·COMPACT Ver.,50,0
2026-08-10T02:56:42+08:00,VideoCall·COMPACT Ver.,50,0
2026-08-10T02:56:54+08:00,VideoCall·COMPACT Ver.,50,0
2026-08-10T02:57:04+08:00,VideoCall·COMPACT Ver.,50,0
2026-08-10T02:57:15+08:00,VideoCall·COMPACT Ver.,50,0
2026-08-10T02:57:26+08:00,VideoCall·COMPACT Ver.,50,0
2026-08-10T02:57:51+08:00,VideoCall·COMPACT Ver.,50,0
2026-08-10T02:58:02+08:00,VideoCall·COMPACT Ver.,50,0
2026-08-10T02:58:12+08:00,VideoCall·COMPACT Ver.,50,0
2026-08-10T02:58:23+08:00,VideoCall·COMPACT Ver.,50,0
2026-08-10T02:58:34+08:00,VideoCall·COMPACT Ver.,50,0
2026-08-10T02:58:46+08:00,VideoCall·COMPACT Ver.,50,0
2026-08-10T02:59:11+08:00,VideoCall·COMPACT Ver.,50,0
2026-08-10T02:59:22+08:00,VideoCall·COMPACT Ver.,50,0
2026-08-10T02:59:32+08:00,VideoCall·COMPACT Ver.,50,0
2026-08-10T02:59:43+08:00,VideoCall·COMPACT Ver.,50,0
2026-08-10T02:59:54+08:00,VideoCall·COMPACT Ver.,50,0
2026-08-10T03:00:05+08:00,VideoCall·COMPACT Ver.,50,0
2026-08-10T03:00:30+08:00,VideoCall·COMPACT Ver.,50,0
2026-08-10T03:00:41+08:00,VideoCall·COMPACT Ver.,50,0
2026-08-10T03:00:52+08:00,VideoCall·COMPACT Ver.,50,0
2026-08-10T03:01:02+08:00,VideoCall·COMPACT Ver.,50,0
2026-08-10T03:01:13+08:00,VideoCall·COMPACT Ver.,50,0
2026-08-10T03:01:24+08:00,VideoCall·COMPACT Ver.,50,0
2026-08-10T03:01:49+08:00,VideoCall·COMPACT Ver.,50,0
2026-08-10T03:02:00+08:00,VideoCall·COMPACT Ver.,50,0
2026-08-10T03:02:11+08:00,VideoCall·COMPACT Ver.,50,0
2026-08-10T03:02:22+08:00,VideoCall·COMPACT Ver.,50,0
2026-08-10T03:02:32+08:00,VideoCall·COMPACT Ver.,50,0
2026-08-10T03:02:43+08:00,VideoCall·COMPACT Ver.,50,0
2026-08-10T03:03:07+08:00,VideoCall·COMPACT Ver.,50,0
2026-08-10T03:03:18+08:00,VideoCall·COMPACT Ver.,50,0
2026-08-10T03:03:29+08:00,VideoCall·COMPACT Ver.,50,0
2026-08-10T03:03:40+08:00,VideoCall·COMPACT Ver.,50,0
2026-08-10T03:03:51+08:00,VideoCall·COMPACT Ver.,50,0
2026-08-10T03:04:02+08:00,VideoCall·COMPACT Ver.,50,0
2026-08-10T03:04:27+08:00,VideoCall·COMPACT Ver.,50,0
2026-08-10T03:04:38+08:00,VideoCall·COMPACT Ver.,50,0
2026-08-10T03:04:49+08:00,VideoCall·COMPACT Ver.,50,0
2026-08-10T03:04:59+08:00,VideoCall·COMPACT Ver.,50,0
2026-08-10T03:05:10+08:00,VideoCall·COMPACT Ver.,50,0
2026-08-10T03:05:21+08:00,VideoCall·COMPACT Ver.,50,0
2026-08-10T03:05:45+08:00,VideoCall·COMPACT Ver.,50,0
2026-08-10T03:05:56+08:00,VideoCall·COMPACT Ver.,50,0
2026-08-10T03:06:07+08:00,VideoCall·COMPACT Ver.,50,0
2026-08-10T03:06:17+08:00,VideoCall·COMPACT Ver.,50,0
2026-08-10T03:06:28+08:00,VideoCall·COMPACT Ver.,50,0
2026-08-10T03:06:39+08:00,VideoCall·COMPACT Ver.,50,0
2026-08-10T03:07:03+08:00,VideoCall·COMPACT Ver.,50,0
2026-08-10T03:07:14+08:00,VideoCall·COMPACT Ver.,58,8
2026-08-10T03:07:26+08:00,VideoCall·COMPACT Ver.,58,0
2026-08-10T03:07:37+08:00,VideoCall·COMPACT Ver.,58,0
2026-08-10T03:07:47+08:00,VideoCall·COMPACT Ver.,58,0
2026-08-10T03:07:58+08:00,VideoCall·COMPACT Ver.,58,0
2026-08-10T03:08:23+08:00,VideoCall·COMPACT Ver.,58,0
2026-08-10T03:08:34+08:00,VideoCall·COMPACT Ver.,58,0
2026-08-10T03:08:45+08:00,VideoCall·COMPACT Ver.,58,0
2026-08-10T03:08:56+08:00,VideoCall·COMPACT Ver.,58,0
2026-08-10T03:09:07+08:00,VideoCall·COMPACT Ver.,58,0
2026-08-10T03:09:18+08:00,VideoCall·COMPACT Ver.,58,0
2026-08-10T03:09:41+08:00,VideoCall·COMPACT Ver.,58,0
2026-08-10T03:09:52+08:00,VideoCall·COMPACT Ver.,58,0
2026-08-10T03:10:03+08:00,VideoCall·COMPACT Ver.,58,0
2026-08-10T03:10:14+08:00,VideoCall·COMPACT Ver.,58,0
2026-08-10T03:10:25+08:00,VideoCall·COMPACT Ver.,58,0
2026-08-10T03:10:36+08:00,VideoCall·COMPACT Ver.,58,0
2026-08-10T03:11:00+08:00,VideoCall·COMPACT Ver.,58,0
2026-08-10T03:11:10+08:00,VideoCall·COMPACT Ver.,58,0
2026-08-10T03:11:21+08:00,VideoCall·COMPACT Ver.,58,0
2026-08-10T03:11:31+08:00,VideoCall·COMPACT Ver.,58,0
2026-08-10T03:11:42+08:00,VideoCall·COMPACT Ver.,58,0
2026-08-10T03:11:53+08:00,VideoCall·COMPACT Ver.,58,0
2026-08-10T03:12:17+08:00,VideoCall·COMPACT Ver.,58,0
2026-08-10T03:12:28+08:00,VideoCall·COMPACT Ver.,58,0
2026-08-10T03:12:38+08:00,VideoCall·COMPACT Ver.,58,0
2026-08-10T03:12:49+08:00,VideoCall·COMPACT Ver.,58,0
2026-08-10T03:13:00+08:00,VideoCall·COMPACT Ver.,58,0
2026-08-10T03:13:10+08:00,VideoCall·COMPACT Ver.,58,0
2026-08-10T03:13:35+08:00,VideoCall·COMPACT Ver.,58,0
2026-08-10T03:13:46+08:00,VideoCall·COMPACT Ver.,58,0
2026-08-10T03:13:57+08:00,VideoCall·COMPACT Ver.,58,0
2026-08-10T03:14:08+08:00,VideoCall·COMPACT Ver.,58,0
2026-08-10T03:14:19+08:00,VideoCall·COMPACT Ver.,58,0
2026-08-10T03:14:29+08:00,VideoCall·COMPACT Ver.,58,0
2026-08-10T03:14:54+08:00,VideoCall·COMPACT Ver.,58,0
2026-08-10T03:15:04+08:00,VideoCall·COMPACT Ver.,58,0
2026-08-10T03:15:16+08:00,VideoCall·COMPACT Ver.,58,0
2026-08-10T03:15:26+08:00,VideoCall·COMPACT Ver.,58,0
2026-08-10T03:15:37+08:00,VideoCall·COMPACT Ver.,58,0
2026-08-10T03:15:48+08:00,VideoCall·COMPACT Ver.,58,0
2026-08-10T03:16:12+08:00,VideoCall·COMPACT Ver.,58,0
2026-08-10T03:16:23+08:00,VideoCall·COMPACT Ver.,58,0
2026-08-10T03:16:34+08:00,VideoCall·COMPACT Ver.,58,0
2026-08-10T03:16:44+08:00,VideoCall·COMPACT Ver.,58,0
2026-08-10T03:16:55+08:00,VideoCall·COMPACT Ver.,58,0
2026-08-10T03:17:06+08:00,VideoCall·COMPACT Ver.,58,0
2026-08-10T03:17:30+08:00,VideoCall·COMPACT Ver.,58,0
2026-08-10T03:17:41+08:00,VideoCall·COMPACT Ver.,58,0
2026-08-10T03:17:52+08:00,VideoCall·COMPACT Ver.,58,0
2026-08-10T03:18:03+08:00,VideoCall·COMPACT Ver.,58,0
2026-08-10T03:18:14+08:00,VideoCall·COMPACT Ver.,58,0
2026-08-10T03:18:25+08:00,VideoCall·COMPACT Ver.,58,0
2026-08-10T03:18:49+08:00,VideoCall·COMPACT Ver.,58,0
2026-08-10T03:19:00+08:00,VideoCall·COMPACT Ver.,58,0
2026-08-10T03:19:11+08:00,VideoCall·COMPACT Ver.,58,0
2026-08-10T03:19:22+08:00,VideoCall·COMPACT Ver.,58,0
2026-08-10T03:19:33+08:00,VideoCall·COMPACT Ver.,58,0
2026-08-10T03:19:43+08:00,VideoCall·COMPACT Ver.,58,0
2026-08-10T03:20:07+08:00,VideoCall·COMPACT Ver.,58,0
2026-08-10T03:20:18+08:00,VideoCall·COMPACT Ver.,58,0
2026-08-10T03:20:29+08:00,VideoCall·COMPACT Ver.,58,0
2026-08-10T03:20:41+08:00,VideoCall·COMPACT Ver.,58,0
2026-08-10T03:20:51+08:00,VideoCall·COMPACT Ver.,58,0
2026-08-10T03:21:02+08:00,VideoCall·COMPACT Ver.,58,0
2026-08-10T03:21:26+08:00,VideoCall·COMPACT Ver.,58,0
2026-08-10T03:21:37+08:00,VideoCall·COMPACT Ver.,58,0
2026-08-10T03:21:48+08:00,VideoCall·COMPACT Ver.,58,0
2026-08-10T03:21:59+08:00,VideoCall·COMPACT Ver.,58,0
2026-08-10T03:22:10+08:00,VideoCall·COMPACT Ver.,58,0
2026-08-10T03:22:20+08:00,VideoCall·COMPACT Ver.,58,0
2026-08-10T03:22:45+08:00,VideoCall·COMPACT Ver.,58,0
2026-08-10T03:22:56+08:00,VideoCall·COMPACT Ver.,58,0
2026-08-10T03:23:07+08:00,VideoCall·COMPACT Ver.,58,0
2026-08-10T03:23:17+08:00,VideoCall·COMPACT Ver.,58,0
2026-08-10T03:23:28+08:00,VideoCall·COMPACT Ver.,58,0
2026-08-10T03:23:39+08:00,VideoCall·COMPACT Ver.,58,0
2026-08-10T03:24:03+08:00,VideoCall·COMPACT Ver.,58,0
2026-08-10T03:24:13+08:00,VideoCall·COMPACT Ver.,58,0
2026-08-10T03:24:25+08:00,VideoCall·COMPACT Ver.,58,0
2026-08-10T03:24:35+08:00,VideoCall·COMPACT Ver.,58,0
2026-08-10T03:24:46+08:00,VideoCall·COMPACT Ver.,58,0
2026-08-10T03:24:57+08:00,VideoCall·COMPACT Ver.,58,0
2026-08-10T03:25:21+08:00,VideoCall·COMPACT Ver.,58,0
2026-08-10T03:25:31+08:00,VideoCall·COMPACT Ver.,58,0
2026-08-10T03:25:42+08:00,VideoCall·COMPACT Ver.,58,0
2026-08-10T03:25:53+08:00,VideoCall·COMPACT Ver.,58,0
2026-08-10T03:26:03+08:00,VideoCall·COMPACT Ver.,58,0
2026-08-10T03:26:14+08:00,VideoCall·COMPACT Ver.,58,0
2026-08-10T03:26:39+08:00,VideoCall·COMPACT Ver.,58,0
2026-08-10T03:26:50+08:00,VideoCall·COMPACT Ver.,58,0
2026-08-10T03:27:00+08:00,VideoCall·COMPACT Ver.,58,0
2026-08-10T03:27:10+08:00,VideoCall·COMPACT Ver.,58,0
2026-08-10T03:27:21+08:00,VideoCall·COMPACT Ver.,58,0
2026-08-10T03:27:32+08:00,VideoCall·COMPACT Ver.,58,0
2026-08-10T03:27:55+08:00,VideoCall·COMPACT Ver.,58,0
2026-08-10T03:28:06+08:00,VideoCall·COMPACT Ver.,58,0
2026-08-10T03:28:17+08:00,VideoCall·COMPACT Ver.,58,0
2026-08-10T03:28:28+08:00,VideoCall·COMPACT Ver.,58,0
2026-08-10T03:28:39+08:00,VideoCall·COMPACT Ver.,58,0
2026-08-10T03:28:50+08:00,VideoCall·COMPACT Ver.,58,0
2026-08-10T03:29:14+08:00,VideoCall·COMPACT Ver.,58,0
2026-08-10T03:29:25+08:00,VideoCall·COMPACT Ver.,58,0
2026-08-10T03:29:35+08:00,VideoCall·COMPACT Ver.,58,0
2026-08-10T03:29:46+08:00,VideoCall·COMPACT Ver.,58,0
2026-08-10T03:29:57+08:00,VideoCall·COMPACT Ver.,58,0
2026-08-10T03:30:08+08:00,VideoCall·COMPACT Ver.,58,0
2026-08-10T03:30:33+08:00,VideoCall·COMPACT Ver.,58,0
2026-08-10T03:30:44+08:00,VideoCall·COMPACT Ver.,58,0
2026-08-10T03:30:55+08:00,VideoCall·COMPACT Ver.,58,0
2026-08-10T03:31:06+08:00,VideoCall·COMPACT Ver.,58,0
2026-08-10T03:31:17+08:00,VideoCall·COMPACT Ver.,58,0
2026-08-10T03:31:28+08:00,VideoCall·COMPACT Ver.,58,0
2026-08-10T03:31:52+08:00,VideoCall·COMPACT Ver.,58,0
2026-08-10T03:32:04+08:00,VideoCall·COMPACT Ver.,58,0
2026-08-10T03:32:15+08:00,VideoCall·COMPACT Ver.,58,0
2026-08-10T03:32:25+08:00,VideoCall·COMPACT Ver.,58,0
2026-08-10T03:32:36+08:00,VideoCall·COMPACT Ver.,58,0
2026-08-10T03:32:47+08:00,VideoCall·COMPACT Ver.,58,0
2026-08-10T03:33:10+08:00,VideoCall·COMPACT Ver.,58,0
2026-08-10T03:33:21+08:00,VideoCall·COMPACT Ver.,58,0
2026-08-10T03:33:32+08:00,VideoCall·COMPACT Ver.,58,0
2026-08-10T03:33:43+08:00,VideoCall·COMPACT Ver.,58,0
2026-08-10T03:33:53+08:00,VideoCall·COMPACT Ver.,58,0
2026-08-10T03:34:04+08:00,VideoCall·COMPACT Ver.,58,0
2026-08-10T03:34:29+08:00,VideoCall·COMPACT Ver.,58,0
2026-08-10T03:34:39+08:00,VideoCall·COMPACT Ver.,58,0
2026-08-10T03:34:50+08:00,VideoCall·COMPACT Ver.,58,0
2026-08-10T03:35:01+08:00,VideoCall·COMPACT Ver.,58,0
2026-08-10T03:35:11+08:00,VideoCall·COMPACT Ver.,58,0
2026-08-10T03:35:22+08:00,VideoCall·COMPACT Ver.,58,0
2026-08-10T03:36:54+08:00,VideoCall·COMPACT Ver.,58,0
2026-08-10T03:37:06+08:00,VideoCall·COMPACT Ver.,58,0
2026-08-10T03:37:17+08:00,VideoCall·COMPACT Ver.,58,0
2026-08-10T03:37:28+08:00,VideoCall·COMPACT Ver.,58,0
2026-08-10T03:37:39+08:00,VideoCall·COMPACT Ver.,58,0
2026-08-10T03:37:50+08:00,VideoCall·COMPACT Ver.,58,0
2026-08-10T03:38:01+08:00,VideoCall·COMPACT Ver.,58,0
2026-08-10T03:38:25+08:00,VideoCall·COMPACT Ver.,58,0
2026-08-10T03:38:37+08:00,VideoCall·COMPACT Ver.,58,0
2026-08-10T03:38:48+08:00,VideoCall·COMPACT Ver.,58,0
2026-08-10T03:38:59+08:00,VideoCall·COMPACT Ver.,58,0
2026-08-10T03:39:10+08:00,VideoCall·COMPACT Ver.,58,0
2026-08-10T03:39:21+08:00,VideoCall·COMPACT Ver.,58,0
2026-08-10T03:39:45+08:00,VideoCall·COMPACT Ver.,58,0
2026-08-10T03:39:56+08:00,VideoCall·COMPACT Ver.,58,0
2026-08-10T03:40:07+08:00,VideoCall·COMPACT Ver.,58,0
2026-08-10T03:40:18+08:00,VideoCall·COMPACT Ver.,58,0
2026-08-10T03:40:29+08:00,VideoCall·COMPACT Ver.,58,0
2026-08-10T03:40:40+08:00,VideoCall·COMPACT Ver.,58,0
2026-08-10T03:41:04+08:00,VideoCall·COMPACT Ver.,58,0
2026-08-10T03:41:15+08:00,VideoCall·COMPACT Ver.,58,0
2026-08-10T03:41:26+08:00,VideoCall·COMPACT Ver.,58,0
2026-08-10T03:41:36+08:00,VideoCall·COMPACT Ver.,58,0
2026-08-10T03:41:47+08:00,VideoCall·COMPACT Ver.,58,0
2026-08-10T03:41:58+08:00,VideoCall·COMPACT Ver.,58,0
2026-08-10T03:42:21+08:00,VideoCall·COMPACT Ver.,58,0
2026-08-10T03:42:32+08:00,VideoCall·COMPACT Ver.,58,0
2026-08-10T03:42:43+08:00,VideoCall·COMPACT Ver.,58,0
2026-08-10T03:42:54+08:00,VideoCall·COMPACT Ver.,58,0
2026-08-10T03:43:05+08:00,VideoCall·COMPACT Ver.,58,0
2026-08-10T03:43:16+08:00,VideoCall·COMPACT Ver.,58,0
2026-08-10T03:43:39+08:00,VideoCall·COMPACT Ver.,58,0
2026-08-10T03:43:50+08:00,VideoCall·COMPACT Ver.,58,0
2026-08-10T03:44:02+08:00,VideoCall·COMPACT Ver.,58,0
2026-08-10T03:44:12+08:00,VideoCall·COMPACT Ver.,58,0
2026-08-10T03:44:23+08:00,VideoCall·COMPACT Ver.,58,0
2026-08-10T03:44:34+08:00,VideoCall·COMPACT Ver.,58,0
2026-08-10T03:44:57+08:00,VideoCall·COMPACT Ver.,58,0
2026-08-10T03:45:08+08:00,VideoCall·COMPACT Ver.,58,0
2026-08-10T03:45:19+08:00,VideoCall·COMPACT Ver.,58,0
2026-08-10T03:45:30+08:00,VideoCall·COMPACT Ver.,58,0
2026-08-10T03:45:41+08:00,VideoCall·COMPACT Ver.,58,0
2026-08-10T03:45:52+08:00,VideoCall·COMPACT Ver.,58,0
2026-08-10T03:46:17+08:00,VideoCall·COMPACT Ver.,58,0
2026-08-10T03:46:28+08:00,VideoCall·COMPACT Ver.,58,0
2026-08-10T03:46:39+08:00,VideoCall·COMPACT Ver.,58,0
2026-08-10T03:46:50+08:00,VideoCall·COMPACT Ver.,58,0
2026-08-10T03:47:01+08:00,VideoCall·COMPACT Ver.,58,0
2026-08-10T03:47:12+08:00,VideoCall·COMPACT Ver.,58,0
2026-08-10T03:47:36+08:00,VideoCall·COMPACT Ver.,58,0
2026-08-10T03:47:46+08:00,VideoCall·COMPACT Ver.,58,0
2026-08-10T03:47:57+08:00,VideoCall·COMPACT Ver.,58,0
2026-08-10T03:48:08+08:00,VideoCall·COMPACT Ver.,58,0
2026-08-10T03:48:18+08:00,VideoCall·COMPACT Ver.,58,0
2026-08-10T03:48:29+08:00,VideoCall·COMPACT Ver.,58,0
2026-08-10T03:48:52+08:00,VideoCall·COMPACT Ver.,58,0
2026-08-10T03:49:03+08:00,VideoCall·COMPACT Ver.,58,0
2026-08-10T03:49:14+08:00,VideoCall·COMPACT Ver.,58,0
2026-08-10T03:49:25+08:00,VideoCall·COMPACT Ver.,58,0
2026-08-10T03:49:36+08:00,VideoCall·COMPACT Ver.,58,0
2026-08-10T03:49:47+08:00,VideoCall·COMPACT Ver.,58,0
2026-08-10T03:50:11+08:00,VideoCall·COMPACT Ver.,58,0
2026-08-10T03:50:23+08:00,VideoCall·COMPACT Ver.,58,0
2026-08-10T03:50:34+08:00,VideoCall·COMPACT Ver.,58,0
2026-08-10T03:50:45+08:00,VideoCall·COMPACT Ver.,58,0
2026-08-10T03:50:56+08:00,VideoCall·COMPACT Ver.,58,0
2026-08-10T03:51:07+08:00,VideoCall·COMPACT Ver.,58,0
2026-08-10T03:51:32+08:00,VideoCall·COMPACT Ver.,58,0
2026-08-10T03:51:42+08:00,VideoCall·COMPACT Ver.,58,0
2026-08-10T03:51:53+08:00,VideoCall·COMPACT Ver.,58,0
2026-08-10T03:52:04+08:00,VideoCall·COMPACT Ver.,58,0
2026-08-10T03:52:15+08:00,VideoCall·COMPACT Ver.,58,0
2026-08-10T03:52:26+08:00,VideoCall·COMPACT Ver.,58,0
2026-08-10T03:52:50+08:00,VideoCall·COMPACT Ver.,58,0
2026-08-10T03:53:01+08:00,VideoCall·COMPACT Ver.,58,0
2026-08-10T03:53:12+08:00,VideoCall·COMPACT Ver.,58,0
2026-08-10T03:53:23+08:00,VideoCall·COMPACT Ver.,58,0
2026-08-10T03:53:33+08:00,VideoCall·COMPACT Ver.,58,0
2026-08-10T03:53:44+08:00,VideoCall·COMPACT Ver.,58,0
2026-08-10T03:54:06+08:00,VideoCall·COMPACT Ver.,58,0
2026-08-10T03:54:17+08:00,VideoCall·COMPACT Ver.,58,0
2026-08-10T03:54:28+08:00,VideoCall·COMPACT Ver.,58,0
2026-08-10T03:54:39+08:00,VideoCall·COMPACT Ver.,58,0
2026-08-10T03:54:51+08:00,VideoCall·COMPACT Ver.,58,0
2026-08-10T03:55:02+08:00,VideoCall·COMPACT Ver.,58,0
2026-08-10T03:55:26+08:00,VideoCall·COMPACT Ver.,58,0
2026-08-10T03:55:37+08:00,VideoCall·COMPACT Ver.,58,0
2026-08-10T03:55:48+08:00,VideoCall·COMPACT Ver.,58,0
2026-08-10T03:55:59+08:00,VideoCall·COMPACT Ver.,58,0
2026-08-10T03:56:10+08:00,VideoCall·COMPACT Ver.,58,0
2026-08-10T03:56:21+08:00,VideoCall·COMPACT Ver.,58,0
2026-08-10T03:56:46+08:00,VideoCall·COMPACT Ver.,58,0
2026-08-10T03:56:57+08:00,VideoCall·COMPACT Ver.,58,0
2026-08-10T03:57:08+08:00,VideoCall·COMPACT Ver.,58,0
2026-08-10T03:57:19+08:00,VideoCall·COMPACT Ver.,58,0
2026-08-10T03:57:30+08:00,VideoCall·COMPACT Ver.,58,0
2026-08-10T03:57:41+08:00,VideoCall·COMPACT Ver.,58,0
2026-08-10T03:58:06+08:00,VideoCall·COMPACT Ver.,58,0
2026-08-10T03:58:17+08:00,VideoCall·COMPACT Ver.,58,0
2026-08-10T03:58:27+08:00,VideoCall·COMPACT Ver.,58,0
2026-08-10T03:58:38+08:00,VideoCall·COMPACT Ver.,58,0
2026-08-10T03:58:49+08:00,VideoCall·COMPACT Ver.,58,0
2026-08-10T03:59:00+08:00,VideoCall·COMPACT Ver.,58,0
2026-08-10T03:59:24+08:00,VideoCall·COMPACT Ver.,58,0
2026-08-10T03:59:34+08:00,VideoCall·COMPACT Ver.,58,0
2026-08-10T03:59:45+08:00,VideoCall·COMPACT Ver.,58,0
2026-08-10T03:59:57+08:00,VideoCall·COMPACT Ver.,58,0
2026-08-10T04:00:08+08:00,VideoCall·COMPACT Ver.,58,0
2026-08-10T04:00:19+08:00,VideoCall·COMPACT Ver.,58,0
2026-08-10T04:00:43+08:00,VideoCall·COMPACT Ver.,58,0
2026-08-10T04:00:54+08:00,VideoCall·COMPACT Ver.,58,0
2026-08-10T04:01:05+08:00,VideoCall·COMPACT Ver.,58,0
2026-08-10T04:01:16+08:00,VideoCall·COMPACT Ver.,58,0
2026-08-10T04:01:26+08:00,VideoCall·COMPACT Ver.,58,0
2026-08-10T04:01:37+08:00,VideoCall·COMPACT Ver.,58,0
2026-08-10T04:02:01+08:00,VideoCall·COMPACT Ver.,58,0
2026-08-10T04:02:12+08:00,VideoCall·COMPACT Ver.,58,0
2026-08-10T04:02:23+08:00,VideoCall·COMPACT Ver.,58,0
2026-08-10T04:02:34+08:00,VideoCall·COMPACT Ver.,58,0
2026-08-10T04:02:45+08:00,VideoCall·COMPACT Ver.,58,0
2026-08-10T04:02:56+08:00,VideoCall·COMPACT Ver.,58,0
2026-08-10T04:03:21+08:00,VideoCall·COMPACT Ver.,58,0
2026-08-10T04:03:32+08:00,VideoCall·COMPACT Ver.,58,0
2026-08-10T04:03:43+08:00,VideoCall·COMPACT Ver.,58,0
2026-08-10T04:03:53+08:00,VideoCall·COMPACT Ver.,58,0
2026-08-10T04:04:04+08:00,VideoCall·COMPACT Ver.,58,0
2026-08-10T04:04:15+08:00,VideoCall·COMPACT Ver.,58,0
2026-08-10T04:05:05+08:00,VideoCall·COMPACT Ver.,58,0
2026-08-10T04:05:16+08:00,VideoCall·COMPACT Ver.,58,0
2026-08-10T04:05:27+08:00,VideoCall·COMPACT Ver.,58,0
2026-08-10T04:05:38+08:00,VideoCall·COMPACT Ver.,58,0
2026-08-10T04:05:48+08:00,VideoCall·COMPACT Ver.,58,0
2026-08-10T04:05:59+08:00,VideoCall·COMPACT Ver.,58,0
2026-08-10T04:06:09+08:00,VideoCall·COMPACT Ver.,58,0
2026-08-10T04:06:32+08:00,VideoCall·COMPACT Ver.,64,6
2026-08-10T04:06:42+08:00,VideoCall·COMPACT Ver.,64,0
2026-08-10T04:06:53+08:00,VideoCall·COMPACT Ver.,64,0
2026-08-10T04:07:04+08:00,VideoCall·COMPACT Ver.,64,0
2026-08-10T04:07:15+08:00,VideoCall·COMPACT Ver.,64,0
2026-08-10T04:07:25+08:00,VideoCall·COMPACT Ver.,64,0
2026-08-10T04:07:47+08:00,VideoCall·COMPACT Ver.,64,0
2026-08-10T04:07:58+08:00,VideoCall·COMPACT Ver.,64,0
2026-08-10T04:08:08+08:00,VideoCall·COMPACT Ver.,64,0
2026-08-10T04:08:19+08:00,VideoCall·COMPACT Ver.,64,0
2026-08-10T04:08:30+08:00,VideoCall·COMPACT Ver.,64,0
2026-08-10T04:08:40+08:00,VideoCall·COMPACT Ver.,64,0
2026-08-10T04:09:01+08:00,VideoCall·COMPACT Ver.,64,0
2026-08-10T04:09:12+08:00,VideoCall·COMPACT Ver.,64,0
2026-08-10T04:09:23+08:00,VideoCall·COMPACT Ver.,64,0
2026-08-10T04:09:33+08:00,VideoCall·COMPACT Ver.,64,0
2026-08-10T04:09:44+08:00,VideoCall·COMPACT Ver.,64,0
2026-08-10T04:09:55+08:00,VideoCall·COMPACT Ver.,64,0
2026-08-10T04:10:16+08:00,VideoCall·COMPACT Ver.,64,0
2026-08-10T04:10:27+08:00,VideoCall·COMPACT Ver.,64,0
2026-08-10T04:10:38+08:00,VideoCall·COMPACT Ver.,64,0
2026-08-10T04:10:49+08:00,VideoCall·COMPACT Ver.,64,0
2026-08-10T04:10:59+08:00,VideoCall·COMPACT Ver.,64,0
2026-08-10T04:11:10+08:00,VideoCall·COMPACT Ver.,64,0
2026-08-10T04:11:31+08:00,VideoCall·COMPACT Ver.,64,0
2026-08-10T04:11:42+08:00,VideoCall·COMPACT Ver.,64,0
2026-08-10T04:11:53+08:00,VideoCall·COMPACT Ver.,64,0
2026-08-10T04:12:03+08:00,VideoCall·COMPACT Ver.,64,0
2026-08-10T04:12:14+08:00,VideoCall·COMPACT Ver.,64,0
2026-08-10T04:12:25+08:00,VideoCall·COMPACT Ver.,64,0
2026-08-10T04:12:46+08:00,VideoCall·COMPACT Ver.,64,0
2026-08-10T04:12:57+08:00,VideoCall·COMPACT Ver.,64,0
2026-08-10T04:13:08+08:00,VideoCall·COMPACT Ver.,64,0
2026-08-10T04:13:18+08:00,VideoCall·COMPACT Ver.,64,0
2026-08-10T04:13:29+08:00,VideoCall·COMPACT Ver.,64,0
2026-08-10T04:13:40+08:00,VideoCall·COMPACT Ver.,64,0
2026-08-10T04:14:01+08:00,VideoCall·COMPACT Ver.,64,0
2026-08-10T04:14:12+08:00,VideoCall·COMPACT Ver.,64,0
2026-08-10T04:14:23+08:00,VideoCall·COMPACT Ver.,64,0
2026-08-10T04:14:33+08:00,VideoCall·COMPACT Ver.,64,0
2026-08-10T04:14:44+08:00,VideoCall·COMPACT Ver.,64,0
2026-08-10T04:14:54+08:00,VideoCall·COMPACT Ver.,64,0
2026-08-10T04:15:15+08:00,VideoCall·COMPACT Ver.,64,0
2026-08-10T04:15:26+08:00,VideoCall·COMPACT Ver.,64,0
2026-08-10T04:15:37+08:00,VideoCall·COMPACT Ver.,64,0
2026-08-10T04:15:48+08:00,VideoCall·COMPACT Ver.,64,0
2026-08-10T04:15:58+08:00,VideoCall·COMPACT Ver.,64,0
2026-08-10T04:16:09+08:00,VideoCall·COMPACT Ver.,64,0
2026-08-10T04:16:31+08:00,VideoCall·COMPACT Ver.,64,0
2026-08-10T04:16:42+08:00,VideoCall·COMPACT Ver.,64,0
2026-08-10T04:16:53+08:00,VideoCall·COMPACT Ver.,64,0
2026-08-10T04:17:03+08:00,VideoCall·COMPACT Ver.,64,0
2026-08-10T04:17:14+08:00,VideoCall·COMPACT Ver.,64,0
2026-08-10T04:17:24+08:00,VideoCall·COMPACT Ver.,64,0
2026-08-10T04:17:47+08:00,VideoCall·COMPACT Ver.,64,0
2026-08-10T04:17:57+08:00,VideoCall·COMPACT Ver.,64,0
2026-08-10T04:18:08+08:00,VideoCall·COMPACT Ver.,64,0
2026-08-10T04:18:19+08:00,VideoCall·COMPACT Ver.,64,0
2026-08-10T04:18:30+08:00,VideoCall·COMPACT Ver.,64,0
2026-08-10T04:18:40+08:00,VideoCall·COMPACT Ver.,64,0
2026-08-10T04:19:03+08:00,VideoCall·COMPACT Ver.,64,0
2026-08-10T04:19:13+08:00,VideoCall·COMPACT Ver.,64,0
2026-08-10T04:19:24+08:00,VideoCall·COMPACT Ver.,64,0
2026-08-10T04:19:35+08:00,VideoCall·COMPACT Ver.,64,0
2026-08-10T04:19:46+08:00,VideoCall·COMPACT Ver.,64,0
2026-08-10T04:19:56+08:00,VideoCall·COMPACT Ver.,64,0
2026-08-10T04:20:18+08:00,VideoCall·COMPACT Ver.,64,0
2026-08-10T04:20:28+08:00,VideoCall·COMPACT Ver.,64,0
2026-08-10T04:20:39+08:00,VideoCall·COMPACT Ver.,64,0
2026-08-10T04:20:50+08:00,VideoCall·COMPACT Ver.,64,0
2026-08-10T04:21:01+08:00,VideoCall·COMPACT Ver.,64,0
2026-08-10T04:21:12+08:00,VideoCall·COMPACT Ver.,64,0
2026-08-10T04:21:33+08:00,VideoCall·COMPACT Ver.,64,0
2026-08-10T04:21:44+08:00,VideoCall·COMPACT Ver.,64,0
2026-08-10T04:21:55+08:00,VideoCall·COMPACT Ver.,64,0
2026-08-10T04:22:06+08:00,VideoCall·COMPACT Ver.,64,0
2026-08-10T04:22:16+08:00,VideoCall·COMPACT Ver.,64,0
2026-08-10T04:22:27+08:00,VideoCall·COMPACT Ver.,64,0
2026-08-10T04:22:49+08:00,VideoCall·COMPACT Ver.,64,0
2026-08-10T04:22:59+08:00,VideoCall·COMPACT Ver.,64,0
2026-08-10T04:23:10+08:00,VideoCall·COMPACT Ver.,64,0
2026-08-10T04:23:20+08:00,VideoCall·COMPACT Ver.,64,0
2026-08-10T04:23:31+08:00,VideoCall·COMPACT Ver.,64,0
2026-08-10T04:23:42+08:00,VideoCall·COMPACT Ver.,64,0
2026-08-10T04:24:04+08:00,VideoCall·COMPACT Ver.,64,0
2026-08-10T04:24:14+08:00,VideoCall·COMPACT Ver.,64,0
2026-08-10T04:24:25+08:00,VideoCall·COMPACT Ver.,64,0
2026-08-10T04:24:36+08:00,VideoCall·COMPACT Ver.,64,0
2026-08-10T04:24:47+08:00,VideoCall·COMPACT Ver.,64,0
2026-08-10T04:24:57+08:00,VideoCall·COMPACT Ver.,64,0
2026-08-10T04:25:18+08:00,VideoCall·COMPACT Ver.,64,0
2026-08-10T04:25:29+08:00,VideoCall·COMPACT Ver.,64,0
2026-08-10T04:25:40+08:00,VideoCall·COMPACT Ver.,64,0
2026-08-10T04:25:51+08:00,VideoCall·COMPACT Ver.,64,0
2026-08-10T04:26:02+08:00,VideoCall·COMPACT Ver.,64,0
2026-08-10T04:26:13+08:00,VideoCall·COMPACT Ver.,64,0
2026-08-10T04:26:34+08:00,VideoCall·COMPACT Ver.,64,0
2026-08-10T04:26:45+08:00,VideoCall·COMPACT Ver.,64,0
2026-08-10T04:26:56+08:00,VideoCall·COMPACT Ver.,64,0
2026-08-10T04:27:07+08:00,VideoCall·COMPACT Ver.,64,0
2026-08-10T04:27:17+08:00,VideoCall·COMPACT Ver.,64,0
2026-08-10T04:27:28+08:00,VideoCall·COMPACT Ver.,64,0
2026-08-10T04:27:49+08:00,VideoCall·COMPACT Ver.,64,0
2026-08-10T04:28:00+08:00,VideoCall·COMPACT Ver.,64,0
2026-08-10T04:28:11+08:00,VideoCall·COMPACT Ver.,64,0
2026-08-10T04:28:22+08:00,VideoCall·COMPACT Ver.,64,0
2026-08-10T04:28:32+08:00,VideoCall·COMPACT Ver.,64,0
2026-08-10T04:28:43+08:00,VideoCall·COMPACT Ver.,64,0
2026-08-10T04:29:04+08:00,VideoCall·COMPACT Ver.,64,0
2026-08-10T04:29:15+08:00,VideoCall·COMPACT Ver.,64,0
2026-08-10T04:29:26+08:00,VideoCall·COMPACT Ver.,64,0
2026-08-10T04:29:37+08:00,VideoCall·COMPACT Ver.,64,0
2026-08-10T04:29:47+08:00,VideoCall·COMPACT Ver.,64,0
2026-08-10T04:29:57+08:00,VideoCall·COMPACT Ver.,64,0
2026-08-10T04:30:19+08:00,VideoCall·COMPACT Ver.,64,0
2026-08-10T04:30:30+08:00,VideoCall·COMPACT Ver.,64,0
2026-08-10T04:30:41+08:00,VideoCall·COMPACT Ver.,64,0
2026-08-10T04:30:52+08:00,VideoCall·COMPACT Ver.,64,0
2026-08-10T04:31:03+08:00,VideoCall·COMPACT Ver.,64,0
2026-08-10T04:31:14+08:00,VideoCall·COMPACT Ver.,64,0
2026-08-10T04:31:35+08:00,VideoCall·COMPACT Ver.,64,0
2026-08-10T04:31:45+08:00,VideoCall·COMPACT Ver.,64,0
2026-08-10T04:31:56+08:00,VideoCall·COMPACT Ver.,64,0
2026-08-10T04:32:07+08:00,VideoCall·COMPACT Ver.,64,0
2026-08-10T04:32:17+08:00,VideoCall·COMPACT Ver.,64,0
2026-08-10T04:32:28+08:00,VideoCall·COMPACT Ver.,64,0
2026-08-10T04:32:49+08:00,VideoCall·COMPACT Ver.,64,0
2026-08-10T04:33:00+08:00,VideoCall·COMPACT Ver.,64,0
2026-08-10T04:33:11+08:00,VideoCall·COMPACT Ver.,64,0
2026-08-10T04:33:21+08:00,VideoCall·COMPACT Ver.,64,0
2026-08-10T04:33:32+08:00,VideoCall·COMPACT Ver.,64,0
2026-08-10T04:33:43+08:00,VideoCall·COMPACT Ver.,64,0
2026-08-10T04:34:04+08:00,VideoCall·COMPACT Ver.,64,0
2026-08-10T04:34:14+08:00,VideoCall·COMPACT Ver.,64,0
2026-08-10T04:34:25+08:00,VideoCall·COMPACT Ver.,64,0
2026-08-10T04:34:36+08:00,VideoCall·COMPACT Ver.,64,0
2026-08-10T04:34:47+08:00,VideoCall·COMPACT Ver.,64,0
2026-08-10T04:34:57+08:00,VideoCall·COMPACT Ver.,64,0
2026-08-10T04:35:19+08:00,VideoCall·COMPACT Ver.,64,0
2026-08-10T04:35:29+08:00,VideoCall·COMPACT Ver.,64,0
2026-08-10T04:35:40+08:00,VideoCall·COMPACT Ver.,64,0
2026-08-10T04:35:51+08:00,VideoCall·COMPACT Ver.,64,0
2026-08-10T04:36:01+08:00,VideoCall·COMPACT Ver.,64,0
2026-08-10T04:36:12+08:00,VideoCall·COMPACT Ver.,64,0
2026-08-10T04:36:33+08:00,VideoCall·COMPACT Ver.,64,0
2026-08-10T04:36:43+08:00,VideoCall·COMPACT Ver.,64,0
2026-08-10T04:36:54+08:00,VideoCall·COMPACT Ver.,64,0
2026-08-10T04:37:04+08:00,VideoCall·COMPACT Ver.,64,0
2026-08-10T04:37:15+08:00,VideoCall·COMPACT Ver.,64,0
2026-08-10T04:37:26+08:00,VideoCall·COMPACT Ver.,64,0
2026-08-10T04:37:48+08:00,VideoCall·COMPACT Ver.,64,0
2026-08-10T04:37:59+08:00,VideoCall·COMPACT Ver.,64,0
2026-08-10T04:38:09+08:00,VideoCall·COMPACT Ver.,64,0
2026-08-10T04:38:20+08:00,VideoCall·COMPACT Ver.,64,0
2026-08-10T04:38:31+08:00,VideoCall·COMPACT Ver.,64,0
2026-08-10T04:38:41+08:00,VideoCall·COMPACT Ver.,64,0
2026-08-10T04:39:02+08:00,VideoCall·COMPACT Ver.,64,0
2026-08-10T04:39:13+08:00,VideoCall·COMPACT Ver.,64,0
2026-08-10T04:39:24+08:00,VideoCall·COMPACT Ver.,64,0
2026-08-10T04:39:34+08:00,VideoCall·COMPACT Ver.,64,0
2026-08-10T04:39:45+08:00,VideoCall·COMPACT Ver.,64,0
2026-08-10T04:39:56+08:00,VideoCall·COMPACT Ver.,64,0
2026-08-10T04:40:17+08:00,VideoCall·COMPACT Ver.,64,0
2026-08-10T04:40:28+08:00,VideoCall·COMPACT Ver.,64,0
2026-08-10T04:40:39+08:00,VideoCall·COMPACT Ver.,64,0
2026-08-10T04:40:50+08:00,VideoCall·COMPACT Ver.,64,0
2026-08-10T04:41:00+08:00,VideoCall·COMPACT Ver.,64,0
2026-08-10T04:41:11+08:00,VideoCall·COMPACT Ver.,64,0
2026-08-10T04:41:32+08:00,VideoCall·COMPACT Ver.,64,0
2026-08-10T04:41:42+08:00,VideoCall·COMPACT Ver.,64,0
2026-08-10T04:41:53+08:00,VideoCall·COMPACT Ver.,64,0
2026-08-10T04:42:04+08:00,VideoCall·COMPACT Ver.,64,0
2026-08-10T04:42:14+08:00,VideoCall·COMPACT Ver.,64,0
2026-08-10T04:42:24+08:00,VideoCall·COMPACT Ver.,64,0
