time,member,sales,delta
2026-09-12T23:00:58+08:00,OffLine,0,
2026-09-12T23:00:58+08:00,VideoCall·집 Ver.,0,
2026-09-12T23:01:09+08:00,OffLine,0,0
2026-09-12T23:01:09+08:00,VideoCall·집 Ver.,0,0
2026-09-12T23:01:20+08:00,OffLine,0,0
2026-09-12T23:01:20+08:00,VideoCall·집 Ver.,0,0
2026-09-12T23:01:31+08:00,OffLine,0,0
2026-09-12T23:01:31+08:00,VideoCall·집 Ver.,0,0
2026-09-12T23:01:42+08:00,OffLine,0,0
2026-09-12T23:01:42+08:00,VideoCall·집 Ver.,0,0
2026-09-12T23:02:09+08:00,OffLine,0,0
2026-09-12T23:02:09+08:00,VideoCall·집 Ver.,0,0
2026-09-12T23:02:20+08:00,OffLine,0,0
2026-09-12T23:02:20+08:00,VideoCall·집 Ver.,0,0
2026-09-12T23:02:30+08:00,OffLine,0,0
2026-09-12T23:02:30+08:00,VideoCall·집 Ver.,0,0
2026-09-12T23:02:41+08:00,OffLine,0,0
2026-09-12T23:02:41+08:00,VideoCall·집 Ver.,0,0
2026-09-12T23:02:51+08:00,OffLine,0,0
2026-09-12T23:02:51+08:00,VideoCall·집 Ver.,0,0
2026-09-12T23:03:18+08:00,OffLine,0,0
2026-09-12T23:03:18+08:00,VideoCall·집 Ver.,0,0
2026-09-12T23:03:29+08:00,OffLine,0,0
2026-09-12T23:03:29+08:00,VideoCall·집 Ver.,0,0
2026-09-12T23:03:40+08:00,OffLine,0,0
2026-09-12T23:03:40+08:00,VideoCall·집 Ver.,0,0
2026-09-12T23:03:51+08:00,OffLine,0,0
2026-09-12T23:03:51+08:00,VideoCall·집 Ver.,0,0
2026-09-12T23:04:02+08:00,OffLine,0,0
2026-09-12T23:04:02+08:00,VideoCall·집 Ver.,0,0
2026-09-12T23:04:28+08:00,OffLine,0,0
2026-09-12T23:04:28+08:00,VideoCall·집 Ver.,0,0
2026-09-12T23:04:39+08:00,OffLine,0,0
2026-09-12T23:04:39+08:00,VideoCall·집 Ver.,0,0
2026-09-12T23:04:50+08:00,OffLine,0,0
2026-09-12T23:04:50+08:00,VideoCall·집 Ver.,0,0
2026-09-12T23:05:01+08:00,OffLine,0,0
2026-09-12T23:05:01+08:00,VideoCall·집 Ver.,0,0
2026-09-12T23:05:12+08:00,OffLine,0,0
2026-09-12T23:05:12+08:00,VideoCall·집 Ver.,0,0
2026-09-12T23:05:38+08:00,OffLine,0,0
2026-09-12T23:05:38+08:00,VideoCall·집 Ver.,0,0
2026-09-12T23:05:49+08:00,OffLine,0,0
2026-09-12T23:05:49+08:00,VideoCall·집 Ver.,0,0
2026-09-12T23:06:00+08:00,OffLine,0,0
2026-09-12T23:06:00+08:00,VideoCall·집 Ver.,0,0
2026-09-12T23:06:10+08:00,OffLine,0,0
2026-09-12T23:06:10+08:00,VideoCall·집 Ver.,0,0
2026-09-12T23:06:21+08:00,OffLine,0,0
2026-09-12T23:06:21+08:00,VideoCall·집 Ver.,0,0
2026-09-12T23:06:48+08:00,OffLine,0,0
2026-09-12T23:06:48+08:00,VideoCall·집 Ver.,0,0
2026-09-12T23:06:59+08:00,OffLine,0,0
2026-09-12T23:06:59+08:00,VideoCall·집 Ver.,0,0
2026-09-12T23:07:09+08:00,OffLine,0,0
2026-09-12T23:07:09+08:00,VideoCall·집 Ver.,0,0
2026-09-12T23:07:20+08:00,OffLine,0,0
2026-09-12T23:07:20+08:00,VideoCall·집 Ver.,0,0
2026-09-12T23:07:31+08:00,OffLine,0,0
2026-09-12T23:07:31+08:00,VideoCall·집 Ver.,0,0
2026-09-12T23:07:58+08:00,OffLine,0,0
2026-09-12T23:07:58+08:00,VideoCall·집 Ver.,0,0
2026-09-12T23:08:09+08:00,OffLine,0,0
2026-09-12T23:08:09+08:00,VideoCall·집 Ver.,0,0
2026-09-12T23:08:20+08:00,OffLine,0,0
2026-09-12T23:08:20+08:00,VideoCall·집 Ver.,0,0
2026-09-12T23:08:31+08:00,OffLine,0,0
2026-09-12T23:08:31+08:00,VideoCall·집 Ver.,0,0
2026-09-12T23:08:42+08:00,OffLine,0,0
2026-09-12T23:08:42+08:00,VideoCall·집 Ver.,0,0
2026-09-12T23:09:09+08:00,OffLine,0,0
2026-09-12T23:09:09+08:00,VideoCall·집 Ver.,0,0
2026-09-12T23:09:19+08:00,OffLine,0,0
2026-09-12T23:09:19+08:00,VideoCall·집 Ver.,0,0
2026-09-12T23:09:30+08:00,OffLine,0,0
2026-09-12T23:09:30+08:00,VideoCall·집 Ver.,0,0
2026-09-12T23:09:41+08:00,OffLine,0,0
2026-09-12T23:09:41+08:00,VideoCall·집 Ver.,0,0
2026-09-12T23:09:51+08:00,OffLine,0,0
2026-09-12T23:09:51+08:00,VideoCall·집 Ver.,0,0
2026-09-12T23:10:18+08:00,OffLine,0,0
2026-09-12T23:10:18+08:00,VideoCall·집 Ver.,0,0
2026-09-12T23:10:29+08:00,OffLine,0,0
2026-09-12T23:10:29+08:00,VideoCall·집 Ver.,0,0
2026-09-12T23:10:39+08:00,OffLine,0,0
2026-09-12T23:10:39+08:00,VideoCall·집 Ver.,0,0
2026-09-12T23:10:50+08:00,OffLine,0,0
2026-09-12T23:10:50+08:00,VideoCall·집 Ver.,0,0
2026-09-12T23:11:01+08:00,OffLine,0,0
2026-09-12T23:11:01+08:00,VideoCall·집 Ver.,0,0
2026-09-12T23:11:27+08:00,OffLine,0,0
2026-09-12T23:11:27+08:00,VideoCall·집 Ver.,0,0
2026-09-12T23:11:38+08:00,OffLine,0,0
2026-09-12T23:11:38+08:00,VideoCall·집 Ver.,0,0
2026-09-12T23:11:49+08:00,OffLine,0,0
2026-09-12T23:11:49+08:00,VideoCall·집 Ver.,0,0
2026-09-12T23:11:59+08:00,OffLine,0,0
2026-09-12T23:11:59+08:00,VideoCall·집 Ver.,0,0
2026-09-12T23:12:10+08:00,OffLine,0,0
2026-09-12T23:12:10+08:00,VideoCall·집 Ver.,0,0
2026-09-12T23:12:36+08:00,OffLine,0,0
2026-09-12T23:12:36+08:00,VideoCall·집 Ver.,0,0
2026-09-12T23:12:47+08:00,OffLine,0,0
2026-09-12T23:12:47+08:00,VideoCall·집 Ver.,0,0
2026-09-12T23:12:57+08:00,OffLine,0,0
2026-09-12T23:12:57+08:00,VideoCall·집 Ver.,0,0
2026-09-12T23:13:08+08:00,OffLine,0,0
2026-09-12T23:13:08+08:00,VideoCall·집 Ver.,0,0
2026-09-12T23:13:18+08:00,OffLine,0,0
2026-09-12T23:13:18+08:00,VideoCall·집 Ver.,0,0
2026-09-12T23:13:29+08:00,OffLine,0,0
2026-09-12T23:13:29+08:00,VideoCall·집 Ver.,0,0
2026-09-12T23:13:56+08:00,OffLine,0,0
2026-09-12T23:13:56+08:00,VideoCall·집 Ver.,0,0
2026-09-12T23:14:07+08:00,OffLine,0,0
2026-09-12T23:14:07+08:00,VideoCall·집 Ver.,0,0
2026-09-12T23:14:17+08:00,OffLine,0,0
2026-09-12T23:14:17+08:00,VideoCall·집 Ver.,0,0
2026-09-12T23:14:28+08:00,OffLine,0,0
2026-09-12T23:14:28+08:00,VideoCall·집 Ver.,0,0
2026-09-12T23:14:39+08:00,OffLine,0,0
2026-09-12T23:14:39+08:00,VideoCall·집 Ver.,0,0
2026-09-12T23:15:06+08:00,OffLine,0,0
2026-09-12T23:15:06+08:00,VideoCall·집 Ver.,0,0
2026-09-12T23:15:17+08:00,OffLine,0,0
2026-09-12T23:15:17+08:00,VideoCall·집 Ver.,0,0
2026-09-12T23:15:28+08:00,OffLine,0,0
2026-09-12T23:15:28+08:00,VideoCall·집 Ver.,0,0
2026-09-12T23:15:39+08:00,OffLine,0,0
2026-09-12T23:15:39+08:00,VideoCall·집 Ver.,0,0
2026-09-12T23:15:49+08:00,OffLine,0,0
2026-09-12T23:15:49+08:00,VideoCall·집 Ver.,0,0
2026-09-12T23:16:17+08:00,OffLine,0,0
2026-09-12T23:16:17+08:00,VideoCall·집 Ver.,0,0
2026-09-12T23:16:27+08:00,OffLine,0,0
2026-09-12T23:16:27+08:00,VideoCall·집 Ver.,0,0
2026-09-12T23:16:38+08:00,OffLine,0,0
2026-09-12T23:16:38+08:00,VideoCall·집 Ver.,0,0
2026-09-12T23:16:49+08:00,OffLine,0,0
2026-09-12T23:16:49+08:00,VideoCall·집 Ver.,0,0
2026-09-12T23:17:00+08:00,OffLine,0,0
2026-09-12T23:17:00+08:00,VideoCall·집 Ver.,0,0
2026-09-12T23:17:27+08:00,OffLine,0,0
2026-09-12T23:17:27+08:00,VideoCall·집 Ver.,0,0
2026-09-12T23:17:37+08:00,OffLine,0,0
2026-09-12T23:17:37+08:00,VideoCall·집 Ver.,0,0
2026-09-12T23:17:48+08:00,OffLine,0,0
2026-09-12T23:17:48+08:00,VideoCall·집 Ver.,0,0
2026-09-12T23:17:59+08:00,OffLine,0,0
2026-09-12T23:17:59+08:00,VideoCall·집 Ver.,0,0
2026-09-12T23:18:10+08:00,OffLine,0,0
2026-09-12T23:18:10+08:00,VideoCall·집 Ver.,0,0
2026-09-12T23:18:37+08:00,OffLine,0,0
2026-09-12T23:18:37+08:00,VideoCall·집 Ver.,0,0
2026-09-12T23:18:48+08:00,OffLine,0,0
2026-09-12T23:18:48+08:00,VideoCall·집 Ver.,0,0
2026-09-12T23:18:59+08:00,OffLine,0,0
2026-09-12T23:18:59+08:00,VideoCall·집 Ver.,0,0
2026-09-12T23:19:09+08:00,OffLine,0,0
2026-09-12T23:19:09+08:00,VideoCall·집 Ver.,0,0
2026-09-12T23:19:20+08:00,OffLine,0,0
2026-09-12T23:19:20+08:00,VideoCall·집 Ver.,0,0
2026-09-12T23:19:47+08:00,OffLine,0,0
2026-09-12T23:19:47+08:00,VideoCall·집 Ver.,0,0
2026-09-12T23:19:58+08:00,OffLine,0,0
2026-09-12T23:19:58+08:00,VideoCall·집 Ver.,0,0
2026-09-12T23:20:09+08:00,OffLine,0,0
2026-09-12T23:20:09+08:00,VideoCall·집 Ver.,0,0
2026-09-12T23:20:20+08:00,OffLine,0,0
2026-09-12T23:20:20+08:00,VideoCall·집 Ver.,0,0
2026-09-12T23:20:31+08:00,OffLine,0,0
2026-09-12T23:20:31+08:00,VideoCall·집 Ver.,0,0
2026-09-12T23:20:57+08:00,OffLine,0,0
2026-09-12T23:20:57+08:00,VideoCall·집 Ver.,0,0
2026-09-12T23:21:07+08:00,OffLine,0,0
2026-09-12T23:21:07+08:00,VideoCall·집 Ver.,0,0
2026-09-12T23:21:18+08:00,OffLine,0,0
2026-09-12T23:21:18+08:00,VideoCall·집 Ver.,0,0
2026-09-12T23:21:29+08:00,OffLine,0,0
2026-09-12T23:21:29+08:00,VideoCall·집 Ver.,0,0
2026-09-12T23:21:40+08:00,OffLine,0,0
2026-09-12T23:21:40+08:00,VideoCall·집 Ver.,0,0
2026-09-12T23:22:06+08:00,OffLine,0,0
2026-09-12T23:22:06+08:00,VideoCall·집 Ver.,0,0
2026-09-12T23:22:17+08:00,OffLine,0,0
2026-09-12T23:22:17+08:00,VideoCall·집 Ver.,0,0
2026-09-12T23:22:28+08:00,OffLine,0,0
2026-09-12T23:22:28+08:00,VideoCall·집 Ver.,0,0
2026-09-12T23:22:38+08:00,OffLine,0,0
2026-09-12T23:22:38+08:00,VideoCall·집 Ver.,0,0
2026-09-12T23:22:49+08:00,OffLine,0,0
2026-09-12T23:22:49+08:00,VideoCall·집 Ver.,0,0
2026-09-12T23:23:00+08:00,OffLine,0,0
2026-09-12T23:23:00+08:00,VideoCall·집 Ver.,0,0
2026-09-12T23:23:27+08:00,OffLine,0,0
2026-09-12T23:23:27+08:00,VideoCall·집 Ver.,0,0
2026-09-12T23:23:37+08:00,OffLine,0,0
2026-09-12T23:23:37+08:00,VideoCall·집 Ver.,0,0
2026-09-12T23:23:48+08:00,OffLine,0,0
2026-09-12T23:23:48+08:00,VideoCall·집 Ver.,0,0
2026-09-12T23:23:59+08:00,OffLine,0,0
2026-09-12T23:23:59+08:00,VideoCall·집 Ver.,0,0
2026-09-12T23:24:10+08:00,OffLine,0,0
2026-09-12T23:24:10+08:00,VideoCall·집 Ver.,0,0
2026-09-12T23:24:37+08:00,OffLine,0,0
2026-09-12T23:24:37+08:00,VideoCall·집 Ver.,0,0
2026-09-12T23:24:48+08:00,OffLine,0,0
2026-09-12T23:24:48+08:00,VideoCall·집 Ver.,0,0
2026-09-12T23:24:58+08:00,OffLine,0,0
2026-09-12T23:24:58+08:00,VideoCall·집 Ver.,0,0
2026-09-12T23:25:09+08:00,OffLine,0,0
2026-09-12T23:25:09+08:00,VideoCall·집 Ver.,0,0
2026-09-12T23:25:20+08:00,OffLine,0,0
2026-09-12T23:25:20+08:00,VideoCall·집 Ver.,0,0
2026-09-12T23:25:47+08:00,OffLine,0,0
2026-09-12T23:25:47+08:00,VideoCall·집 Ver.,0,0
2026-09-12T23:25:57+08:00,OffLine,0,0
2026-09-12T23:25:57+08:00,VideoCall·집 Ver.,0,0
2026-09-12T23:26:08+08:00,OffLine,0,0
2026-09-12T23:26:08+08:00,VideoCall·집 Ver.,0,0
2026-09-12T23:26:18+08:00,OffLine,0,0
2026-09-12T23:26:18+08:00,VideoCall·집 Ver.,0,0
2026-09-12T23:26:29+08:00,OffLine,0,0
2026-09-12T23:26:29+08:00,VideoCall·집 Ver.,0,0
2026-09-12T23:26:57+08:00,OffLine,0,0
2026-09-12T23:26:57+08:00,VideoCall·집 Ver.,0,0
2026-09-12T23:27:07+08:00,OffLine,0,0
2026-09-12T23:27:07+08:00,VideoCall·집 Ver.,0,0
2026-09-12T23:27:18+08:00,OffLine,0,0
2026-09-12T23:27:18+08:00,VideoCall·집 Ver.,0,0
2026-09-12T23:27:29+08:00,OffLine,0,0
2026-09-12T23:27:29+08:00,VideoCall·집 Ver.,0,0
2026-09-12T23:27:40+08:00,OffLine,0,0
2026-09-12T23:27:40+08:00,VideoCall·집 Ver.,0,0
2026-09-12T23:28:07+08:00,OffLine,0,0
2026-09-12T23:28:07+08:00,VideoCall·집 Ver.,0,0
2026-09-12T23:28:18+08:00,OffLine,0,0
2026-09-12T23:28:18+08:00,VideoCall·집 Ver.,0,0
2026-09-12T23:28:28+08:00,OffLine,0,0
2026-09-12T23:28:28+08:00,VideoCall·집 Ver.,0,0
2026-09-12T23:28:39+08:00,OffLine,0,0
2026-09-12T23:28:39+08:00,VideoCall·집 Ver.,0,0
2026-09-12T23:28:50+08:00,OffLine,0,0
2026-09-12T23:28:50+08:00,VideoCall·집 Ver.,0,0
2026-09-12T23:29:17+08:00,OffLine,0,0
2026-09-12T23:29:17+08:00,VideoCall·집 Ver.,0,0
2026-09-12T23:29:28+08:00,OffLine,0,0
2026-09-12T23:29:28+08:00,VideoCall·집 Ver.,0,0
2026-09-12T23:29:38+08:00,OffLine,0,0
2026-09-12T23:29:38+08:00,VideoCall·집 Ver.,0,0
2026-09-12T23:29:50+08:00,OffLine,0,0
2026-09-12T23:29:50+08:00,VideoCall·집 Ver.,0,0
2026-09-12T23:30:01+08:00,OffLine,0,0
2026-09-12T23:30:01+08:00,VideoCall·집 Ver.,0,0
2026-09-12T23:30:27+08:00,OffLine,0,0
2026-09-12T23:30:27+08:00,VideoCall·집 Ver.,0,0
2026-09-12T23:30:38+08:00,OffLine,0,0
2026-09-12T23:30:38+08:00,VideoCall·집 Ver.,0,0
2026-09-12T23:30:49+08:00,OffLine,0,0
2026-09-12T23:30:49+08:00,VideoCall·집 Ver.,0,0
2026-09-12T23:30:59+08:00,OffLine,0,0
2026-09-12T23:30:59+08:00,VideoCall·집 Ver.,0,0
2026-09-12T23:31:10+08:00,OffLine,0,0
2026-09-12T23:31:10+08:00,VideoCall·집 Ver.,0,0
2026-09-12T23:31:37+08:00,OffLine,0,0
2026-09-12T23:31:37+08:00,VideoCall·집 Ver.,0,0
2026-09-12T23:31:48+08:00,OffLine,0,0
2026-09-12T23:31:48+08:00,VideoCall·집 Ver.,0,0
2026-09-12T23:31:58+08:00,OffLine,0,0
2026-09-12T23:31:58+08:00,VideoCall·집 Ver.,0,0
2026-09-12T23:32:09+08:00,OffLine,0,0
2026-09-12T23:32:09+08:00,VideoCall·집 Ver.,0,0
2026-09-12T23:32:20+08:00,OffLine,0,0
2026-09-12T23:32:20+08:00,VideoCall·집 Ver.,0,0
2026-09-12T23:32:47+08:00,OffLine,0,0
2026-09-12T23:32:47+08:00,VideoCall·집 Ver.,0,0
2026-09-12T23:32:58+08:00,OffLine,0,0
2026-09-12T23:32:58+08:00,VideoCall·집 Ver.,0,0
2026-09-12T23:33:32+08:00,OffLine,0,0
2026-09-12T23:33:32+08:00,VideoCall·집 Ver.,0,0
2026-09-12T23:33:43+08:00,OffLine,0,0
2026-09-12T23:33:43+08:00,VideoCall·집 Ver.,0,0
2026-09-12T23:33:54+08:00,OffLine,0,0
2026-09-12T23:33:54+08:00,VideoCall·집 Ver.,0,0
2026-09-12T23:34:05+08:00,OffLine,0,0
2026-09-12T23:34:05+08:00,VideoCall·집 Ver.,0,0
2026-09-12T23:34:16+08:00,OffLine,0,0
2026-09-12T23:34:16+08:00,VideoCall·집 Ver.,0,0
2026-09-12T23:34:27+08:00,OffLine,0,0
2026-09-12T23:34:27+08:00,VideoCall·집 Ver.,0,0
2026-09-12T23:34:37+08:00,OffLine,0,0
2026-09-12T23:34:37+08:00,VideoCall·집 Ver.,0,0
2026-09-12T23:35:04+08:00,OffLine,0,0
2026-09-12T23:35:04+08:00,VideoCall·집 Ver.,0,0
2026-09-12T23:35:16+08:00,OffLine,0,0
2026-09-12T23:35:16+08:00,VideoCall·집 Ver.,0,0
2026-09-12T23:35:26+08:00,OffLine,0,0
2026-09-12T23:35:26+08:00,VideoCall·집 Ver.,0,0
2026-09-12T23:35:37+08:00,OffLine,0,0
2026-09-12T23:35:37+08:00,VideoCall·집 Ver.,0,0
2026-09-12T23:35:48+08:00,OffLine,0,0
2026-09-12T23:35:48+08:00,VideoCall·집 Ver.,0,0
2026-09-12T23:36:14+08:00,OffLine,0,0
2026-09-12T23:36:14+08:00,VideoCall·집 Ver.,0,0
2026-09-12T23:36:24+08:00,OffLine,0,0
2026-09-12T23:36:24+08:00,VideoCall·집 Ver.,0,0
2026-09-12T23:36:35+08:00,OffLine,0,0
2026-09-12T23:36:35+08:00,VideoCall·집 Ver.,0,0
2026-09-12T23:36:46+08:00,OffLine,0,0
2026-09-12T23:36:46+08:00,VideoCall·집 Ver.,0,0
2026-09-12T23:36:57+08:00,OffLine,0,0
2026-09-12T23:36:57+08:00,VideoCall·집 Ver.,0,0
2026-09-12T23:37:23+08:00,OffLine,0,0
2026-09-12T23:37:23+08:00,VideoCall·집 Ver.,0,0
2026-09-12T23:37:34+08:00,OffLine,0,0
2026-09-12T23:37:34+08:00,VideoCall·집 Ver.,0,0
2026-09-12T23:37:45+08:00,OffLine,0,0
2026-09-12T23:37:45+08:00,VideoCall·집 Ver.,0,0
2026-09-12T23:37:56+08:00,OffLine,0,0
2026-09-12T23:37:56+08:00,VideoCall·집 Ver.,0,0
2026-09-12T23:38:08+08:00,OffLine,0,0
2026-09-12T23:38:08+08:00,VideoCall·집 Ver.,0,0
2026-09-12T23:38:34+08:00,OffLine,0,0
2026-09-12T23:38:34+08:00,VideoCall·집 Ver.,0,0
2026-09-12T23:38:45+08:00,OffLine,0,0
2026-09-12T23:38:45+08:00,VideoCall·집 Ver.,0,0
2026-09-12T23:38:55+08:00,OffLine,0,0
2026-09-12T23:38:55+08:00,VideoCall·집 Ver.,0,0
2026-09-12T23:39:06+08:00,OffLine,0,0
2026-09-12T23:39:06+08:00,VideoCall·집 Ver.,0,0
2026-09-12T23:39:16+08:00,OffLine,0,0
2026-09-12T23:39:16+08:00,VideoCall·집 Ver.,0,0
2026-09-12T23:39:43+08:00,OffLine,0,0
2026-09-12T23:39:43+08:00,VideoCall·집 Ver.,0,0
2026-09-12T23:39:54+08:00,OffLine,0,0
2026-09-12T23:39:54+08:00,VideoCall·집 Ver.,0,0
2026-09-12T23:40:05+08:00,OffLine,0,0
2026-09-12T23:40:05+08:00,VideoCall·집 Ver.,0,0
2026-09-12T23:40:15+08:00,OffLine,0,0
2026-09-12T23:40:15+08:00,VideoCall·집 Ver.,0,0
2026-09-12T23:40:26+08:00,OffLine,0,0
2026-09-12T23:40:26+08:00,VideoCall·집 Ver.,0,0
2026-09-12T23:40:53+08:00,OffLine,0,0
2026-09-12T23:40:53+08:00,VideoCall·집 Ver.,0,0
2026-09-12T23:41:03+08:00,OffLine,0,0
2026-09-12T23:41:03+08:00,VideoCall·집 Ver.,0,0
2026-09-12T23:41:14+08:00,OffLine,0,0
2026-09-12T23:41:14+08:00,VideoCall·집 Ver.,0,0
2026-09-12T23:41:25+08:00,OffLine,0,0
2026-09-12T23:41:25+08:00,VideoCall·집 Ver.,0,0
2026-09-12T23:41:35+08:00,OffLine,0,0
2026-09-12T23:41:35+08:00,VideoCall·집 Ver.,0,0
2026-09-12T23:42:02+08:00,OffLine,0,0
2026-09-12T23:42:02+08:00,VideoCall·집 Ver.,0,0
2026-09-12T23:42:13+08:00,OffLine,0,0
2026-09-12T23:42:13+08:00,VideoCall·집 Ver.,0,0
2026-09-12T23:42:23+08:00,OffLine,0,0
2026-09-12T23:42:23+08:00,VideoCall·집 Ver.,0,0
2026-09-12T23:42:34+08:00,OffLine,0,0
2026-09-12T23:42:34+08:00,VideoCall·집 Ver.,0,0
2026-09-12T23:42:45+08:00,OffLine,0,0
2026-09-12T23:42:45+08:00,VideoCall·집 Ver.,0,0
2026-09-12T23:42:55+08:00,OffLine,0,0
2026-09-12T23:42:55+08:00,VideoCall·집 Ver.,0,0
2026-09-12T23:43:21+08:00,OffLine,0,0
2026-09-12T23:43:21+08:00,VideoCall·집 Ver.,0,0
2026-09-12T23:43:32+08:00,OffLine,0,0
2026-09-12T23:43:32+08:00,VideoCall·집 Ver.,0,0
2026-09-12T23:43:42+08:00,OffLine,0,0
2026-09-12T23:43:42+08:00,VideoCall·집 Ver.,0,0
2026-09-12T23:43:53+08:00,OffLine,0,0
2026-09-12T23:43:53+08:00,VideoCall·집 Ver.,0,0
2026-09-12T23:44:04+08:00,OffLine,0,0
2026-09-12T23:44:04+08:00,VideoCall·집 Ver.,0,0
2026-09-12T23:44:31+08:00,OffLine,0,0
2026-09-12T23:44:31+08:00,VideoCall·집 Ver.,0,0
2026-09-12T23:44:42+08:00,OffLine,0,0
2026-09-12T23:44:42+08:00,VideoCall·집 Ver.,0,0
2026-09-12T23:44:53+08:00,OffLine,0,0
2026-09-12T23:44:53+08:00,VideoCall·집 Ver.,0,0
2026-09-12T23:45:04+08:00,OffLine,0,0
2026-09-12T23:45:04+08:00,VideoCall·집 Ver.,0,0
2026-09-12T23:45:15+08:00,OffLine,0,0
2026-09-12T23:45:15+08:00,VideoCall·집 Ver.,0,0
2026-09-12T23:45:41+08:00,OffLine,0,0
2026-09-12T23:45:41+08:00,VideoCall·집 Ver.,0,0
2026-09-12T23:45:52+08:00,OffLine,0,0
2026-09-12T23:45:52+08:00,VideoCall·집 Ver.,0,0
2026-09-12T23:46:03+08:00,OffLine,0,0
2026-09-12T23:46:03+08:00,VideoCall·집 Ver.,0,0
2026-09-12T23:46:14+08:00,OffLine,0,0
2026-09-12T23:46:14+08:00,VideoCall·집 Ver.,0,0
2026-09-12T23:46:25+08:00,OffLine,0,0
2026-09-12T23:46:25+08:00,VideoCall·집 Ver.,0,0
2026-09-12T23:46:51+08:00,OffLine,0,0
2026-09-12T23:46:51+08:00,VideoCall·집 Ver.,0,0
2026-09-12T23:47:01+08:00,OffLine,0,0
2026-09-12T23:47:01+08:00,VideoCall·집 Ver.,0,0
2026-09-12T23:47:12+08:00,OffLine,0,0
2026-09-12T23:47:12+08:00,VideoCall·집 Ver.,0,0
2026-09-12T23:47:23+08:00,OffLine,0,0
2026-09-12T23:47:23+08:00,VideoCall·집 Ver.,0,0
2026-09-12T23:47:34+08:00,OffLine,0,0
2026-09-12T23:47:34+08:00,VideoCall·집 Ver.,0,0
2026-09-12T23:48:00+08:00,OffLine,0,0
2026-09-12T23:48:00+08:00,VideoCall·집 Ver.,0,0
2026-09-12T23:48:11+08:00,OffLine,0,0
2026-09-12T23:48:11+08:00,VideoCall·집 Ver.,0,0
2026-09-12T23:48:22+08:00,OffLine,0,0
2026-09-12T23:48:22+08:00,VideoCall·집 Ver.,0,0
2026-09-12T23:48:32+08:00,OffLine,0,0
2026-09-12T23:48:32+08:00,VideoCall·집 Ver.,0,0
2026-09-12T23:48:43+08:00,OffLine,0,0
2026-09-12T23:48:43+08:00,VideoCall·집 Ver.,0,0
2026-09-12T23:49:10+08:00,OffLine,0,0
2026-09-12T23:49:10+08:00,VideoCall·집 Ver.,0,0
2026-09-12T23:49:22+08:00,OffLine,0,0
2026-09-12T23:49:22+08:00,VideoCall·집 Ver.,0,0
2026-09-12T23:49:33+08:00,OffLine,0,0
2026-09-12T23:49:33+08:00,VideoCall·집 Ver.,0,0
2026-09-12T23:49:43+08:00,OffLine,0,0
2026-09-12T23:49:43+08:00,VideoCall·집 Ver.,0,0
2026-09-12T23:49:55+08:00,OffLine,0,0
2026-09-12T23:49:55+08:00,VideoCall·집 Ver.,0,0
2026-09-12T23:50:21+08:00,OffLine,0,0
2026-09-12T23:50:21+08:00,VideoCall·집 Ver.,0,0
2026-09-12T23:50:31+08:00,OffLine,0,0
2026-09-12T23:50:31+08:00,VideoCall·집 Ver.,0,0
2026-09-12T23:50:42+08:00,OffLine,0,0
2026-09-12T23:50:42+08:00,VideoCall·집 Ver.,0,0
2026-09-12T23:50:53+08:00,OffLine,0,0
2026-09-12T23:50:53+08:00,VideoCall·집 Ver.,0,0
2026-09-12T23:51:04+08:00,OffLine,0,0
2026-09-12T23:51:04+08:00,VideoCall·집 Ver.,0,0
2026-09-12T23:51:31+08:00,OffLine,0,0
2026-09-12T23:51:31+08:00,VideoCall·집 Ver.,0,0
2026-09-12T23:51:41+08:00,OffLine,0,0
2026-09-12T23:51:41+08:00,VideoCall·집 Ver.,0,0
2026-09-12T23:51:53+08:00,OffLine,0,0
2026-09-12T23:51:53+08:00,VideoCall·집 Ver.,0,0
2026-09-12T23:52:04+08:00,OffLine,0,0
2026-09-12T23:52:04+08:00,VideoCall·집 Ver.,0,0
2026-09-12T23:52:15+08:00,OffLine,0,0
2026-09-12T23:52:15+08:00,VideoCall·집 Ver.,0,0
2026-09-12T23:52:41+08:00,OffLine,0,0
2026-09-12T23:52:41+08:00,VideoCall·집 Ver.,0,0
2026-09-12T23:52:52+08:00,OffLine,0,0
2026-09-12T23:52:52+08:00,VideoCall·집 Ver.,0,0
2026-09-12T23:53:02+08:00,OffLine,0,0
2026-09-12T23:53:02+08:00,VideoCall·집 Ver.,0,0
2026-09-12T23:53:13+08:00,OffLine,0,0
2026-09-12T23:53:13+08:00,VideoCall·집 Ver.,0,0
2026-09-12T23:53:24+08:00,OffLine,0,0
2026-09-12T23:53:24+08:00,VideoCall·집 Ver.,0,0
2026-09-12T23:53:51+08:00,OffLine,0,0
2026-09-12T23:53:51+08:00,VideoCall·집 Ver.,0,0
2026-09-12T23:54:01+08:00,OffLine,0,0
2026-09-12T23:54:01+08:00,VideoCall·집 Ver.,0,0
2026-09-12T23:54:12+08:00,OffLine,0,0
2026-09-12T23:54:12+08:00,VideoCall·집 Ver.,0,0
2026-09-12T23:54:22+08:00,OffLine,0,0
2026-09-12T23:54:22+08:00,VideoCall·집 Ver.,0,0
2026-09-12T23:54:33+08:00,OffLine,0,0
2026-09-12T23:54:33+08:00,VideoCall·집 Ver.,0,0
2026-09-12T23:54:43+08:00,OffLine,0,0
2026-09-12T23:54:43+08:00,VideoCall·집 Ver.,0,0
2026-09-12T23:55:10+08:00,OffLine,0,0
2026-09-12T23:55:10+08:00,VideoCall·집 Ver.,0,0
2026-09-12T23:55:20+08:00,OffLine,0,0
2026-09-12T23:55:20+08:00,VideoCall·집 Ver.,0,0
2026-09-12T23:55:31+08:00,OffLine,0,0
2026-09-12T23:55:31+08:00,VideoCall·집 Ver.,0,0
2026-09-12T23:55:41+08:00,OffLine,0,0
2026-09-12T23:55:41+08:00,VideoCall·집 Ver.,0,0
2026-09-12T23:55:52+08:00,OffLine,0,0
2026-09-12T23:55:52+08:00,VideoCall·집 Ver.,0,0
2026-09-12T23:56:18+08:00,OffLine,0,0
2026-09-12T23:56:18+08:00,VideoCall·집 Ver.,0,0
2026-09-12T23:56:29+08:00,OffLine,0,0
2026-09-12T23:56:29+08:00,VideoCall·집 Ver.,0,0
2026-09-12T23:56:40+08:00,OffLine,0,0
2026-09-12T23:56:40+08:00,VideoCall·집 Ver.,0,0
2026-09-12T23:56:51+08:00,OffLine,0,0
2026-09-12T23:56:51+08:00,VideoCall·집 Ver.,0,0
2026-09-12T23:57:02+08:00,OffLine,0,0
2026-09-12T23:57:02+08:00,VideoCall·집 Ver.,0,0
2026-09-12T23:57:29+08:00,OffLine,0,0
2026-09-12T23:57:29+08:00,VideoCall·집 Ver.,0,0
2026-09-12T23:57:40+08:00,OffLine,0,0
2026-09-12T23:57:40+08:00,VideoCall·집 Ver.,0,0
2026-09-12T23:57:50+08:00,OffLine,0,0
2026-09-12T23:57:50+08:00,VideoCall·집 Ver.,0,0
2026-09-12T23:58:01+08:00,OffLine,0,0
2026-09-12T23:58:01+08:00,VideoCall·집 Ver.,0,0
2026-09-12T23:58:12+08:00,OffLine,0,0
2026-09-12T23:58:12+08:00,VideoCall·집 Ver.,0,0
2026-09-12T23:58:38+08:00,OffLine,0,0
2026-09-12T23:58:38+08:00,VideoCall·집 Ver.,0,0
2026-09-12T23:58:49+08:00,OffLine,0,0
2026-09-12T23:58:49+08:00,VideoCall·집 Ver.,0,0
2026-09-12T23:59:00+08:00,OffLine,0,0
2026-09-12T23:59:00+08:00,VideoCall·집 Ver.,0,0
2026-09-12T23:59:11+08:00,OffLine,0,0
2026-09-12T23:59:11+08:00,VideoCall·집 Ver.,0,0
2026-09-12T23:59:22+08:00,OffLine,0,0
2026-09-12T23:59:22+08:00,VideoCall·집 Ver.,0,0
2026-09-12T23:59:49+08:00,OffLine,0,0
2026-09-12T23:59:49+08:00,VideoCall·집 Ver.,0,0
2026-09-13T00:00:00+08:00,OffLine,0,0
2026-09-13T00:00:00+08:00,VideoCall·집 Ver.,0,0
2026-09-13T00:00:11+08:00,OffLine,0,0
2026-09-13T00:00:11+08:00,VideoCall·집 Ver.,0,0
2026-09-13T00:00:21+08:00,OffLine,0,0
2026-09-13T00:00:21+08:00,VideoCall·집 Ver.,0,0
2026-09-13T00:00:32+08:00,OffLine,0,0
2026-09-13T00:00:32+08:00,VideoCall·집 Ver.,0,0
2026-09-13T00:00:59+08:00,OffLine,0,0
2026-09-13T00:00:59+08:00,VideoCall·집 Ver.,0,0
2026-09-13T00:01:10+08:00,OffLine,0,0
2026-09-13T00:01:10+08:00,VideoCall·집 Ver.,0,0
2026-09-13T00:01:21+08:00,OffLine,0,0
2026-09-13T00:01:21+08:00,VideoCall·집 Ver.,0,0
2026-09-13T00:01:31+08:00,OffLine,0,0
2026-09-13T00:01:31+08:00,VideoCall·집 Ver.,0,0
2026-09-13T00:01:42+08:00,OffLine,0,0
2026-09-13T00:01:42+08:00,VideoCall·집 Ver.,0,0
2026-09-13T00:02:08+08:00,OffLine,0,0
2026-09-13T00:02:08+08:00,VideoCall·집 Ver.,0,0
2026-09-13T00:02:19+08:00,OffLine,0,0
2026-09-13T00:02:19+08:00,VideoCall·집 Ver.,0,0
2026-09-13T00:02:30+08:00,OffLine,0,0
2026-09-13T00:02:30+08:00,VideoCall·집 Ver.,0,0
2026-09-13T00:02:41+08:00,OffLine,0,0
2026-09-13T00:02:41+08:00,VideoCall·집 Ver.,0,0
2026-09-13T00:02:51+08:00,OffLine,0,0
2026-09-13T00:02:51+08:00,VideoCall·집 Ver.,0,0
2026-09-13T00:03:18+08:00,OffLine,0,0
2026-09-13T00:03:18+08:00,VideoCall·집 Ver.,0,0
2026-09-13T00:03:29+08:00,OffLine,0,0
2026-09-13T00:03:29+08:00,VideoCall·집 Ver.,0,0
2026-09-13T00:03:40+08:00,OffLine,0,0
2026-09-13T00:03:40+08:00,VideoCall·집 Ver.,0,0
2026-09-13T00:03:51+08:00,OffLine,0,0
2026-09-13T00:03:51+08:00,VideoCall·집 Ver.,0,0
2026-09-13T00:04:01+08:00,OffLine,0,0
2026-09-13T00:04:01+08:00,VideoCall·집 Ver.,0,0
2026-09-13T00:04:27+08:00,OffLine,0,0
2026-09-13T00:04:27+08:00,VideoCall·집 Ver.,0,0
2026-09-13T00:04:37+08:00,OffLine,0,0
2026-09-13T00:04:37+08:00,VideoCall·집 Ver.,0,0
2026-09-13T00:04:48+08:00,OffLine,0,0
2026-09-13T00:04:48+08:00,VideoCall·집 Ver.,0,0
2026-09-13T00:04:58+08:00,OffLine,0,0
2026-09-13T00:04:58+08:00,VideoCall·집 Ver.,0,0
2026-09-13T00:05:09+08:00,OffLine,0,0
2026-09-13T00:05:09+08:00,VideoCall·집 Ver.,0,0
2026-09-13T00:05:20+08:00,OffLine,0,0
2026-09-13T00:05:20+08:00,VideoCall·집 Ver.,0,0
2026-09-13T00:05:47+08:00,OffLine,0,0
2026-09-13T00:05:47+08:00,VideoCall·집 Ver.,0,0
2026-09-13T00:05:58+08:00,OffLine,0,0
2026-09-13T00:05:58+08:00,VideoCall·집 Ver.,0,0
2026-09-13T00:06:09+08:00,OffLine,0,0
2026-09-13T00:06:09+08:00,VideoCall·집 Ver.,0,0
2026-09-13T00:06:20+08:00,OffLine,0,0
2026-09-13T00:06:20+08:00,VideoCall·집 Ver.,0,0
2026-09-13T00:06:31+08:00,OffLine,0,0
2026-09-13T00:06:31+08:00,VideoCall·집 Ver.,0,0
2026-09-13T00:06:58+08:00,OffLine,0,0
2026-09-13T00:06:58+08:00,VideoCall·집 Ver.,0,0
2026-09-13T00:07:08+08:00,OffLine,0,0
2026-09-13T00:07:08+08:00,VideoCall·집 Ver.,0,0
2026-09-13T00:07:19+08:00,OffLine,0,0
2026-09-13T00:07:19+08:00,VideoCall·집 Ver.,0,0
2026-09-13T00:07:30+08:00,OffLine,0,0
2026-09-13T00:07:30+08:00,VideoCall·집 Ver.,0,0
2026-09-13T00:07:41+08:00,OffLine,0,0
2026-09-13T00:07:41+08:00,VideoCall·집 Ver.,0,0
2026-09-13T00:08:09+08:00,OffLine,0,0
2026-09-13T00:08:09+08:00,VideoCall·집 Ver.,0,0
2026-09-13T00:08:19+08:00,OffLine,0,0
2026-09-13T00:08:19+08:00,VideoCall·집 Ver.,0,0
2026-09-13T00:08:30+08:00,OffLine,0,0
2026-09-13T00:08:30+08:00,VideoCall·집 Ver.,0,0
2026-09-13T00:08:40+08:00,OffLine,0,0
2026-09-13T00:08:40+08:00,VideoCall·집 Ver.,0,0
2026-09-13T00:08:51+08:00,OffLine,0,0
2026-09-13T00:08:51+08:00,VideoCall·집 Ver.,0,0
2026-09-13T00:09:18+08:00,OffLine,0,0
2026-09-13T00:09:18+08:00,VideoCall·집 Ver.,0,0
2026-09-13T00:09:29+08:00,OffLine,0,0
2026-09-13T00:09:29+08:00,VideoCall·집 Ver.,0,0
2026-09-13T00:09:40+08:00,OffLine,0,0
2026-09-13T00:09:40+08:00,VideoCall·집 Ver.,0,0
2026-09-13T00:09:51+08:00,OffLine,0,0
2026-09-13T00:09:51+08:00,VideoCall·집 Ver.,0,0
2026-09-13T00:10:02+08:00,OffLine,0,0
2026-09-13T00:10:02+08:00,VideoCall·집 Ver.,0,0
2026-09-13T00:10:27+08:00,OffLine,0,0
2026-09-13T00:10:27+08:00,VideoCall·집 Ver.,0,0
2026-09-13T00:10:39+08:00,OffLine,0,0
2026-09-13T00:10:39+08:00,VideoCall·집 Ver.,0,0
2026-09-13T00:10:50+08:00,OffLine,0,0
2026-09-13T00:10:50+08:00,VideoCall·집 Ver.,0,0
2026-09-13T00:11:01+08:00,OffLine,0,0
2026-09-13T00:11:01+08:00,VideoCall·집 Ver.,0,0
2026-09-13T00:11:12+08:00,OffLine,0,0
2026-09-13T00:11:12+08:00,VideoCall·집 Ver.,0,0
2026-09-13T00:11:38+08:00,OffLine,0,0
2026-09-13T00:11:38+08:00,VideoCall·집 Ver.,0,0
2026-09-13T00:11:49+08:00,OffLine,0,0
2026-09-13T00:11:49+08:00,VideoCall·집 Ver.,0,0
2026-09-13T00:12:01+08:00,OffLine,0,0
2026-09-13T00:12:01+08:00,VideoCall·집 Ver.,0,0
2026-09-13T00:12:11+08:00,OffLine,0,0
2026-09-13T00:12:11+08:00,VideoCall·집 Ver.,0,0
2026-09-13T00:12:22+08:00,OffLine,0,0
2026-09-13T00:12:22+08:00,VideoCall·집 Ver.,0,0
2026-09-13T00:12:47+08:00,OffLine,0,0
2026-09-13T00:12:47+08:00,VideoCall·집 Ver.,0,0
2026-09-13T00:12:58+08:00,OffLine,0,0
2026-09-13T00:12:58+08:00,VideoCall·집 Ver.,0,0
2026-09-13T00:13:09+08:00,OffLine,0,0
2026-09-13T00:13:09+08:00,VideoCall·집 Ver.,0,0
2026-09-13T00:13:20+08:00,OffLine,0,0
2026-09-13T00:13:20+08:00,VideoCall·집 Ver.,0,0
2026-09-13T00:13:30+08:00,OffLine,0,0
2026-09-13T00:13:30+08:00,VideoCall·집 Ver.,0,0
2026-09-13T00:13:56+08:00,OffLine,0,0
2026-09-13T00:13:56+08:00,VideoCall·집 Ver.,0,0
2026-09-13T00:14:07+08:00,OffLine,0,0
2026-09-13T00:14:07+08:00,VideoCall·집 Ver.,0,0
2026-09-13T00:14:18+08:00,OffLine,0,0
2026-09-13T00:14:18+08:00,VideoCall·집 Ver.,0,0
2026-09-13T00:14:30+08:00,OffLine,0,0
2026-09-13T00:14:30+08:00,VideoCall·집 Ver.,0,0
2026-09-13T00:14:41+08:00,OffLine,0,0
2026-09-13T00:14:41+08:00,VideoCall·집 Ver.,0,0
2026-09-13T00:15:08+08:00,OffLine,0,0
2026-09-13T00:15:08+08:00,VideoCall·집 Ver.,0,0
2026-09-13T00:15:20+08:00,OffLine,0,0
2026-09-13T00:15:20+08:00,VideoCall·집 Ver.,0,0
2026-09-13T00:15:30+08:00,OffLine,0,0
2026-09-13T00:15:30+08:00,VideoCall·집 Ver.,0,0
2026-09-13T00:15:41+08:00,OffLine,0,0
2026-09-13T00:15:41+08:00,VideoCall·집 Ver.,0,0
2026-09-13T00:15:52+08:00,OffLine,0,0
2026-09-13T00:15:52+08:00,VideoCall·집 Ver.,0,0
2026-09-13T00:16:19+08:00,OffLine,0,0
2026-09-13T00:16:19+08:00,VideoCall·집 Ver.,0,0
2026-09-13T00:16:29+08:00,OffLine,0,0
2026-09-13T00:16:29+08:00,VideoCall·집 Ver.,0,0
2026-09-13T00:16:40+08:00,OffLine,0,0
2026-09-13T00:16:40+08:00,VideoCall·집 Ver.,0,0
2026-09-13T00:16:50+08:00,OffLine,0,0
2026-09-13T00:16:50+08:00,VideoCall·집 Ver.,0,0
2026-09-13T00:17:01+08:00,OffLine,0,0
2026-09-13T00:17:01+08:00,VideoCall·집 Ver.,0,0
2026-09-13T00:17:27+08:00,OffLine,0,0
2026-09-13T00:17:27+08:00,VideoCall·집 Ver.,0,0
2026-09-13T00:17:38+08:00,OffLine,0,0
2026-09-13T00:17:38+08:00,VideoCall·집 Ver.,0,0
2026-09-13T00:17:49+08:00,OffLine,0,0
2026-09-13T00:17:49+08:00,VideoCall·집 Ver.,0,0
2026-09-13T00:18:00+08:00,OffLine,0,0
2026-09-13T00:18:00+08:00,VideoCall·집 Ver.,0,0
2026-09-13T00:18:10+08:00,OffLine,0,0
2026-09-13T00:18:10+08:00,VideoCall·집 Ver.,0,0
2026-09-13T00:18:21+08:00,OffLine,0,0
2026-09-13T00:18:21+08:00,VideoCall·집 Ver.,0,0
2026-09-13T00:18:47+08:00,OffLine,0,0
2026-09-13T00:18:47+08:00,VideoCall·집 Ver.,0,0
2026-09-13T00:18:58+08:00,OffLine,0,0
2026-09-13T00:18:58+08:00,VideoCall·집 Ver.,0,0
2026-09-13T00:19:08+08:00,OffLine,0,0
2026-09-13T00:19:08+08:00,VideoCall·집 Ver.,0,0
2026-09-13T00:19:19+08:00,OffLine,0,0
2026-09-13T00:19:19+08:00,VideoCall·집 Ver.,0,0
2026-09-13T00:19:30+08:00,OffLine,0,0
2026-09-13T00:19:30+08:00,VideoCall·집 Ver.,0,0
2026-09-13T00:20:22+08:00,OffLine,0,0
2026-09-13T00:20:22+08:00,VideoCall·집 Ver.,0,0
2026-09-13T00:20:34+08:00,OffLine,0,0
2026-09-13T00:20:34+08:00,VideoCall·집 Ver.,0,0
2026-09-13T00:20:45+08:00,OffLine,0,0
2026-09-13T00:20:45+08:00,VideoCall·집 Ver.,0,0
2026-09-13T00:20:56+08:00,OffLine,0,0
2026-09-13T00:20:56+08:00,VideoCall·집 Ver.,0,0
2026-09-13T00:21:07+08:00,OffLine,0,0
2026-09-13T00:21:07+08:00,VideoCall·집 Ver.,0,0
2026-09-13T00:21:18+08:00,OffLine,0,0
2026-09-13T00:21:18+08:00,VideoCall·집 Ver.,0,0
2026-09-13T00:21:28+08:00,OffLine,0,0
2026-09-13T00:21:28+08:00,VideoCall·집 Ver.,0,0
2026-09-13T00:21:56+08:00,OffLine,0,0
2026-09-13T00:21:56+08:00,VideoCall·집 Ver.,0,0
2026-09-13T00:22:06+08:00,OffLine,0,0
2026-09-13T00:22:06+08:00,VideoCall·집 Ver.,0,0
2026-09-13T00:22:17+08:00,OffLine,0,0
2026-09-13T00:22:17+08:00,VideoCall·집 Ver.,0,0
2026-09-13T00:22:27+08:00,OffLine,0,0
2026-09-13T00:22:27+08:00,VideoCall·집 Ver.,0,0
2026-09-13T00:22:37+08:00,OffLine,0,0
2026-09-13T00:22:37+08:00,VideoCall·집 Ver.,0,0
2026-09-13T00:22:48+08:00,OffLine,0,0
2026-09-13T00:22:48+08:00,VideoCall·집 Ver.,0,0
2026-09-13T00:23:15+08:00,OffLine,0,0
2026-09-13T00:23:15+08:00,VideoCall·집 Ver.,0,0
2026-09-13T00:23:26+08:00,OffLine,0,0
2026-09-13T00:23:26+08:00,VideoCall·집 Ver.,0,0
2026-09-13T00:23:36+08:00,OffLine,0,0
2026-09-13T00:23:36+08:00,VideoCall·집 Ver.,0,0
2026-09-13T00:23:47+08:00,OffLine,0,0
2026-09-13T00:23:47+08:00,VideoCall·집 Ver.,0,0
2026-09-13T00:23:58+08:00,OffLine,0,0
2026-09-13T00:23:58+08:00,VideoCall·집 Ver.,0,0
2026-09-13T00:24:25+08:00,OffLine,0,0
2026-09-13T00:24:25+08:00,VideoCall·집 Ver.,0,0
2026-09-13T00:24:36+08:00,OffLine,0,0
2026-09-13T00:24:36+08:00,VideoCall·집 Ver.,0,0
2026-09-13T00:24:46+08:00,OffLine,0,0
2026-09-13T00:24:46+08:00,VideoCall·집 Ver.,0,0
2026-09-13T00:24:57+08:00,OffLine,0,0
2026-09-13T00:24:57+08:00,VideoCall·집 Ver.,0,0
2026-09-13T00:25:07+08:00,OffLine,0,0
2026-09-13T00:25:07+08:00,VideoCall·집 Ver.,0,0
2026-09-13T00:25:34+08:00,OffLine,0,0
2026-09-13T00:25:34+08:00,VideoCall·집 Ver.,0,0
2026-09-13T00:25:44+08:00,OffLine,0,0
2026-09-13T00:25:44+08:00,VideoCall·집 Ver.,0,0
2026-09-13T00:25:55+08:00,OffLine,0,0
2026-09-13T00:25:55+08:00,VideoCall·집 Ver.,0,0
2026-09-13T00:26:06+08:00,OffLine,0,0
2026-09-13T00:26:06+08:00,VideoCall·집 Ver.,0,0
2026-09-13T00:26:17+08:00,OffLine,0,0
2026-09-13T00:26:17+08:00,VideoCall·집 Ver.,0,0
2026-09-13T00:26:44+08:00,OffLine,0,0
2026-09-13T00:26:44+08:00,VideoCall·집 Ver.,0,0
2026-09-13T00:26:55+08:00,OffLine,0,0
2026-09-13T00:26:55+08:00,VideoCall·집 Ver.,0,0
2026-09-13T00:27:06+08:00,OffLine,0,0
2026-09-13T00:27:06+08:00,VideoCall·집 Ver.,0,0
2026-09-13T00:27:16+08:00,OffLine,0,0
2026-09-13T00:27:16+08:00,VideoCall·집 Ver.,0,0
2026-09-13T00:27:27+08:00,OffLine,0,0
2026-09-13T00:27:27+08:00,VideoCall·집 Ver.,0,0
2026-09-13T00:27:54+08:00,OffLine,0,0
2026-09-13T00:27:54+08:00,VideoCall·집 Ver.,0,0
2026-09-13T00:28:05+08:00,OffLine,0,0
2026-09-13T00:28:05+08:00,VideoCall·집 Ver.,0,0
2026-09-13T00:28:15+08:00,OffLine,0,0
2026-09-13T00:28:15+08:00,VideoCall·집 Ver.,0,0
2026-09-13T00:28:26+08:00,OffLine,0,0
2026-09-13T00:28:26+08:00,VideoCall·집 Ver.,0,0
2026-09-13T00:28:37+08:00,OffLine,0,0
2026-09-13T00:28:37+08:00,VideoCall·집 Ver.,0,0
2026-09-13T00:29:03+08:00,OffLine,0,0
2026-09-13T00:29:03+08:00,VideoCall·집 Ver.,0,0
2026-09-13T00:29:14+08:00,OffLine,0,0
2026-09-13T00:29:14+08:00,VideoCall·집 Ver.,0,0
2026-09-13T00:29:25+08:00,OffLine,0,0
2026-09-13T00:29:25+08:00,VideoCall·집 Ver.,0,0
2026-09-13T00:29:36+08:00,OffLine,0,0
2026-09-13T00:29:36+08:00,VideoCall·집 Ver.,0,0
2026-09-13T00:29:46+08:00,OffLine,0,0
2026-09-13T00:29:46+08:00,VideoCall·집 Ver.,0,0
2026-09-13T00:30:12+08:00,OffLine,0,0
2026-09-13T00:30:12+08:00,VideoCall·집 Ver.,0,0
2026-09-13T00:30:23+08:00,OffLine,0,0
2026-09-13T00:30:23+08:00,VideoCall·집 Ver.,0,0
2026-09-13T00:30:34+08:00,OffLine,0,0
2026-09-13T00:30:34+08:00,VideoCall·집 Ver.,0,0
2026-09-13T00:30:44+08:00,OffLine,0,0
2026-09-13T00:30:44+08:00,VideoCall·집 Ver.,0,0
2026-09-13T00:30:55+08:00,OffLine,0,0
2026-09-13T00:30:55+08:00,VideoCall·집 Ver.,0,0
2026-09-13T00:31:21+08:00,OffLine,0,0
2026-09-13T00:31:21+08:00,VideoCall·집 Ver.,0,0
2026-09-13T00:31:32+08:00,OffLine,0,0
2026-09-13T00:31:32+08:00,VideoCall·집 Ver.,0,0
2026-09-13T00:31:43+08:00,OffLine,0,0
2026-09-13T00:31:43+08:00,VideoCall·집 Ver.,0,0
2026-09-13T00:31:54+08:00,OffLine,0,0
2026-09-13T00:31:54+08:00,VideoCall·집 Ver.,0,0
2026-09-13T00:32:05+08:00,OffLine,0,0
2026-09-13T00:32:05+08:00,VideoCall·집 Ver.,0,0
2026-09-13T00:32:32+08:00,OffLine,0,0
2026-09-13T00:32:32+08:00,VideoCall·집 Ver.,0,0
2026-09-13T00:32:42+08:00,OffLine,0,0
2026-09-13T00:32:42+08:00,VideoCall·집 Ver.,0,0
2026-09-13T00:32:53+08:00,OffLine,0,0
2026-09-13T00:32:53+08:00,VideoCall·집 Ver.,0,0
2026-09-13T00:33:04+08:00,OffLine,0,0
2026-09-13T00:33:04+08:00,VideoCall·집 Ver.,0,0
2026-09-13T00:33:15+08:00,OffLine,0,0
2026-09-13T00:33:15+08:00,VideoCall·집 Ver.,0,0
2026-09-13T00:33:42+08:00,OffLine,0,0
2026-09-13T00:33:42+08:00,VideoCall·집 Ver.,0,0
2026-09-13T00:33:53+08:00,OffLine,0,0
2026-09-13T00:33:53+08:00,VideoCall·집 Ver.,0,0
2026-09-13T00:34:04+08:00,OffLine,0,0
2026-09-13T00:34:04+08:00,VideoCall·집 Ver.,0,0
2026-09-13T00:34:14+08:00,OffLine,0,0
2026-09-13T00:34:14+08:00,VideoCall·집 Ver.,0,0
2026-09-13T00:34:25+08:00,OffLine,0,0
2026-09-13T00:34:25+08:00,VideoCall·집 Ver.,0,0
2026-09-13T00:34:53+08:00,OffLine,0,0
2026-09-13T00:34:53+08:00,VideoCall·집 Ver.,0,0
2026-09-13T00:35:03+08:00,OffLine,0,0
2026-09-13T00:35:03+08:00,VideoCall·집 Ver.,0,0
2026-09-13T00:35:14+08:00,OffLine,0,0
2026-09-13T00:35:14+08:00,VideoCall·집 Ver.,0,0
2026-09-13T00:35:25+08:00,OffLine,0,0
2026-09-13T00:35:25+08:00,VideoCall·집 Ver.,0,0
2026-09-13T00:35:36+08:00,OffLine,0,0
2026-09-13T00:35:36+08:00,VideoCall·집 Ver.,0,0
2026-09-13T00:36:02+08:00,OffLine,0,0
2026-09-13T00:36:02+08:00,VideoCall·집 Ver.,0,0
2026-09-13T00:36:13+08:00,OffLine,0,0
2026-09-13T00:36:13+08:00,VideoCall·집 Ver.,0,0
2026-09-13T00:36:24+08:00,OffLine,0,0
2026-09-13T00:36:24+08:00,VideoCall·집 Ver.,0,0
2026-09-13T00:36:35+08:00,OffLine,0,0
2026-09-13T00:36:35+08:00,VideoCall·집 Ver.,0,0
2026-09-13T00:36:46+08:00,OffLine,0,0
2026-09-13T00:36:46+08:00,VideoCall·집 Ver.,0,0
2026-09-13T00:37:11+08:00,OffLine,0,0
2026-09-13T00:37:11+08:00,VideoCall·집 Ver.,0,0
2026-09-13T00:37:22+08:00,OffLine,0,0
2026-09-13T00:37:22+08:00,VideoCall·집 Ver.,0,0
2026-09-13T00:37:33+08:00,OffLine,0,0
2026-09-13T00:37:33+08:00,VideoCall·집 Ver.,0,0
2026-09-13T00:37:44+08:00,OffLine,0,0
2026-09-13T00:37:44+08:00,VideoCall·집 Ver.,0,0
2026-09-13T00:37:55+08:00,OffLine,0,0
2026-09-13T00:37:55+08:00,VideoCall·집 Ver.,0,0
2026-09-13T00:38:21+08:00,OffLine,0,0
2026-09-13T00:38:21+08:00,VideoCall·집 Ver.,0,0
2026-09-13T00:38:32+08:00,OffLine,0,0
2026-09-13T00:38:32+08:00,VideoCall·집 Ver.,0,0
2026-09-13T00:38:43+08:00,OffLine,0,0
2026-09-13T00:38:43+08:00,VideoCall·집 Ver.,0,0
2026-09-13T00:38:54+08:00,OffLine,0,0
2026-09-13T00:38:54+08:00,VideoCall·집 Ver.,0,0
2026-09-13T00:39:05+08:00,OffLine,0,0
2026-09-13T00:39:05+08:00,VideoCall·집 Ver.,0,0
2026-09-13T00:39:31+08:00,OffLine,0,0
2026-09-13T00:39:31+08:00,VideoCall·집 Ver.,0,0
2026-09-13T00:39:42+08:00,OffLine,0,0
2026-09-13T00:39:42+08:00,VideoCall·집 Ver.,0,0
2026-09-13T00:39:52+08:00,OffLine,0,0
2026-09-13T00:39:52+08:00,VideoCall·집 Ver.,0,0
2026-09-13T00:40:03+08:00,OffLine,0,0
2026-09-13T00:40:03+08:00,VideoCall·집 Ver.,0,0
2026-09-13T00:40:14+08:00,OffLine,0,0
2026-09-13T00:40:14+08:00,VideoCall·집 Ver.,0,0
2026-09-13T00:40:41+08:00,OffLine,0,0
2026-09-13T00:40:41+08:00,VideoCall·집 Ver.,0,0
2026-09-13T00:40:52+08:00,OffLine,0,0
2026-09-13T00:40:52+08:00,VideoCall·집 Ver.,0,0
2026-09-13T00:41:03+08:00,OffLine,0,0
2026-09-13T00:41:03+08:00,VideoCall·집 Ver.,0,0
2026-09-13T00:41:14+08:00,OffLine,0,0
2026-09-13T00:41:14+08:00,VideoCall·집 Ver.,0,0
2026-09-13T00:41:24+08:00,OffLine,0,0
2026-09-13T00:41:24+08:00,VideoCall·집 Ver.,0,0
2026-09-13T00:41:51+08:00,OffLine,0,0
2026-09-13T00:41:51+08:00,VideoCall·집 Ver.,0,0
2026-09-13T00:42:02+08:00,OffLine,0,0
2026-09-13T00:42:02+08:00,VideoCall·집 Ver.,0,0
2026-09-13T00:42:13+08:00,OffLine,0,0
2026-09-13T00:42:13+08:00,VideoCall·집 Ver.,0,0
2026-09-13T00:42:23+08:00,OffLine,0,0
2026-09-13T00:42:23+08:00,VideoCall·집 Ver.,0,0
2026-09-13T00:42:34+08:00,OffLine,0,0
2026-09-13T00:42:34+08:00,VideoCall·집 Ver.,0,0
2026-09-13T00:43:01+08:00,OffLine,0,0
2026-09-13T00:43:01+08:00,VideoCall·집 Ver.,0,0
2026-09-13T00:43:11+08:00,OffLine,0,0
2026-09-13T00:43:11+08:00,VideoCall·집 Ver.,0,0
2026-09-13T00:43:23+08:00,OffLine,0,0
2026-09-13T00:43:23+08:00,VideoCall·집 Ver.,0,0
2026-09-13T00:43:33+08:00,OffLine,0,0
2026-09-13T00:43:33+08:00,VideoCall·집 Ver.,0,0
2026-09-13T00:43:44+08:00,OffLine,0,0
2026-09-13T00:43:44+08:00,VideoCall·집 Ver.,0,0
2026-09-13T00:44:11+08:00,OffLine,0,0
2026-09-13T00:44:11+08:00,VideoCall·집 Ver.,0,0
2026-09-13T00:44:21+08:00,OffLine,0,0
2026-09-13T00:44:21+08:00,VideoCall·집 Ver.,0,0
2026-09-13T00:44:32+08:00,OffLine,0,0
2026-09-13T00:44:32+08:00,VideoCall·집 Ver.,0,0
2026-09-13T00:44:43+08:00,OffLine,0,0
2026-09-13T00:44:43+08:00,VideoCall·집 Ver.,0,0
2026-09-13T00:44:54+08:00,OffLine,0,0
2026-09-13T00:44:54+08:00,VideoCall·집 Ver.,0,0
2026-09-13T00:45:20+08:00,OffLine,0,0
2026-09-13T00:45:20+08:00,VideoCall·집 Ver.,0,0
2026-09-13T00:45:31+08:00,OffLine,0,0
2026-09-13T00:45:31+08:00,VideoCall·집 Ver.,0,0
2026-09-13T00:45:42+08:00,OffLine,0,0
2026-09-13T00:45:42+08:00,VideoCall·집 Ver.,0,0
2026-09-13T00:45:52+08:00,OffLine,0,0
2026-09-13T00:45:52+08:00,VideoCall·집 Ver.,0,0
2026-09-13T00:46:03+08:00,OffLine,0,0
2026-09-13T00:46:03+08:00,VideoCall·집 Ver.,0,0
2026-09-13T00:46:14+08:00,OffLine,0,0
2026-09-13T00:46:14+08:00,VideoCall·집 Ver.,0,0
2026-09-13T00:46:40+08:00,OffLine,0,0
2026-09-13T00:46:40+08:00,VideoCall·집 Ver.,0,0
2026-09-13T00:46:51+08:00,OffLine,0,0
2026-09-13T00:46:51+08:00,VideoCall·집 Ver.,0,0
2026-09-13T00:47:02+08:00,OffLine,0,0
2026-09-13T00:47:02+08:00,VideoCall·집 Ver.,0,0
2026-09-13T00:47:13+08:00,OffLine,0,0
2026-09-13T00:47:13+08:00,VideoCall·집 Ver.,0,0
2026-09-13T00:47:24+08:00,OffLine,0,0
2026-09-13T00:47:24+08:00,VideoCall·집 Ver.,0,0
2026-09-13T00:47:50+08:00,OffLine,0,0
2026-09-13T00:47:50+08:00,VideoCall·집 Ver.,0,0
2026-09-13T00:48:01+08:00,OffLine,0,0
2026-09-13T00:48:01+08:00,VideoCall·집 Ver.,0,0
2026-09-13T00:48:12+08:00,OffLine,0,0
2026-09-13T00:48:12+08:00,VideoCall·집 Ver.,0,0
2026-09-13T00:48:22+08:00,OffLine,0,0
2026-09-13T00:48:22+08:00,VideoCall·집 Ver.,0,0
2026-09-13T00:48:33+08:00,OffLine,0,0
2026-09-13T00:48:33+08:00,VideoCall·집 Ver.,0,0
2026-09-13T00:49:00+08:00,OffLine,0,0
2026-09-13T00:49:00+08:00,VideoCall·집 Ver.,0,0
2026-09-13T00:49:11+08:00,OffLine,0,0
2026-09-13T00:49:11+08:00,VideoCall·집 Ver.,0,0
2026-09-13T00:49:22+08:00,OffLine,0,0
2026-09-13T00:49:22+08:00,VideoCall·집 Ver.,0,0
2026-09-13T00:49:33+08:00,OffLine,0,0
2026-09-13T00:49:33+08:00,VideoCall·집 Ver.,0,0
2026-09-13T00:49:43+08:00,OffLine,0,0
2026-09-13T00:49:43+08:00,VideoCall·집 Ver.,0,0
2026-09-13T00:50:09+08:00,OffLine,0,0
2026-09-13T00:50:09+08:00,VideoCall·집 Ver.,0,0
2026-09-13T00:50:20+08:00,OffLine,0,0
2026-09-13T00:50:20+08:00,VideoCall·집 Ver.,0,0
2026-09-13T00:50:30+08:00,OffLine,0,0
2026-09-13T00:50:30+08:00,VideoCall·집 Ver.,0,0
2026-09-13T00:50:41+08:00,OffLine,0,0
2026-09-13T00:50:41+08:00,VideoCall·집 Ver.,0,0
2026-09-13T00:50:52+08:00,OffLine,0,0
2026-09-13T00:50:52+08:00,VideoCall·집 Ver.,0,0
2026-09-13T00:51:02+08:00,OffLine,0,0
2026-09-13T00:51:02+08:00,VideoCall·집 Ver.,0,0
2026-09-13T00:51:28+08:00,OffLine,0,0
2026-09-13T00:51:28+08:00,VideoCall·집 Ver.,0,0
2026-09-13T00:51:39+08:00,OffLine,0,0
2026-09-13T00:51:39+08:00,VideoCall·집 Ver.,0,0
2026-09-13T00:51:49+08:00,OffLine,0,0
2026-09-13T00:51:49+08:00,VideoCall·집 Ver.,0,0
2026-09-13T00:52:00+08:00,OffLine,0,0
2026-09-13T00:52:00+08:00,VideoCall·집 Ver.,0,0
2026-09-13T00:52:10+08:00,OffLine,0,0
2026-09-13T00:52:10+08:00,VideoCall·집 Ver.,0,0
2026-09-13T00:52:21+08:00,OffLine,0,0
2026-09-13T00:52:21+08:00,VideoCall·집 Ver.,0,0
2026-09-13T00:52:48+08:00,OffLine,0,0
2026-09-13T00:52:48+08:00,VideoCall·집 Ver.,0,0
2026-09-13T00:52:58+08:00,OffLine,0,0
2026-09-13T00:52:58+08:00,VideoCall·집 Ver.,0,0
2026-09-13T00:53:09+08:00,OffLine,0,0
2026-09-13T00:53:09+08:00,VideoCall·집 Ver.,0,0
2026-09-13T00:53:19+08:00,OffLine,0,0
2026-09-13T00:53:19+08:00,VideoCall·집 Ver.,0,0
2026-09-13T00:53:30+08:00,OffLine,0,0
2026-09-13T00:53:30+08:00,VideoCall·집 Ver.,0,0
2026-09-13T00:53:40+08:00,OffLine,0,0
2026-09-13T00:53:40+08:00,VideoCall·집 Ver.,0,0
2026-09-13T00:54:08+08:00,OffLine,0,0
2026-09-13T00:54:08+08:00,VideoCall·집 Ver.,0,0
2026-09-13T00:54:19+08:00,OffLine,0,0
2026-09-13T00:54:19+08:00,VideoCall·집 Ver.,0,0
2026-09-13T00:54:29+08:00,OffLine,0,0
2026-09-13T00:54:29+08:00,VideoCall·집 Ver.,0,0
2026-09-13T00:54:40+08:00,OffLine,0,0
2026-09-13T00:54:40+08:00,VideoCall·집 Ver.,0,0
2026-09-13T00:54:51+08:00,OffLine,0,0
2026-09-13T00:54:51+08:00,VideoCall·집 Ver.,0,0
2026-09-13T00:55:17+08:00,OffLine,0,0
2026-09-13T00:55:17+08:00,VideoCall·집 Ver.,0,0
2026-09-13T00:55:28+08:00,OffLine,0,0
2026-09-13T00:55:28+08:00,VideoCall·집 Ver.,0,0
2026-09-13T00:55:39+08:00,OffLine,0,0
2026-09-13T00:55:39+08:00,VideoCall·집 Ver.,0,0
2026-09-13T00:55:50+08:00,OffLine,0,0
2026-09-13T00:55:50+08:00,VideoCall·집 Ver.,0,0
2026-09-13T00:56:01+08:00,OffLine,0,0
2026-09-13T00:56:01+08:00,VideoCall·집 Ver.,0,0
2026-09-13T00:56:26+08:00,OffLine,0,0
2026-09-13T00:56:26+08:00,VideoCall·집 Ver.,0,0
2026-09-13T00:56:37+08:00,OffLine,0,0
2026-09-13T00:56:37+08:00,VideoCall·집 Ver.,0,0
2026-09-13T00:56:48+08:00,OffLine,0,0
2026-09-13T00:56:48+08:00,VideoCall·집 Ver.,0,0
2026-09-13T00:56:59+08:00,OffLine,0,0
2026-09-13T00:56:59+08:00,VideoCall·집 Ver.,0,0
2026-09-13T00:57:10+08:00,OffLine,0,0
2026-09-13T00:57:10+08:00,VideoCall·집 Ver.,0,0
2026-09-13T00:57:36+08:00,OffLine,0,0
2026-09-13T00:57:36+08:00,VideoCall·집 Ver.,0,0
2026-09-13T00:57:47+08:00,OffLine,0,0
2026-09-13T00:57:47+08:00,VideoCall·집 Ver.,0,0
2026-09-13T00:57:57+08:00,OffLine,0,0
2026-09-13T00:57:57+08:00,VideoCall·집 Ver.,0,0
2026-09-13T00:58:07+08:00,OffLine,0,0
2026-09-13T00:58:07+08:00,VideoCall·집 Ver.,0,0
2026-09-13T00:58:18+08:00,OffLine,0,0
2026-09-13T00:58:18+08:00,VideoCall·집 Ver.,0,0
2026-09-13T00:58:28+08:00,OffLine,0,0
2026-09-13T00:58:28+08:00,VideoCall·집 Ver.,0,0
2026-09-13T00:58:55+08:00,OffLine,0,0
2026-09-13T00:58:55+08:00,VideoCall·집 Ver.,0,0
2026-09-13T00:59:05+08:00,OffLine,0,0
2026-09-13T00:59:05+08:00,VideoCall·집 Ver.,0,0
2026-09-13T00:59:16+08:00,OffLine,0,0
2026-09-13T00:59:16+08:00,VideoCall·집 Ver.,0,0
2026-09-13T00:59:27+08:00,OffLine,0,0
2026-09-13T00:59:27+08:00,VideoCall·집 Ver.,0,0
2026-09-13T00:59:38+08:00,OffLine,0,0
2026-09-13T00:59:38+08:00,VideoCall·집 Ver.,0,0
2026-09-13T01:00:05+08:00,OffLine,0,0
2026-09-13T01:00:05+08:00,VideoCall·집 Ver.,0,0
2026-09-13T01:00:16+08:00,OffLine,0,0
2026-09-13T01:00:16+08:00,VideoCall·집 Ver.,0,0
2026-09-13T01:00:27+08:00,OffLine,0,0
2026-09-13T01:00:27+08:00,VideoCall·집 Ver.,0,0
2026-09-13T01:00:37+08:00,OffLine,0,0
2026-09-13T01:00:37+08:00,VideoCall·집 Ver.,0,0
2026-09-13T01:00:48+08:00,OffLine,0,0
2026-09-13T01:00:48+08:00,VideoCall·집 Ver.,0,0
2026-09-13T01:01:14+08:00,OffLine,0,0
2026-09-13T01:01:14+08:00,VideoCall·집 Ver.,0,0
2026-09-13T01:01:25+08:00,OffLine,0,0
2026-09-13T01:01:25+08:00,VideoCall·집 Ver.,0,0
2026-09-13T01:01:36+08:00,OffLine,0,0
2026-09-13T01:01:36+08:00,VideoCall·집 Ver.,0,0
2026-09-13T01:01:47+08:00,OffLine,0,0
2026-09-13T01:01:47+08:00,VideoCall·집 Ver.,0,0
2026-09-13T01:01:58+08:00,OffLine,0,0
2026-09-13T01:01:58+08:00,VideoCall·집 Ver.,0,0
2026-09-13T01:02:24+08:00,OffLine,0,0
2026-09-13T01:02:24+08:00,VideoCall·집 Ver.,0,0
2026-09-13T01:02:35+08:00,OffLine,0,0
2026-09-13T01:02:35+08:00,VideoCall·집 Ver.,0,0
2026-09-13T01:02:45+08:00,OffLine,0,0
2026-09-13T01:02:45+08:00,VideoCall·집 Ver.,0,0
2026-09-13T01:02:55+08:00,OffLine,0,0
2026-09-13T01:02:55+08:00,VideoCall·집 Ver.,0,0
2026-09-13T01:03:06+08:00,OffLine,0,0
2026-09-13T01:03:06+08:00,VideoCall·집 Ver.,0,0
2026-09-13T01:03:16+08:00,OffLine,0,0
2026-09-13T01:03:16+08:00,VideoCall·집 Ver.,0,0
2026-09-13T01:03:43+08:00,OffLine,0,0
2026-09-13T01:03:43+08:00,VideoCall·집 Ver.,0,0
2026-09-13T01:03:54+08:00,OffLine,0,0
2026-09-13T01:03:54+08:00,VideoCall·집 Ver.,0,0
2026-09-13T01:04:04+08:00,OffLine,0,0
2026-09-13T01:04:04+08:00,VideoCall·집 Ver.,0,0
2026-09-13T01:04:15+08:00,OffLine,0,0
2026-09-13T01:04:15+08:00,VideoCall·집 Ver.,0,0
2026-09-13T01:04:26+08:00,OffLine,0,0
2026-09-13T01:04:26+08:00,VideoCall·집 Ver.,0,0
2026-09-13T01:04:53+08:00,OffLine,0,0
2026-09-13T01:04:53+08:00,VideoCall·집 Ver.,0,0
2026-09-13T01:05:03+08:00,OffLine,0,0
2026-09-13T01:05:03+08:00,VideoCall·집 Ver.,0,0
2026-09-13T01:05:14+08:00,OffLine,0,0
2026-09-13T01:05:14+08:00,VideoCall·집 Ver.,0,0
2026-09-13T01:05:25+08:00,OffLine,0,0
2026-09-13T01:05:25+08:00,VideoCall·집 Ver.,0,0
2026-09-13T01:05:36+08:00,OffLine,0,0
2026-09-13T01:05:36+08:00,VideoCall·집 Ver.,0,0
2026-09-13T01:06:03+08:00,OffLine,0,0
2026-09-13T01:06:03+08:00,VideoCall·집 Ver.,0,0
2026-09-13T01:06:14+08:00,OffLine,0,0
2026-09-13T01:06:14+08:00,VideoCall·집 Ver.,0,0
2026-09-13T01:06:25+08:00,OffLine,0,0
2026-09-13T01:06:25+08:00,VideoCall·집 Ver.,0,0
2026-09-13T01:06:35+08:00,OffLine,0,0
2026-09-13T01:06:35+08:00,VideoCall·집 Ver.,0,0
2026-09-13T01:06:46+08:00,OffLine,0,0
2026-09-13T01:06:46+08:00,VideoCall·집 Ver.,0,0
2026-09-13T01:07:12+08:00,OffLine,0,0
2026-09-13T01:07:12+08:00,VideoCall·집 Ver.,0,0
2026-09-13T01:07:24+08:00,OffLine,0,0
2026-09-13T01:07:24+08:00,VideoCall·집 Ver.,0,0
2026-09-13T01:07:35+08:00,OffLine,0,0
2026-09-13T01:07:35+08:00,VideoCall·집 Ver.,0,0
2026-09-13T01:07:46+08:00,OffLine,0,0
2026-09-13T01:07:46+08:00,VideoCall·집 Ver.,0,0
2026-09-13T01:07:56+08:00,OffLine,0,0
2026-09-13T01:07:56+08:00,VideoCall·집 Ver.,0,0
2026-09-13T01:08:22+08:00,OffLine,0,0
2026-09-13T01:08:22+08:00,VideoCall·집 Ver.,0,0
2026-09-13T01:08:32+08:00,OffLine,0,0
2026-09-13T01:08:32+08:00,VideoCall·집 Ver.,0,0
2026-09-13T01:08:43+08:00,OffLine,0,0
2026-09-13T01:08:43+08:00,VideoCall·집 Ver.,0,0
2026-09-13T01:08:54+08:00,OffLine,0,0
2026-09-13T01:08:54+08:00,VideoCall·집 Ver.,0,0
2026-09-13T01:09:04+08:00,OffLine,0,0
2026-09-13T01:09:04+08:00,VideoCall·집 Ver.,0,0
2026-09-13T01:09:15+08:00,OffLine,0,0
2026-09-13T01:09:15+08:00,VideoCall·집 Ver.,0,0
2026-09-13T01:09:41+08:00,OffLine,0,0
2026-09-13T01:09:41+08:00,VideoCall·집 Ver.,0,0
2026-09-13T01:09:51+08:00,OffLine,0,0
2026-09-13T01:09:51+08:00,VideoCall·집 Ver.,0,0
2026-09-13T01:10:02+08:00,OffLine,0,0
2026-09-13T01:10:02+08:00,VideoCall·집 Ver.,0,0
2026-09-13T01:10:13+08:00,OffLine,0,0
2026-09-13T01:10:13+08:00,VideoCall·집 Ver.,0,0
2026-09-13T01:10:47+08:00,OffLine,0,0
2026-09-13T01:10:47+08:00,VideoCall·집 Ver.,0,0
2026-09-13T01:10:58+08:00,OffLine,0,0
2026-09-13T01:10:58+08:00,VideoCall·집 Ver.,0,0
2026-09-13T01:11:09+08:00,OffLine,0,0
2026-09-13T01:11:09+08:00,VideoCall·집 Ver.,0,0
2026-09-13T01:11:19+08:00,OffLine,0,0
2026-09-13T01:11:19+08:00,VideoCall·집 Ver.,0,0
2026-09-13T01:11:30+08:00,OffLine,0,0
2026-09-13T01:11:30+08:00,VideoCall·집 Ver.,0,0
2026-09-13T01:11:40+08:00,OffLine,0,0
2026-09-13T01:11:40+08:00,VideoCall·집 Ver.,0,0
2026-09-13T01:11:51+08:00,OffLine,0,0
2026-09-13T01:11:51+08:00,VideoCall·집 Ver.,0,0
2026-09-13T01:12:16+08:00,OffLine,0,0
2026-09-13T01:12:16+08:00,VideoCall·집 Ver.,0,0
2026-09-13T01:12:26+08:00,OffLine,0,0
2026-09-13T01:12:26+08:00,VideoCall·집 Ver.,0,0
2026-09-13T01:12:37+08:00,OffLine,0,0
2026-09-13T01:12:37+08:00,VideoCall·집 Ver.,0,0
2026-09-13T01:12:47+08:00,OffLine,0,0
2026-09-13T01:12:47+08:00,VideoCall·집 Ver.,0,0
2026-09-13T01:12:58+08:00,OffLine,0,0
2026-09-13T01:12:58+08:00,VideoCall·집 Ver.,0,0
2026-09-13T01:13:09+08:00,OffLine,0,0
2026-09-13T01:13:09+08:00,VideoCall·집 Ver.,0,0
2026-09-13T01:13:35+08:00,OffLine,0,0
2026-09-13T01:13:35+08:00,VideoCall·집 Ver.,0,0
2026-09-13T01:13:45+08:00,OffLine,0,0
2026-09-13T01:13:45+08:00,VideoCall·집 Ver.,0,0
2026-09-13T01:13:56+08:00,OffLine,0,0
2026-09-13T01:13:56+08:00,VideoCall·집 Ver.,0,0
2026-09-13T01:14:06+08:00,OffLine,0,0
2026-09-13T01:14:06+08:00,VideoCall·집 Ver.,0,0
2026-09-13T01:14:17+08:00,OffLine,0,0
2026-09-13T01:14:17+08:00,VideoCall·집 Ver.,0,0
2026-09-13T01:14:28+08:00,OffLine,0,0
2026-09-13T01:14:28+08:00,VideoCall·집 Ver.,0,0
2026-09-13T01:14:54+08:00,OffLine,0,0
2026-09-13T01:14:54+08:00,VideoCall·집 Ver.,0,0
2026-09-13T01:15:04+08:00,OffLine,0,0
2026-09-13T01:15:04+08:00,VideoCall·집 Ver.,0,0
2026-09-13T01:15:15+08:00,OffLine,0,0
2026-09-13T01:15:15+08:00,VideoCall·집 Ver.,0,0
2026-09-13T01:15:25+08:00,OffLine,0,0
2026-09-13T01:15:25+08:00,VideoCall·집 Ver.,0,0
2026-09-13T01:15:36+08:00,OffLine,0,0
2026-09-13T01:15:36+08:00,VideoCall·집 Ver.,0,0
2026-09-13T01:15:46+08:00,OffLine,0,0
2026-09-13T01:15:46+08:00,VideoCall·집 Ver.,0,0
2026-09-13T01:16:11+08:00,OffLine,0,0
2026-09-13T01:16:11+08:00,VideoCall·집 Ver.,0,0
2026-09-13T01:16:21+08:00,OffLine,0,0
2026-09-13T01:16:21+08:00,VideoCall·집 Ver.,0,0
2026-09-13T01:16:32+08:00,OffLine,0,0
2026-09-13T01:16:32+08:00,VideoCall·집 Ver.,0,0
2026-09-13T01:16:42+08:00,OffLine,0,0
2026-09-13T01:16:42+08:00,VideoCall·집 Ver.,0,0
2026-09-13T01:16:53+08:00,OffLine,0,0
2026-09-13T01:16:53+08:00,VideoCall·집 Ver.,0,0
2026-09-13T01:17:03+08:00,OffLine,0,0
2026-09-13T01:17:03+08:00,VideoCall·집 Ver.,0,0
2026-09-13T01:17:29+08:00,OffLine,0,0
2026-09-13T01:17:29+08:00,VideoCall·집 Ver.,0,0
2026-09-13T01:17:40+08:00,OffLine,0,0
2026-09-13T01:17:40+08:00,VideoCall·집 Ver.,0,0
2026-09-13T01:17:50+08:00,OffLine,0,0
2026-09-13T01:17:50+08:00,VideoCall·집 Ver.,0,0
2026-09-13T01:18:01+08:00,OffLine,0,0
2026-09-13T01:18:01+08:00,VideoCall·집 Ver.,0,0
2026-09-13T01:18:11+08:00,OffLine,0,0
2026-09-13T01:18:11+08:00,VideoCall·집 Ver.,0,0
2026-09-13T01:18:21+08:00,OffLine,0,0
2026-09-13T01:18:21+08:00,VideoCall·집 Ver.,0,0
2026-09-13T01:18:47+08:00,OffLine,0,0
2026-09-13T01:18:47+08:00,VideoCall·집 Ver.,0,0
2026-09-13T01:18:58+08:00,OffLine,0,0
2026-09-13T01:18:58+08:00,VideoCall·집 Ver.,0,0
2026-09-13T01:19:08+08:00,OffLine,0,0
2026-09-13T01:19:08+08:00,VideoCall·집 Ver.,0,0
2026-09-13T01:19:19+08:00,OffLine,0,0
2026-09-13T01:19:19+08:00,VideoCall·집 Ver.,0,0
2026-09-13T01:19:30+08:00,OffLine,0,0
2026-09-13T01:19:30+08:00,VideoCall·집 Ver.,0,0
2026-09-13T01:19:40+08:00,OffLine,0,0
2026-09-13T01:19:40+08:00,VideoCall·집 Ver.,0,0
2026-09-13T01:20:05+08:00,OffLine,0,0
2026-09-13T01:20:05+08:00,VideoCall·집 Ver.,0,0
2026-09-13T01:20:15+08:00,OffLine,0,0
2026-09-13T01:20:15+08:00,VideoCall·집 Ver.,0,0
2026-09-13T01:20:26+08:00,OffLine,0,0
2026-09-13T01:20:26+08:00,VideoCall·집 Ver.,0,0
2026-09-13T01:20:37+08:00,OffLine,0,0
2026-09-13T01:20:37+08:00,VideoCall·집 Ver.,0,0
2026-09-13T01:20:47+08:00,OffLine,0,0
2026-09-13T01:20:47+08:00,VideoCall·집 Ver.,0,0
2026-09-13T01:20:58+08:00,OffLine,0,0
2026-09-13T01:20:58+08:00,VideoCall·집 Ver.,0,0
2026-09-13T01:21:24+08:00,OffLine,0,0
2026-09-13T01:21:24+08:00,VideoCall·집 Ver.,0,0
2026-09-13T01:21:35+08:00,OffLine,0,0
2026-09-13T01:21:35+08:00,VideoCall·집 Ver.,0,0
2026-09-13T01:21:45+08:00,OffLine,0,0
2026-09-13T01:21:45+08:00,VideoCall·집 Ver.,0,0
2026-09-13T01:21:56+08:00,OffLine,0,0
2026-09-13T01:21:56+08:00,VideoCall·집 Ver.,0,0
2026-09-13T01:22:06+08:00,OffLine,0,0
2026-09-13T01:22:06+08:00,VideoCall·집 Ver.,0,0
2026-09-13T01:22:17+08:00,OffLine,0,0
2026-09-13T01:22:17+08:00,VideoCall·집 Ver.,0,0
2026-09-13T01:22:42+08:00,OffLine,0,0
2026-09-13T01:22:42+08:00,VideoCall·집 Ver.,0,0
2026-09-13T01:22:53+08:00,OffLine,0,0
2026-09-13T01:22:53+08:00,VideoCall·집 Ver.,0,0
2026-09-13T01:23:03+08:00,OffLine,0,0
2026-09-13T01:23:03+08:00,VideoCall·집 Ver.,0,0
2026-09-13T01:23:14+08:00,OffLine,0,0
2026-09-13T01:23:14+08:00,VideoCall·집 Ver.,0,0
2026-09-13T01:23:25+08:00,OffLine,0,0
2026-09-13T01:23:25+08:00,VideoCall·집 Ver.,0,0
2026-09-13T01:23:35+08:00,OffLine,0,0
2026-09-13T01:23:35+08:00,VideoCall·집 Ver.,0,0
2026-09-13T01:24:01+08:00,OffLine,0,0
2026-09-13T01:24:01+08:00,VideoCall·집 Ver.,0,0
2026-09-13T01:24:11+08:00,OffLine,0,0
2026-09-13T01:24:11+08:00,VideoCall·집 Ver.,0,0
2026-09-13T01:24:22+08:00,OffLine,0,0
2026-09-13T01:24:22+08:00,VideoCall·집 Ver.,0,0
2026-09-13T01:24:32+08:00,OffLine,0,0
2026-09-13T01:24:32+08:00,VideoCall·집 Ver.,0,0
2026-09-13T01:24:42+08:00,OffLine,0,0
2026-09-13T01:24:42+08:00,VideoCall·집 Ver.,0,0
2026-09-13T01:24:53+08:00,OffLine,0,0
2026-09-13T01:24:53+08:00,VideoCall·집 Ver.,0,0
2026-09-13T01:25:19+08:00,OffLine,0,0
2026-09-13T01:25:19+08:00,VideoCall·집 Ver.,0,0
2026-09-13T01:25:29+08:00,OffLine,0,0
2026-09-13T01:25:29+08:00,VideoCall·집 Ver.,0,0
2026-09-13T01:25:40+08:00,OffLine,0,0
2026-09-13T01:25:40+08:00,VideoCall·집 Ver.,0,0
2026-09-13T01:25:50+08:00,OffLine,0,0
2026-09-13T01:25:50+08:00,VideoCall·집 Ver.,0,0
2026-09-13T01:26:01+08:00,OffLine,0,0
2026-09-13T01:26:01+08:00,VideoCall·집 Ver.,0,0
2026-09-13T01:26:11+08:00,OffLine,0,0
2026-09-13T01:26:11+08:00,VideoCall·집 Ver.,0,0
2026-09-13T01:26:38+08:00,OffLine,0,0
2026-09-13T01:26:38+08:00,VideoCall·집 Ver.,0,0
2026-09-13T01:26:48+08:00,OffLine,0,0
2026-09-13T01:26:48+08:00,VideoCall·집 Ver.,0,0
2026-09-13T01:26:59+08:00,OffLine,0,0
2026-09-13T01:26:59+08:00,VideoCall·집 Ver.,0,0
2026-09-13T01:27:09+08:00,OffLine,0,0
2026-09-13T01:27:09+08:00,VideoCall·집 Ver.,0,0
2026-09-13T01:27:20+08:00,OffLine,0,0
2026-09-13T01:27:20+08:00,VideoCall·집 Ver.,0,0
2026-09-13T01:27:31+08:00,OffLine,0,0
2026-09-13T01:27:31+08:00,VideoCall·집 Ver.,0,0
2026-09-13T01:27:56+08:00,OffLine,0,0
2026-09-13T01:27:56+08:00,VideoCall·집 Ver.,0,0
2026-09-13T01:28:07+08:00,OffLine,0,0
2026-09-13T01:28:07+08:00,VideoCall·집 Ver.,0,0
2026-09-13T01:28:17+08:00,OffLine,0,0
2026-09-13T01:28:17+08:00,VideoCall·집 Ver.,0,0
2026-09-13T01:28:28+08:00,OffLine,0,0
2026-09-13T01:28:28+08:00,VideoCall·집 Ver.,0,0
2026-09-13T01:28:39+08:00,OffLine,0,0
2026-09-13T01:28:39+08:00,VideoCall·집 Ver.,0,0
2026-09-13T01:28:49+08:00,OffLine,0,0
2026-09-13T01:28:49+08:00,VideoCall·집 Ver.,0,0
2026-09-13T01:29:14+08:00,OffLine,0,0
2026-09-13T01:29:14+08:00,VideoCall·집 Ver.,0,0
2026-09-13T01:29:25+08:00,OffLine,0,0
2026-09-13T01:29:25+08:00,VideoCall·집 Ver.,0,0
2026-09-13T01:29:35+08:00,OffLine,0,0
2026-09-13T01:29:35+08:00,VideoCall·집 Ver.,0,0
2026-09-13T01:29:46+08:00,OffLine,0,0
2026-09-13T01:29:46+08:00,VideoCall·집 Ver.,0,0
2026-09-13T01:29:56+08:00,OffLine,0,0
2026-09-13T01:29:56+08:00,VideoCall·집 Ver.,0,0
2026-09-13T01:30:06+08:00,OffLine,0,0
2026-09-13T01:30:06+08:00,VideoCall·집 Ver.,0,0
2026-09-13T01:30:32+08:00,OffLine,0,0
2026-09-13T01:30:32+08:00,VideoCall·집 Ver.,0,0
2026-09-13T01:30:43+08:00,OffLine,0,0
2026-09-13T01:30:43+08:00,VideoCall·집 Ver.,0,0
2026-09-13T01:30:54+08:00,OffLine,0,0
2026-09-13T01:30:54+08:00,VideoCall·집 Ver.,0,0
2026-09-13T01:31:04+08:00,OffLine,0,0
2026-09-13T01:31:04+08:00,VideoCall·집 Ver.,0,0
2026-09-13T01:31:15+08:00,OffLine,0,0
2026-09-13T01:31:15+08:00,VideoCall·집 Ver.,0,0
2026-09-13T01:31:25+08:00,OffLine,0,0
2026-09-13T01:31:25+08:00,VideoCall·집 Ver.,0,0
2026-09-13T01:31:54+08:00,OffLine,0,0
2026-09-13T01:31:54+08:00,VideoCall·집 Ver.,0,0
2026-09-13T01:32:04+08:00,OffLine,0,0
2026-09-13T01:32:04+08:00,VideoCall·집 Ver.,0,0
2026-09-13T01:32:15+08:00,OffLine,0,0
2026-09-13T01:32:15+08:00,VideoCall·집 Ver.,0,0
2026-09-13T01:32:25+08:00,OffLine,0,0
2026-09-13T01:32:25+08:00,VideoCall·집 Ver.,0,0
2026-09-13T01:32:35+08:00,OffLine,0,0
2026-09-13T01:32:35+08:00,VideoCall·집 Ver.,0,0
2026-09-13T01:33:00+08:00,OffLine,0,0
2026-09-13T01:33:00+08:00,VideoCall·집 Ver.,0,0
2026-09-13T01:33:10+08:00,OffLine,0,0
2026-09-13T01:33:10+08:00,VideoCall·집 Ver.,0,0
2026-09-13T01:33:21+08:00,OffLine,0,0
2026-09-13T01:33:21+08:00,VideoCall·집 Ver.,0,0
2026-09-13T01:33:32+08:00,OffLine,0,0
2026-09-13T01:33:32+08:00,VideoCall·집 Ver.,0,0
2026-09-13T01:33:42+08:00,OffLine,0,0
2026-09-13T01:33:42+08:00,VideoCall·집 Ver.,0,0
2026-09-13T01:33:53+08:00,OffLine,0,0
2026-09-13T01:33:53+08:00,VideoCall·집 Ver.,0,0
2026-09-13T01:34:19+08:00,OffLine,0,0
2026-09-13T01:34:19+08:00,VideoCall·집 Ver.,0,0
2026-09-13T01:34:29+08:00,OffLine,0,0
2026-09-13T01:34:29+08:00,VideoCall·집 Ver.,0,0
2026-09-13T01:34:39+08:00,OffLine,0,0
2026-09-13T01:34:39+08:00,VideoCall·집 Ver.,0,0
2026-09-13T01:34:50+08:00,OffLine,0,0
2026-09-13T01:34:50+08:00,VideoCall·집 Ver.,0,0
2026-09-13T01:35:00+08:00,OffLine,0,0
2026-09-13T01:35:00+08:00,VideoCall·집 Ver.,0,0
2026-09-13T01:35:11+08:00,OffLine,0,0
2026-09-13T01:35:11+08:00,VideoCall·집 Ver.,0,0
2026-09-13T01:35:36+08:00,OffLine,0,0
2026-09-13T01:35:36+08:00,VideoCall·집 Ver.,0,0
2026-09-13T01:35:47+08:00,OffLine,0,0
2026-09-13T01:35:47+08:00,VideoCall·집 Ver.,0,0
2026-09-13T01:35:57+08:00,OffLine,0,0
2026-09-13T01:35:57+08:00,VideoCall·집 Ver.,0,0
2026-09-13T01:36:08+08:00,OffLine,0,0
2026-09-13T01:36:08+08:00,VideoCall·집 Ver.,0,0
2026-09-13T01:36:19+08:00,OffLine,0,0
2026-09-13T01:36:19+08:00,VideoCall·집 Ver.,0,0
2026-09-13T01:36:30+08:00,OffLine,0,0
2026-09-13T01:36:30+08:00,VideoCall·집 Ver.,0,0
2026-09-13T01:36:55+08:00,OffLine,0,0
2026-09-13T01:36:55+08:00,VideoCall·집 Ver.,0,0
2026-09-13T01:37:05+08:00,OffLine,0,0
2026-09-13T01:37:05+08:00,VideoCall·집 Ver.,0,0
2026-09-13T01:37:16+08:00,OffLine,0,0
2026-09-13T01:37:16+08:00,VideoCall·집 Ver.,0,0
2026-09-13T01:37:26+08:00,OffLine,0,0
2026-09-13T01:37:26+08:00,VideoCall·집 Ver.,0,0
2026-09-13T01:37:37+08:00,OffLine,0,0
2026-09-13T01:37:37+08:00,VideoCall·집 Ver.,0,0
2026-09-13T01:37:47+08:00,OffLine,0,0
2026-09-13T01:37:47+08:00,VideoCall·집 Ver.,0,0
2026-09-13T01:38:13+08:00,OffLine,0,0
2026-09-13T01:38:13+08:00,VideoCall·집 Ver.,0,0
2026-09-13T01:38:24+08:00,OffLine,0,0
2026-09-13T01:38:24+08:00,VideoCall·집 Ver.,0,0
2026-09-13T01:38:34+08:00,OffLine,0,0
2026-09-13T01:38:34+08:00,VideoCall·집 Ver.,0,0
2026-09-13T01:38:45+08:00,OffLine,0,0
2026-09-13T01:38:45+08:00,VideoCall·집 Ver.,0,0
2026-09-13T01:38:56+08:00,OffLine,0,0
2026-09-13T01:38:56+08:00,VideoCall·집 Ver.,0,0
2026-09-13T01:39:06+08:00,OffLine,0,0
2026-09-13T01:39:06+08:00,VideoCall·집 Ver.,0,0
2026-09-13T01:39:32+08:00,OffLine,0,0
2026-09-13T01:39:32+08:00,VideoCall·집 Ver.,0,0
2026-09-13T01:39:43+08:00,OffLine,0,0
2026-09-13T01:39:43+08:00,VideoCall·집 Ver.,0,0
2026-09-13T01:39:53+08:00,OffLine,0,0
2026-09-13T01:39:53+08:00,VideoCall·집 Ver.,0,0
2026-09-13T01:40:03+08:00,OffLine,0,0
2026-09-13T01:40:03+08:00,VideoCall·집 Ver.,0,0
2026-09-13T01:40:14+08:00,OffLine,0,0
2026-09-13T01:40:14+08:00,VideoCall·집 Ver.,0,0
2026-09-13T01:40:24+08:00,OffLine,0,0
2026-09-13T01:40:24+08:00,VideoCall·집 Ver.,0,0
2026-09-13T01:40:50+08:00,OffLine,0,0
2026-09-13T01:40:50+08:00,VideoCall·집 Ver.,0,0
2026-09-13T01:41:00+08:00,OffLine,0,0
2026-09-13T01:41:00+08:00,VideoCall·집 Ver.,0,0
2026-09-13T01:41:11+08:00,OffLine,0,0
2026-09-13T01:41:11+08:00,VideoCall·집 Ver.,0,0
2026-09-13T01:41:21+08:00,OffLine,0,0
2026-09-13T01:41:21+08:00,VideoCall·집 Ver.,0,0
2026-09-13T01:41:32+08:00,OffLine,0,0
2026-09-13T01:41:32+08:00,VideoCall·집 Ver.,0,0
2026-09-13T01:41:43+08:00,OffLine,0,0
2026-09-13T01:41:43+08:00,VideoCall·집 Ver.,0,0
2026-09-13T01:42:09+08:00,OffLine,0,0
2026-09-13T01:42:09+08:00,VideoCall·집 Ver.,0,0
2026-09-13T01:42:19+08:00,OffLine,0,0
2026-09-13T01:42:19+08:00,VideoCall·집 Ver.,0,0
2026-09-13T01:42:30+08:00,OffLine,0,0
2026-09-13T01:42:30+08:00,VideoCall·집 Ver.,0,0
2026-09-13T01:42:40+08:00,OffLine,0,0
2026-09-13T01:42:40+08:00,VideoCall·집 Ver.,0,0
2026-09-13T01:42:50+08:00,OffLine,0,0
2026-09-13T01:42:50+08:00,VideoCall·집 Ver.,0,0
2026-09-13T01:43:01+08:00,OffLine,0,0
2026-09-13T01:43:01+08:00,VideoCall·집 Ver.,0,0
2026-09-13T01:43:27+08:00,OffLine,0,0
2026-09-13T01:43:27+08:00,VideoCall·집 Ver.,0,0
2026-09-13T01:43:38+08:00,OffLine,0,0
2026-09-13T01:43:38+08:00,VideoCall·집 Ver.,0,0
2026-09-13T01:43:48+08:00,OffLine,0,0
2026-09-13T01:43:48+08:00,VideoCall·집 Ver.,0,0
2026-09-13T01:43:59+08:00,OffLine,0,0
2026-09-13T01:43:59+08:00,VideoCall·집 Ver.,0,0
2026-09-13T01:44:10+08:00,OffLine,0,0
2026-09-13T01:44:10+08:00,VideoCall·집 Ver.,0,0
2026-09-13T01:44:36+08:00,OffLine,0,0
2026-09-13T01:44:36+08:00,VideoCall·집 Ver.,0,0
2026-09-13T01:44:46+08:00,OffLine,0,0
2026-09-13T01:44:46+08:00,VideoCall·집 Ver.,0,0
2026-09-13T01:44:56+08:00,OffLine,0,0
2026-09-13T01:44:56+08:00,VideoCall·집 Ver.,0,0
2026-09-13T01:45:07+08:00,OffLine,0,0
2026-09-13T01:45:07+08:00,VideoCall·집 Ver.,0,0
2026-09-13T01:45:17+08:00,OffLine,0,0
2026-09-13T01:45:17+08:00,VideoCall·집 Ver.,0,0
2026-09-13T01:45:29+08:00,OffLine,0,0
2026-09-13T01:45:29+08:00,VideoCall·집 Ver.,0,0
2026-09-13T01:45:54+08:00,OffLine,0,0
2026-09-13T01:45:54+08:00,VideoCall·집 Ver.,0,0
2026-09-13T01:46:05+08:00,OffLine,0,0
2026-09-13T01:46:05+08:00,VideoCall·집 Ver.,0,0
2026-09-13T01:46:16+08:00,OffLine,0,0
2026-09-13T01:46:16+08:00,VideoCall·집 Ver.,0,0
2026-09-13T01:46:26+08:00,OffLine,0,0
2026-09-13T01:46:26+08:00,VideoCall·집 Ver.,0,0
2026-09-13T01:46:36+08:00,OffLine,0,0
2026-09-13T01:46:36+08:00,VideoCall·집 Ver.,0,0
2026-09-13T01:46:47+08:00,OffLine,0,0
2026-09-13T01:46:47+08:00,VideoCall·집 Ver.,0,0
2026-09-13T01:47:13+08:00,OffLine,0,0
2026-09-13T01:47:13+08:00,VideoCall·집 Ver.,0,0
2026-09-13T01:47:24+08:00,OffLine,0,0
2026-09-13T01:47:24+08:00,VideoCall·집 Ver.,0,0
2026-09-13T01:47:34+08:00,OffLine,0,0
2026-09-13T01:47:34+08:00,VideoCall·집 Ver.,0,0
2026-09-13T01:47:45+08:00,OffLine,0,0
2026-09-13T01:47:45+08:00,VideoCall·집 Ver.,0,0
2026-09-13T01:47:55+08:00,OffLine,0,0
2026-09-13T01:47:55+08:00,VideoCall·집 Ver.,0,0
2026-09-13T01:48:06+08:00,OffLine,0,0
2026-09-13T01:48:06+08:00,VideoCall·집 Ver.,0,0
2026-09-13T01:48:32+08:00,OffLine,0,0
2026-09-13T01:48:32+08:00,VideoCall·집 Ver.,0,0
2026-09-13T01:48:43+08:00,OffLine,0,0
2026-09-13T01:48:43+08:00,VideoCall·집 Ver.,0,0
2026-09-13T01:48:53+08:00,OffLine,0,0
2026-09-13T01:48:53+08:00,VideoCall·집 Ver.,0,0
2026-09-13T01:49:03+08:00,OffLine,0,0
2026-09-13T01:49:03+08:00,VideoCall·집 Ver.,0,0
2026-09-13T01:49:14+08:00,OffLine,0,0
2026-09-13T01:49:14+08:00,VideoCall·집 Ver.,0,0
2026-09-13T01:49:24+08:00,OffLine,0,0
2026-09-13T01:49:24+08:00,VideoCall·집 Ver.,0,0
2026-09-13T01:49:49+08:00,OffLine,0,0
2026-09-13T01:49:49+08:00,VideoCall·집 Ver.,0,0
2026-09-13T01:49:59+08:00,OffLine,0,0
2026-09-13T01:49:59+08:00,VideoCall·집 Ver.,0,0
2026-09-13T01:50:10+08:00,OffLine,0,0
2026-09-13T01:50:10+08:00,VideoCall·집 Ver.,0,0
2026-09-13T01:50:21+08:00,OffLine,0,0
2026-09-13T01:50:21+08:00,VideoCall·집 Ver.,0,0
2026-09-13T01:50:31+08:00,OffLine,0,0
2026-09-13T01:50:31+08:00,VideoCall·집 Ver.,0,0
2026-09-13T01:50:41+08:00,OffLine,0,0
2026-09-13T01:50:41+08:00,VideoCall·집 Ver.,0,0
2026-09-13T01:51:08+08:00,OffLine,0,0
2026-09-13T01:51:08+08:00,VideoCall·집 Ver.,0,0
2026-09-13T01:51:18+08:00,OffLine,0,0
2026-09-13T01:51:18+08:00,VideoCall·집 Ver.,0,0
2026-09-13T01:51:28+08:00,OffLine,0,0
2026-09-13T01:51:28+08:00,VideoCall·집 Ver.,0,0
2026-09-13T01:51:39+08:00,OffLine,0,0
2026-09-13T01:51:39+08:00,VideoCall·집 Ver.,0,0
2026-09-13T01:51:49+08:00,OffLine,0,0
2026-09-13T01:51:49+08:00,VideoCall·집 Ver.,0,0
2026-09-13T01:51:59+08:00,OffLine,0,0
2026-09-13T01:51:59+08:00,VideoCall·집 Ver.,0,0
2026-09-13T01:52:25+08:00,OffLine,0,0
2026-09-13T01:52:25+08:00,VideoCall·집 Ver.,0,0
2026-09-13T01:52:35+08:00,OffLine,0,0
2026-09-13T01:52:35+08:00,VideoCall·집 Ver.,0,0
2026-09-13T01:52:46+08:00,OffLine,0,0
2026-09-13T01:52:46+08:00,VideoCall·집 Ver.,0,0
2026-09-13T01:52:56+08:00,OffLine,0,0
2026-09-13T01:52:56+08:00,VideoCall·집 Ver.,0,0
2026-09-13T01:53:07+08:00,OffLine,0,0
2026-09-13T01:53:07+08:00,VideoCall·집 Ver.,0,0
2026-09-13T01:53:17+08:00,OffLine,0,0
2026-09-13T01:53:17+08:00,VideoCall·집 Ver.,0,0
2026-09-13T01:53:43+08:00,OffLine,0,0
2026-09-13T01:53:43+08:00,VideoCall·집 Ver.,0,0
2026-09-13T01:53:54+08:00,OffLine,0,0
2026-09-13T01:53:54+08:00,VideoCall·집 Ver.,0,0
2026-09-13T01:54:04+08:00,OffLine,0,0
2026-09-13T01:54:04+08:00,VideoCall·집 Ver.,0,0
2026-09-13T01:54:15+08:00,OffLine,0,0
2026-09-13T01:54:15+08:00,VideoCall·집 Ver.,0,0
2026-09-13T01:54:26+08:00,OffLine,0,0
2026-09-13T01:54:26+08:00,VideoCall·집 Ver.,0,0
2026-09-13T01:54:36+08:00,OffLine,0,0
2026-09-13T01:54:36+08:00,VideoCall·집 Ver.,0,0
2026-09-13T01:55:02+08:00,OffLine,0,0
2026-09-13T01:55:02+08:00,VideoCall·집 Ver.,0,0
2026-09-13T01:55:12+08:00,OffLine,0,0
2026-09-13T01:55:12+08:00,VideoCall·집 Ver.,0,0
2026-09-13T01:55:22+08:00,OffLine,0,0
2026-09-13T01:55:22+08:00,VideoCall·집 Ver.,0,0
2026-09-13T01:55:33+08:00,OffLine,0,0
2026-09-13T01:55:33+08:00,VideoCall·집 Ver.,0,0
2026-09-13T01:55:43+08:00,OffLine,0,0
2026-09-13T01:55:43+08:00,VideoCall·집 Ver.,0,0
2026-09-13T01:55:54+08:00,OffLine,0,0
2026-09-13T01:55:54+08:00,VideoCall·집 Ver.,0,0
2026-09-13T01:56:19+08:00,OffLine,0,0
2026-09-13T01:56:19+08:00,VideoCall·집 Ver.,0,0
2026-09-13T01:56:29+08:00,OffLine,0,0
2026-09-13T01:56:29+08:00,VideoCall·집 Ver.,0,0
2026-09-13T01:56:40+08:00,OffLine,0,0
2026-09-13T01:56:40+08:00,VideoCall·집 Ver.,0,0
2026-09-13T01:56:51+08:00,OffLine,0,0
2026-09-13T01:56:51+08:00,VideoCall·집 Ver.,0,0
2026-09-13T01:57:01+08:00,OffLine,0,0
2026-09-13T01:57:01+08:00,VideoCall·집 Ver.,0,0
2026-09-13T01:57:12+08:00,OffLine,0,0
2026-09-13T01:57:12+08:00,VideoCall·집 Ver.,0,0
2026-09-13T01:57:38+08:00,OffLine,0,0
2026-09-13T01:57:38+08:00,VideoCall·집 Ver.,0,0
2026-09-13T01:57:49+08:00,OffLine,0,0
2026-09-13T01:57:49+08:00,VideoCall·집 Ver.,0,0
2026-09-13T01:57:59+08:00,OffLine,0,0
2026-09-13T01:57:59+08:00,VideoCall·집 Ver.,0,0
2026-09-13T01:58:10+08:00,OffLine,0,0
2026-09-13T01:58:10+08:00,VideoCall·집 Ver.,0,0
2026-09-13T01:58:20+08:00,OffLine,0,0
2026-09-13T01:58:20+08:00,VideoCall·집 Ver.,0,0
2026-09-13T01:58:31+08:00,OffLine,0,0
2026-09-13T01:58:31+08:00,VideoCall·집 Ver.,0,0
2026-09-13T01:58:57+08:00,OffLine,0,0
2026-09-13T01:58:57+08:00,VideoCall·집 Ver.,0,0
2026-09-13T01:59:07+08:00,OffLine,0,0
2026-09-13T01:59:07+08:00,VideoCall·집 Ver.,0,0
2026-09-13T01:59:18+08:00,OffLine,0,0
2026-09-13T01:59:18+08:00,VideoCall·집 Ver.,0,0
2026-09-13T01:59:28+08:00,OffLine,0,0
2026-09-13T01:59:28+08:00,VideoCall·집 Ver.,0,0
2026-09-13T01:59:38+08:00,OffLine,0,0
2026-09-13T01:59:38+08:00,VideoCall·집 Ver.,0,0
2026-09-13T01:59:49+08:00,OffLine,0,0
2026-09-13T01:59:49+08:00,VideoCall·집 Ver.,0,0
2026-09-13T02:00:14+08:00,OffLine,0,0
2026-09-13T02:00:14+08:00,VideoCall·집 Ver.,0,0
2026-09-13T02:00:25+08:00,OffLine,0,0
2026-09-13T02:00:25+08:00,VideoCall·집 Ver.,0,0
2026-09-13T02:00:35+08:00,OffLine,0,0
2026-09-13T02:00:35+08:00,VideoCall·집 Ver.,0,0
2026-09-13T02:00:46+08:00,OffLine,0,0
2026-09-13T02:00:46+08:00,VideoCall·집 Ver.,0,0
2026-09-13T02:01:22+08:00,OffLine,0,0
2026-09-13T02:01:22+08:00,VideoCall·집 Ver.,0,0
2026-09-13T02:01:33+08:00,OffLine,0,0
2026-09-13T02:01:33+08:00,VideoCall·집 Ver.,0,0
2026-09-13T02:01:43+08:00,OffLine,0,0
2026-09-13T02:01:43+08:00,VideoCall·집 Ver.,0,0
2026-09-13T02:01:54+08:00,OffLine,0,0
2026-09-13T02:01:54+08:00,VideoCall·집 Ver.,0,0
2026-09-13T02:02:05+08:00,OffLine,0,0
2026-09-13T02:02:05+08:00,VideoCall·집 Ver.,0,0
2026-09-13T02:02:16+08:00,OffLine,0,0
2026-09-13T02:02:16+08:00,VideoCall·집 Ver.,0,0
2026-09-13T02:02:26+08:00,OffLine,0,0
2026-09-13T02:02:26+08:00,VideoCall·집 Ver.,0,0
2026-09-13T02:02:52+08:00,OffLine,0,0
2026-09-13T02:02:52+08:00,VideoCall·집 Ver.,0,0
2026-09-13T02:03:03+08:00,OffLine,0,0
2026-09-13T02:03:03+08:00,VideoCall·집 Ver.,0,0
2026-09-13T02:03:13+08:00,OffLine,0,0
2026-09-13T02:03:13+08:00,VideoCall·집 Ver.,0,0
2026-09-13T02:03:25+08:00,OffLine,0,0
2026-09-13T02:03:25+08:00,VideoCall·집 Ver.,0,0
2026-09-13T02:03:36+08:00,OffLine,0,0
2026-09-13T02:03:36+08:00,VideoCall·집 Ver.,0,0
2026-09-13T02:04:01+08:00,OffLine,0,0
2026-09-13T02:04:01+08:00,VideoCall·집 Ver.,0,0
2026-09-13T02:04:12+08:00,OffLine,0,0
2026-09-13T02:04:12+08:00,VideoCall·집 Ver.,0,0
2026-09-13T02:04:23+08:00,OffLine,0,0
2026-09-13T02:04:23+08:00,VideoCall·집 Ver.,0,0
2026-09-13T02:04:34+08:00,OffLine,0,0
2026-09-13T02:04:34+08:00,VideoCall·집 Ver.,0,0
2026-09-13T02:04:45+08:00,OffLine,0,0
2026-09-13T02:04:45+08:00,VideoCall·집 Ver.,0,0
2026-09-13T02:05:11+08:00,OffLine,0,0
2026-09-13T02:05:11+08:00,VideoCall·집 Ver.,0,0
2026-09-13T02:05:21+08:00,OffLine,0,0
2026-09-13T02:05:21+08:00,VideoCall·집 Ver.,0,0
2026-09-13T02:05:32+08:00,OffLine,0,0
2026-09-13T02:05:32+08:00,VideoCall·집 Ver.,0,0
2026-09-13T02:05:42+08:00,OffLine,0,0
2026-09-13T02:05:42+08:00,VideoCall·집 Ver.,0,0
2026-09-13T02:05:53+08:00,OffLine,0,0
2026-09-13T02:05:53+08:00,VideoCall·집 Ver.,0,0
2026-09-13T02:06:21+08:00,OffLine,0,0
2026-09-13T02:06:21+08:00,VideoCall·집 Ver.,0,0
2026-09-13T02:06:32+08:00,OffLine,0,0
2026-09-13T02:06:32+08:00,VideoCall·집 Ver.,0,0
2026-09-13T02:06:43+08:00,OffLine,0,0
2026-09-13T02:06:43+08:00,VideoCall·집 Ver.,0,0
2026-09-13T02:06:53+08:00,OffLine,0,0
2026-09-13T02:06:53+08:00,VideoCall·집 Ver.,0,0
2026-09-13T02:07:04+08:00,OffLine,0,0
2026-09-13T02:07:04+08:00,VideoCall·집 Ver.,0,0
2026-09-13T02:07:32+08:00,OffLine,0,0
2026-09-13T02:07:32+08:00,VideoCall·집 Ver.,0,0
2026-09-13T02:07:42+08:00,OffLine,0,0
2026-09-13T02:07:42+08:00,VideoCall·집 Ver.,0,0
2026-09-13T02:07:53+08:00,OffLine,0,0
2026-09-13T02:07:53+08:00,VideoCall·집 Ver.,0,0
2026-09-13T02:08:03+08:00,OffLine,0,0
2026-09-13T02:08:03+08:00,VideoCall·집 Ver.,0,0
2026-09-13T02:08:15+08:00,OffLine,0,0
2026-09-13T02:08:15+08:00,VideoCall·집 Ver.,0,0
2026-09-13T02:08:42+08:00,OffLine,0,0
2026-09-13T02:08:42+08:00,VideoCall·집 Ver.,0,0
2026-09-13T02:08:53+08:00,OffLine,0,0
2026-09-13T02:08:53+08:00,VideoCall·집 Ver.,0,0
2026-09-13T02:09:04+08:00,OffLine,0,0
2026-09-13T02:09:04+08:00,VideoCall·집 Ver.,0,0
2026-09-13T02:09:15+08:00,OffLine,0,0
2026-09-13T02:09:15+08:00,VideoCall·집 Ver.,0,0
2026-09-13T02:09:26+08:00,OffLine,0,0
2026-09-13T02:09:26+08:00,VideoCall·집 Ver.,0,0
2026-09-13T02:09:53+08:00,OffLine,0,0
2026-09-13T02:09:53+08:00,VideoCall·집 Ver.,0,0
2026-09-13T02:10:05+08:00,OffLine,0,0
2026-09-13T02:10:05+08:00,VideoCall·집 Ver.,0,0
2026-09-13T02:10:16+08:00,OffLine,0,0
2026-09-13T02:10:16+08:00,VideoCall·집 Ver.,0,0
2026-09-13T02:10:27+08:00,OffLine,0,0
2026-09-13T02:10:27+08:00,VideoCall·집 Ver.,0,0
2026-09-13T02:10:37+08:00,OffLine,0,0
2026-09-13T02:10:37+08:00,VideoCall·집 Ver.,0,0
2026-09-13T02:11:04+08:00,OffLine,0,0
2026-09-13T02:11:04+08:00,VideoCall·집 Ver.,0,0
2026-09-13T02:11:15+08:00,OffLine,0,0
2026-09-13T02:11:15+08:00,VideoCall·집 Ver.,0,0
2026-09-13T02:11:26+08:00,OffLine,0,0
2026-09-13T02:11:26+08:00,VideoCall·집 Ver.,0,0
2026-09-13T02:11:37+08:00,OffLine,0,0
2026-09-13T02:11:37+08:00,VideoCall·집 Ver.,0,0
2026-09-13T02:11:48+08:00,OffLine,0,0
2026-09-13T02:11:48+08:00,VideoCall·집 Ver.,0,0
2026-09-13T02:12:14+08:00,OffLine,0,0
2026-09-13T02:12:14+08:00,VideoCall·집 Ver.,0,0
2026-09-13T02:12:25+08:00,OffLine,0,0
2026-09-13T02:12:25+08:00,VideoCall·집 Ver.,0,0
2026-09-13T02:12:36+08:00,OffLine,0,0
2026-09-13T02:12:36+08:00,VideoCall·집 Ver.,0,0
2026-09-13T02:12:47+08:00,OffLine,0,0
2026-09-13T02:12:47+08:00,VideoCall·집 Ver.,0,0
2026-09-13T02:12:57+08:00,OffLine,0,0
2026-09-13T02:12:57+08:00,VideoCall·집 Ver.,0,0
2026-09-13T02:13:23+08:00,OffLine,0,0
2026-09-13T02:13:23+08:00,VideoCall·집 Ver.,0,0
2026-09-13T02:13:33+08:00,OffLine,0,0
2026-09-13T02:13:33+08:00,VideoCall·집 Ver.,0,0
2026-09-13T02:13:44+08:00,OffLine,0,0
2026-09-13T02:13:44+08:00,VideoCall·집 Ver.,0,0
2026-09-13T02:13:54+08:00,OffLine,0,0
2026-09-13T02:13:54+08:00,VideoCall·집 Ver.,0,0
2026-09-13T02:14:05+08:00,OffLine,0,0
2026-09-13T02:14:05+08:00,VideoCall·집 Ver.,0,0
2026-09-13T02:14:16+08:00,OffLine,0,0
2026-09-13T02:14:16+08:00,VideoCall·집 Ver.,0,0
2026-09-13T02:14:42+08:00,OffLine,0,0
2026-09-13T02:14:42+08:00,VideoCall·집 Ver.,0,0
2026-09-13T02:14:52+08:00,OffLine,0,0
2026-09-13T02:14:52+08:00,VideoCall·집 Ver.,0,0
2026-09-13T02:15:03+08:00,OffLine,0,0
2026-09-13T02:15:03+08:00,VideoCall·집 Ver.,0,0
2026-09-13T02:15:13+08:00,OffLine,0,0
2026-09-13T02:15:13+08:00,VideoCall·집 Ver.,0,0
2026-09-13T02:15:24+08:00,OffLine,0,0
2026-09-13T02:15:24+08:00,VideoCall·집 Ver.,0,0
2026-09-13T02:15:51+08:00,OffLine,0,0
2026-09-13T02:15:51+08:00,VideoCall·집 Ver.,0,0
2026-09-13T02:16:01+08:00,OffLine,0,0
2026-09-13T02:16:01+08:00,VideoCall·집 Ver.,0,0
2026-09-13T02:16:12+08:00,OffLine,0,0
2026-09-13T02:16:12+08:00,VideoCall·집 Ver.,0,0
2026-09-13T02:16:23+08:00,OffLine,0,0
2026-09-13T02:16:23+08:00,VideoCall·집 Ver.,0,0
2026-09-13T02:16:33+08:00,OffLine,0,0
2026-09-13T02:16:33+08:00,VideoCall·집 Ver.,0,0
2026-09-13T02:16:44+08:00,OffLine,0,0
2026-09-13T02:16:44+08:00,VideoCall·집 Ver.,0,0
2026-09-13T02:17:10+08:00,OffLine,0,0
2026-09-13T02:17:10+08:00,VideoCall·집 Ver.,0,0
2026-09-13T02:17:20+08:00,OffLine,0,0
2026-09-13T02:17:20+08:00,VideoCall·집 Ver.,0,0
2026-09-13T02:17:31+08:00,OffLine,0,0
2026-09-13T02:17:31+08:00,VideoCall·집 Ver.,0,0
2026-09-13T02:17:42+08:00,OffLine,0,0
2026-09-13T02:17:42+08:00,VideoCall·집 Ver.,0,0
2026-09-13T02:17:53+08:00,OffLine,0,0
2026-09-13T02:17:53+08:00,VideoCall·집 Ver.,0,0
2026-09-13T02:18:18+08:00,OffLine,0,0
2026-09-13T02:18:18+08:00,VideoCall·집 Ver.,0,0
2026-09-13T02:18:29+08:00,OffLine,0,0
2026-09-13T02:18:29+08:00,VideoCall·집 Ver.,0,0
2026-09-13T02:18:40+08:00,OffLine,0,0
2026-09-13T02:18:40+08:00,VideoCall·집 Ver.,0,0
2026-09-13T02:18:51+08:00,OffLine,0,0
2026-09-13T02:18:51+08:00,VideoCall·집 Ver.,0,0
2026-09-13T02:19:01+08:00,OffLine,0,0
2026-09-13T02:19:01+08:00,VideoCall·집 Ver.,0,0
2026-09-13T02:19:28+08:00,OffLine,0,0
2026-09-13T02:19:28+08:00,VideoCall·집 Ver.,0,0
2026-09-13T02:19:39+08:00,OffLine,0,0
2026-09-13T02:19:39+08:00,VideoCall·집 Ver.,0,0
2026-09-13T02:19:50+08:00,OffLine,0,0
2026-09-13T02:19:50+08:00,VideoCall·집 Ver.,0,0
2026-09-13T02:20:01+08:00,OffLine,0,0
2026-09-13T02:20:01+08:00,VideoCall·집 Ver.,0,0
2026-09-13T02:20:12+08:00,OffLine,0,0
2026-09-13T02:20:12+08:00,VideoCall·집 Ver.,0,0
2026-09-13T02:20:39+08:00,OffLine,0,0
2026-09-13T02:20:39+08:00,VideoCall·집 Ver.,0,0
2026-09-13T02:20:49+08:00,OffLine,0,0
2026-09-13T02:20:49+08:00,VideoCall·집 Ver.,0,0
2026-09-13T02:21:00+08:00,OffLine,0,0
2026-09-13T02:21:00+08:00,VideoCall·집 Ver.,0,0
2026-09-13T02:21:10+08:00,OffLine,0,0
2026-09-13T02:21:10+08:00,VideoCall·집 Ver.,0,0
2026-09-13T02:21:21+08:00,OffLine,0,0
2026-09-13T02:21:21+08:00,VideoCall·집 Ver.,0,0
2026-09-13T02:21:31+08:00,OffLine,0,0
2026-09-13T02:21:31+08:00,VideoCall·집 Ver.,0,0
2026-09-13T02:21:58+08:00,OffLine,0,0
2026-09-13T02:21:58+08:00,VideoCall·집 Ver.,0,0
2026-09-13T02:22:08+08:00,OffLine,0,0
2026-09-13T02:22:08+08:00,VideoCall·집 Ver.,0,0
2026-09-13T02:22:19+08:00,OffLine,0,0
2026-09-13T02:22:19+08:00,VideoCall·집 Ver.,0,0
2026-09-13T02:22:30+08:00,OffLine,0,0
2026-09-13T02:22:30+08:00,VideoCall·집 Ver.,0,0
2026-09-13T02:22:40+08:00,OffLine,0,0
2026-09-13T02:22:40+08:00,VideoCall·집 Ver.,0,0
2026-09-13T02:22:51+08:00,OffLine,0,0
2026-09-13T02:22:51+08:00,VideoCall·집 Ver.,0,0
2026-09-13T02:23:18+08:00,OffLine,0,0
2026-09-13T02:23:18+08:00,VideoCall·집 Ver.,0,0
2026-09-13T02:23:29+08:00,OffLine,0,0
2026-09-13T02:23:29+08:00,VideoCall·집 Ver.,0,0
2026-09-13T02:23:40+08:00,OffLine,0,0
2026-09-13T02:23:40+08:00,VideoCall·집 Ver.,0,0
2026-09-13T02:23:51+08:00,OffLine,0,0
2026-09-13T02:23:51+08:00,VideoCall·집 Ver.,0,0
2026-09-13T02:24:01+08:00,OffLine,0,0
2026-09-13T02:24:01+08:00,VideoCall·집 Ver.,0,0
2026-09-13T02:24:28+08:00,OffLine,0,0
2026-09-13T02:24:28+08:00,VideoCall·집 Ver.,0,0
2026-09-13T02:24:38+08:00,OffLine,0,0
2026-09-13T02:24:38+08:00,VideoCall·집 Ver.,0,0
2026-09-13T02:24:50+08:00,OffLine,0,0
2026-09-13T02:24:50+08:00,VideoCall·집 Ver.,0,0
2026-09-13T02:25:00+08:00,OffLine,0,0
2026-09-13T02:25:00+08:00,VideoCall·집 Ver.,0,0
2026-09-13T02:25:11+08:00,OffLine,0,0
2026-09-13T02:25:11+08:00,VideoCall·집 Ver.,0,0
2026-09-13T02:25:36+08:00,OffLine,0,0
2026-09-13T02:25:36+08:00,VideoCall·집 Ver.,0,0
2026-09-13T02:25:46+08:00,OffLine,0,0
2026-09-13T02:25:46+08:00,VideoCall·집 Ver.,0,0
2026-09-13T02:25:57+08:00,OffLine,0,0
2026-09-13T02:25:57+08:00,VideoCall·집 Ver.,0,0
2026-09-13T02:26:08+08:00,OffLine,0,0
2026-09-13T02:26:08+08:00,VideoCall·집 Ver.,0,0
2026-09-13T02:26:18+08:00,OffLine,0,0
2026-09-13T02:26:18+08:00,VideoCall·집 Ver.,0,0
2026-09-13T02:26:29+08:00,OffLine,0,0
2026-09-13T02:26:29+08:00,VideoCall·집 Ver.,0,0
2026-09-13T02:26:56+08:00,OffLine,0,0
2026-09-13T02:26:56+08:00,VideoCall·집 Ver.,0,0
2026-09-13T02:27:06+08:00,OffLine,0,0
2026-09-13T02:27:06+08:00,VideoCall·집 Ver.,0,0
2026-09-13T02:27:17+08:00,OffLine,0,0
2026-09-13T02:27:17+08:00,VideoCall·집 Ver.,0,0
2026-09-13T02:27:28+08:00,OffLine,0,0
2026-09-13T02:27:28+08:00,VideoCall·집 Ver.,0,0
2026-09-13T02:27:38+08:00,OffLine,0,0
2026-09-13T02:27:38+08:00,VideoCall·집 Ver.,0,0
2026-09-13T02:28:05+08:00,OffLine,0,0
2026-09-13T02:28:05+08:00,VideoCall·집 Ver.,0,0
2026-09-13T02:28:16+08:00,OffLine,0,0
2026-09-13T02:28:16+08:00,VideoCall·집 Ver.,0,0
2026-09-13T02:28:27+08:00,OffLine,0,0
2026-09-13T02:28:27+08:00,VideoCall·집 Ver.,0,0
2026-09-13T02:28:37+08:00,OffLine,0,0
2026-09-13T02:28:37+08:00,VideoCall·집 Ver.,0,0
2026-09-13T02:28:48+08:00,OffLine,0,0
2026-09-13T02:28:48+08:00,VideoCall·집 Ver.,0,0
2026-09-13T02:29:13+08:00,OffLine,0,0
2026-09-13T02:29:13+08:00,VideoCall·집 Ver.,0,0
2026-09-13T02:29:24+08:00,OffLine,0,0
2026-09-13T02:29:24+08:00,VideoCall·집 Ver.,0,0
2026-09-13T02:29:35+08:00,OffLine,0,0
2026-09-13T02:29:35+08:00,VideoCall·집 Ver.,0,0
2026-09-13T02:29:45+08:00,OffLine,0,0
2026-09-13T02:29:45+08:00,VideoCall·집 Ver.,0,0
2026-09-13T02:29:56+08:00,OffLine,0,0
2026-09-13T02:29:56+08:00,VideoCall·집 Ver.,0,0
2026-09-13T02:30:06+08:00,OffLine,0,0
2026-09-13T02:30:06+08:00,VideoCall·집 Ver.,0,0
2026-09-13T02:30:32+08:00,OffLine,0,0
2026-09-13T02:30:32+08:00,VideoCall·집 Ver.,0,0
2026-09-13T02:30:42+08:00,OffLine,0,0
2026-09-13T02:30:42+08:00,VideoCall·집 Ver.,0,0
2026-09-13T02:30:53+08:00,OffLine,0,0
2026-09-13T02:30:53+08:00,VideoCall·집 Ver.,0,0
2026-09-13T02:31:03+08:00,OffLine,0,0
2026-09-13T02:31:03+08:00,VideoCall·집 Ver.,0,0
2026-09-13T02:31:14+08:00,OffLine,0,0
2026-09-13T02:31:14+08:00,VideoCall·집 Ver.,0,0
2026-09-13T02:31:24+08:00,OffLine,0,0
2026-09-13T02:31:24+08:00,VideoCall·집 Ver.,0,0
2026-09-13T02:31:51+08:00,OffLine,0,0
2026-09-13T02:31:51+08:00,VideoCall·집 Ver.,0,0
2026-09-13T02:32:01+08:00,OffLine,0,0
2026-09-13T02:32:01+08:00,VideoCall·집 Ver.,0,0
2026-09-13T02:32:12+08:00,OffLine,0,0
2026-09-13T02:32:12+08:00,VideoCall·집 Ver.,0,0
2026-09-13T02:32:23+08:00,OffLine,0,0
2026-09-13T02:32:23+08:00,VideoCall·집 Ver.,0,0
2026-09-13T02:32:33+08:00,OffLine,0,0
2026-09-13T02:32:33+08:00,VideoCall·집 Ver.,0,0
2026-09-13T02:33:00+08:00,OffLine,0,0
2026-09-13T02:33:00+08:00,VideoCall·집 Ver.,0,0
2026-09-13T02:33:11+08:00,OffLine,0,0
2026-09-13T02:33:11+08:00,VideoCall·집 Ver.,0,0
2026-09-13T02:33:21+08:00,OffLine,0,0
2026-09-13T02:33:21+08:00,VideoCall·집 Ver.,0,0
2026-09-13T02:33:32+08:00,OffLine,0,0
2026-09-13T02:33:32+08:00,VideoCall·집 Ver.,0,0
2026-09-13T02:33:43+08:00,OffLine,0,0
2026-09-13T02:33:43+08:00,VideoCall·집 Ver.,0,0
2026-09-13T02:34:08+08:00,OffLine,0,0
2026-09-13T02:34:08+08:00,VideoCall·집 Ver.,0,0
2026-09-13T02:34:19+08:00,OffLine,0,0
2026-09-13T02:34:19+08:00,VideoCall·집 Ver.,0,0
2026-09-13T02:34:29+08:00,OffLine,0,0
2026-09-13T02:34:29+08:00,VideoCall·집 Ver.,0,0
2026-09-13T02:34:40+08:00,OffLine,0,0
2026-09-13T02:34:40+08:00,VideoCall·집 Ver.,0,0
2026-09-13T02:34:51+08:00,OffLine,0,0
2026-09-13T02:34:51+08:00,VideoCall·집 Ver.,0,0
2026-09-13T02:35:02+08:00,OffLine,0,0
2026-09-13T02:35:02+08:00,VideoCall·집 Ver.,0,0
2026-09-13T02:35:27+08:00,OffLine,0,0
2026-09-13T02:35:27+08:00,VideoCall·집 Ver.,0,0
2026-09-13T02:35:38+08:00,OffLine,0,0
2026-09-13T02:35:38+08:00,VideoCall·집 Ver.,0,0
2026-09-13T02:35:48+08:00,OffLine,0,0
2026-09-13T02:35:48+08:00,VideoCall·집 Ver.,0,0
2026-09-13T02:35:59+08:00,OffLine,0,0
2026-09-13T02:35:59+08:00,VideoCall·집 Ver.,0,0
2026-09-13T02:36:09+08:00,OffLine,0,0
2026-09-13T02:36:09+08:00,VideoCall·집 Ver.,0,0
2026-09-13T02:36:20+08:00,OffLine,0,0
2026-09-13T02:36:20+08:00,VideoCall·집 Ver.,0,0
2026-09-13T02:37:10+08:00,OffLine,0,0
2026-09-13T02:37:10+08:00,VideoCall·집 Ver.,0,0
2026-09-13T02:37:21+08:00,OffLine,0,0
2026-09-13T02:37:21+08:00,VideoCall·집 Ver.,0,0
2026-09-13T02:37:32+08:00,OffLine,0,0
2026-09-13T02:37:32+08:00,VideoCall·집 Ver.,0,0
2026-09-13T02:37:42+08:00,OffLine,0,0
2026-09-13T02:37:42+08:00,VideoCall·집 Ver.,0,0
2026-09-13T02:37:53+08:00,OffLine,0,0
2026-09-13T02:37:53+08:00,VideoCall·집 Ver.,0,0
2026-09-13T02:38:04+08:00,OffLine,0,0
2026-09-13T02:38:04+08:00,VideoCall·집 Ver.,0,0
2026-09-13T02:38:15+08:00,OffLine,0,0
2026-09-13T02:38:15+08:00,VideoCall·집 Ver.,0,0
2026-09-13T02:38:39+08:00,OffLine,0,0
2026-09-13T02:38:39+08:00,VideoCall·집 Ver.,0,0
2026-09-13T02:38:49+08:00,OffLine,0,0
2026-09-13T02:38:49+08:00,VideoCall·집 Ver.,0,0
2026-09-13T02:39:00+08:00,OffLine,0,0
2026-09-13T02:39:00+08:00,VideoCall·집 Ver.,0,0
2026-09-13T02:39:11+08:00,OffLine,0,0
2026-09-13T02:39:11+08:00,VideoCall·집 Ver.,0,0
2026-09-13T02:39:22+08:00,OffLine,0,0
2026-09-13T02:39:22+08:00,VideoCall·집 Ver.,0,0
2026-09-13T02:39:33+08:00,OffLine,0,0
2026-09-13T02:39:33+08:00,VideoCall·집 Ver.,0,0
2026-09-13T02:39:57+08:00,OffLine,0,0
2026-09-13T02:39:57+08:00,VideoCall·집 Ver.,0,0
2026-09-13T02:40:07+08:00,OffLine,0,0
2026-09-13T02:40:07+08:00,VideoCall·집 Ver.,0,0
2026-09-13T02:40:18+08:00,OffLine,0,0
2026-09-13T02:40:18+08:00,VideoCall·집 Ver.,0,0
2026-09-13T02:40:29+08:00,OffLine,0,0
2026-09-13T02:40:29+08:00,VideoCall·집 Ver.,0,0
2026-09-13T02:40:40+08:00,OffLine,0,0
2026-09-13T02:40:40+08:00,VideoCall·집 Ver.,0,0
2026-09-13T02:40:50+08:00,OffLine,0,0
2026-09-13T02:40:50+08:00,VideoCall·집 Ver.,0,0
2026-09-13T02:41:14+08:00,OffLine,0,0
2026-09-13T02:41:14+08:00,VideoCall·집 Ver.,0,0
2026-09-13T02:41:25+08:00,OffLine,0,0
2026-09-13T02:41:25+08:00,VideoCall·집 Ver.,0,0
2026-09-13T02:41:35+08:00,OffLine,0,0
2026-09-13T02:41:35+08:00,VideoCall·집 Ver.,0,0
2026-09-13T02:41:46+08:00,OffLine,0,0
2026-09-13T02:41:46+08:00,VideoCall·집 Ver.,0,0
2026-09-13T02:41:56+08:00,OffLine,0,0
2026-09-13T02:41:56+08:00,VideoCall·집 Ver.,0,0
2026-09-13T02:42:07+08:00,OffLine,0,0
2026-09-13T02:42:07+08:00,VideoCall·집 Ver.,0,0
2026-09-13T02:42:31+08:00,OffLine,0,0
2026-09-13T02:42:31+08:00,VideoCall·집 Ver.,0,0
2026-09-13T02:42:42+08:00,OffLine,0,0
2026-09-13T02:42:42+08:00,VideoCall·집 Ver.,0,0
2026-09-13T02:42:53+08:00,OffLine,0,0
2026-09-13T02:42:53+08:00,VideoCall·집 Ver.,0,0
2026-09-13T02:43:04+08:00,OffLine,0,0
2026-09-13T02:43:04+08:00,VideoCall·집 Ver.,0,0
2026-09-13T02:43:14+08:00,OffLine,0,0
2026-09-13T02:43:14+08:00,VideoCall·집 Ver.,0,0
2026-09-13T02:43:25+08:00,OffLine,0,0
2026-09-13T02:43:25+08:00,VideoCall·집 Ver.,0,0
2026-09-13T02:43:47+08:00,OffLine,0,0
2026-09-13T02:43:47+08:00,VideoCall·집 Ver.,0,0
2026-09-13T02:43:58+08:00,OffLine,0,0
2026-09-13T02:43:58+08:00,VideoCall·집 Ver.,0,0
2026-09-13T02:44:09+08:00,OffLine,0,0
2026-09-13T02:44:09+08:00,VideoCall·집 Ver.,0,0
2026-09-13T02:44:20+08:00,OffLine,0,0
2026-09-13T02:44:20+08:00,VideoCall·집 Ver.,0,0
2026-09-13T02:44:31+08:00,OffLine,0,0
2026-09-13T02:44:31+08:00,VideoCall·집 Ver.,0,0
2026-09-13T02:44:41+08:00,OffLine,0,0
2026-09-13T02:44:41+08:00,VideoCall·집 Ver.,0,0
2026-09-13T02:45:05+08:00,OffLine,0,0
2026-09-13T02:45:05+08:00,VideoCall·집 Ver.,0,0
2026-09-13T02:45:16+08:00,OffLine,0,0
2026-09-13T02:45:16+08:00,VideoCall·집 Ver.,0,0
2026-09-13T02:45:27+08:00,OffLine,0,0
2026-09-13T02:45:27+08:00,VideoCall·집 Ver.,0,0
2026-09-13T02:45:37+08:00,OffLine,0,0
2026-09-13T02:45:37+08:00,VideoCall·집 Ver.,0,0
2026-09-13T02:45:48+08:00,OffLine,0,0
2026-09-13T02:45:48+08:00,VideoCall·집 Ver.,0,0
2026-09-13T02:45:59+08:00,OffLine,0,0
2026-09-13T02:45:59+08:00,VideoCall·집 Ver.,0,0
2026-09-13T02:46:23+08:00,OffLine,0,0
2026-09-13T02:46:23+08:00,VideoCall·집 Ver.,0,0
2026-09-13T02:46:34+08:00,OffLine,0,0
2026-09-13T02:46:34+08:00,VideoCall·집 Ver.,0,0
2026-09-13T02:46:45+08:00,OffLine,0,0
2026-09-13T02:46:45+08:00,VideoCall·집 Ver.,0,0
2026-09-13T02:46:55+08:00,OffLine,0,0
2026-09-13T02:46:55+08:00,VideoCall·집 Ver.,0,0
2026-09-13T02:47:06+08:00,OffLine,0,0
2026-09-13T02:47:06+08:00,VideoCall·집 Ver.,0,0
2026-09-13T02:47:17+08:00,OffLine,0,0
2026-09-13T02:47:17+08:00,VideoCall·집 Ver.,0,0
2026-09-13T02:47:41+08:00,OffLine,0,0
2026-09-13T02:47:41+08:00,VideoCall·집 Ver.,0,0
2026-09-13T02:47:52+08:00,OffLine,0,0
2026-09-13T02:47:52+08:00,VideoCall·집 Ver.,0,0
2026-09-13T02:48:03+08:00,OffLine,0,0
2026-09-13T02:48:03+08:00,VideoCall·집 Ver.,0,0
2026-09-13T02:48:13+08:00,OffLine,0,0
2026-09-13T02:48:13+08:00,VideoCall·집 Ver.,0,0
2026-09-13T02:48:24+08:00,OffLine,0,0
2026-09-13T02:48:24+08:00,VideoCall·집 Ver.,0,0
2026-09-13T02:48:34+08:00,OffLine,0,0
2026-09-13T02:48:34+08:00,VideoCall·집 Ver.,0,0
2026-09-13T02:48:58+08:00,OffLine,0,0
2026-09-13T02:48:58+08:00,VideoCall·집 Ver.,0,0
2026-09-13T02:49:08+08:00,OffLine,0,0
2026-09-13T02:49:08+08:00,VideoCall·집 Ver.,0,0
2026-09-13T02:49:19+08:00,OffLine,0,0
2026-09-13T02:49:19+08:00,VideoCall·집 Ver.,0,0
2026-09-13T02:49:30+08:00,OffLine,0,0
2026-09-13T02:49:30+08:00,VideoCall·집 Ver.,0,0
2026-09-13T02:49:41+08:00,OffLine,0,0
2026-09-13T02:49:41+08:00,VideoCall·집 Ver.,0,0
2026-09-13T02:49:52+08:00,OffLine,0,0
2026-09-13T02:49:52+08:00,VideoCall·집 Ver.,0,0
2026-09-13T02:50:16+08:00,OffLine,0,0
2026-09-13T02:50:16+08:00,VideoCall·집 Ver.,0,0
2026-09-13T02:50:27+08:00,OffLine,0,0
2026-09-13T02:50:27+08:00,VideoCall·집 Ver.,0,0
2026-09-13T02:50:38+08:00,OffLine,0,0
2026-09-13T02:50:38+08:00,VideoCall·집 Ver.,0,0
2026-09-13T02:50:48+08:00,OffLine,0,0
2026-09-13T02:50:48+08:00,VideoCall·집 Ver.,0,0
2026-09-13T02:50:59+08:00,OffLine,0,0
2026-09-13T02:50:59+08:00,VideoCall·집 Ver.,0,0
2026-09-13T02:51:23+08:00,OffLine,0,0
2026-09-13T02:51:23+08:00,VideoCall·집 Ver.,0,0
2026-09-13T02:51:34+08:00,OffLine,0,0
2026-09-13T02:51:34+08:00,VideoCall·집 Ver.,0,0
2026-09-13T02:51:44+08:00,OffLine,0,0
2026-09-13T02:51:44+08:00,VideoCall·집 Ver.,0,0
2026-09-13T02:51:55+08:00,OffLine,0,0
2026-09-13T02:51:55+08:00,VideoCall·집 Ver.,0,0
2026-09-13T02:52:06+08:00,OffLine,0,0
2026-09-13T02:52:06+08:00,VideoCall·집 Ver.,0,0
2026-09-13T02:52:17+08:00,OffLine,0,0
2026-09-13T02:52:17+08:00,VideoCall·집 Ver.,0,0
2026-09-13T02:52:41+08:00,OffLine,0,0
2026-09-13T02:52:41+08:00,VideoCall·집 Ver.,0,0
2026-09-13T02:52:51+08:00,OffLine,0,0
2026-09-13T02:52:51+08:00,VideoCall·집 Ver.,0,0
2026-09-13T02:53:02+08:00,OffLine,0,0
2026-09-13T02:53:02+08:00,VideoCall·집 Ver.,0,0
2026-09-13T02:53:13+08:00,OffLine,0,0
2026-09-13T02:53:13+08:00,VideoCall·집 Ver.,0,0
2026-09-13T02:53:23+08:00,OffLine,0,0
2026-09-13T02:53:23+08:00,VideoCall·집 Ver.,0,0
2026-09-13T02:53:34+08:00,OffLine,0,0
2026-09-13T02:53:34+08:00,VideoCall·집 Ver.,0,0
2026-09-13T02:53:57+08:00,OffLine,0,0
2026-09-13T02:53:57+08:00,VideoCall·집 Ver.,0,0
2026-09-13T02:54:08+08:00,OffLine,0,0
2026-09-13T02:54:08+08:00,VideoCall·집 Ver.,0,0
2026-09-13T02:54:18+08:00,OffLine,0,0
2026-09-13T02:54:18+08:00,VideoCall·집 Ver.,0,0
2026-09-13T02:54:29+08:00,OffLine,0,0
2026-09-13T02:54:29+08:00,VideoCall·집 Ver.,0,0
2026-09-13T02:54:40+08:00,OffLine,0,0
2026-09-13T02:54:40+08:00,VideoCall·집 Ver.,0,0
2026-09-13T02:54:51+08:00,OffLine,0,0
2026-09-13T02:54:51+08:00,VideoCall·집 Ver.,0,0
2026-09-13T02:55:15+08:00,OffLine,0,0
2026-09-13T02:55:15+08:00,VideoCall·집 Ver.,0,0
2026-09-13T02:55:26+08:00,OffLine,0,0
2026-09-13T02:55:26+08:00,VideoCall·집 Ver.,0,0
2026-09-13T02:55:37+08:00,OffLine,0,0
2026-09-13T02:55:37+08:00,VideoCall·집 Ver.,0,0
2026-09-13T02:55:48+08:00,OffLine,0,0
2026-09-13T02:55:48+08:00,VideoCall·집 Ver.,0,0
2026-09-13T02:55:59+08:00,OffLine,0,0
2026-09-13T02:55:59+08:00,VideoCall·집 Ver.,0,0
2026-09-13T02:56:22+08:00,OffLine,0,0
2026-09-13T02:56:22+08:00,VideoCall·집 Ver.,0,0
2026-09-13T02:56:33+08:00,OffLine,0,0
2026-09-13T02:56:33+08:00,VideoCall·집 Ver.,0,0
2026-09-13T02:56:44+08:00,OffLine,0,0
2026-09-13T02:56:44+08:00,VideoCall·집 Ver.,0,0
2026-09-13T02:56:54+08:00,OffLine,0,0
2026-09-13T02:56:54+08:00,VideoCall·집 Ver.,0,0
2026-09-13T02:57:05+08:00,OffLine,0,0
2026-09-13T02:57:05+08:00,VideoCall·집 Ver.,0,0
2026-09-13T02:57:15+08:00,OffLine,0,0
2026-09-13T02:57:15+08:00,VideoCall·집 Ver.,0,0
2026-09-13T02:57:39+08:00,OffLine,0,0
2026-09-13T02:57:39+08:00,VideoCall·집 Ver.,0,0
2026-09-13T02:57:50+08:00,OffLine,0,0
2026-09-13T02:57:50+08:00,VideoCall·집 Ver.,0,0
2026-09-13T02:58:00+08:00,OffLine,0,0
2026-09-13T02:58:00+08:00,VideoCall·집 Ver.,0,0
2026-09-13T02:58:11+08:00,OffLine,0,0
2026-09-13T02:58:11+08:00,VideoCall·집 Ver.,0,0
2026-09-13T02:58:21+08:00,OffLine,0,0
2026-09-13T02:58:21+08:00,VideoCall·집 Ver.,0,0
2026-09-13T02:58:32+08:00,OffLine,0,0
2026-09-13T02:58:32+08:00,VideoCall·집 Ver.,0,0
2026-09-13T02:58:55+08:00,OffLine,0,0
2026-09-13T02:58:55+08:00,VideoCall·집 Ver.,0,0
2026-09-13T02:59:05+08:00,OffLine,0,0
2026-09-13T02:59:05+08:00,VideoCall·집 Ver.,0,0
2026-09-13T02:59:16+08:00,OffLine,0,0
2026-09-13T02:59:16+08:00,VideoCall·집 Ver.,0,0
2026-09-13T02:59:27+08:00,OffLine,0,0
2026-09-13T02:59:27+08:00,VideoCall·집 Ver.,0,0
2026-09-13T02:59:38+08:00,OffLine,0,0
2026-09-13T02:59:38+08:00,VideoCall·집 Ver.,0,0
2026-09-13T02:59:49+08:00,OffLine,0,0
2026-09-13T02:59:49+08:00,VideoCall·집 Ver.,0,0
2026-09-13T03:00:12+08:00,OffLine,0,0
2026-09-13T03:00:12+08:00,VideoCall·집 Ver.,0,0
2026-09-13T03:00:23+08:00,OffLine,0,0
2026-09-13T03:00:23+08:00,VideoCall·집 Ver.,0,0
2026-09-13T03:00:34+08:00,OffLine,0,0
2026-09-13T03:00:34+08:00,VideoCall·집 Ver.,0,0
2026-09-13T03:00:45+08:00,OffLine,0,0
2026-09-13T03:00:45+08:00,VideoCall·집 Ver.,0,0
2026-09-13T03:00:56+08:00,OffLine,0,0
2026-09-13T03:00:56+08:00,VideoCall·집 Ver.,0,0
2026-09-13T03:01:07+08:00,OffLine,0,0
2026-09-13T03:01:07+08:00,VideoCall·집 Ver.,0,0
2026-09-13T03:01:30+08:00,OffLine,0,0
2026-09-13T03:01:30+08:00,VideoCall·집 Ver.,0,0
2026-09-13T03:01:40+08:00,OffLine,0,0
2026-09-13T03:01:40+08:00,VideoCall·집 Ver.,0,0
2026-09-13T03:01:51+08:00,OffLine,0,0
2026-09-13T03:01:51+08:00,VideoCall·집 Ver.,0,0
2026-09-13T03:02:02+08:00,OffLine,0,0
2026-09-13T03:02:02+08:00,VideoCall·집 Ver.,0,0
2026-09-13T03:02:13+08:00,OffLine,0,0
2026-09-13T03:02:13+08:00,VideoCall·집 Ver.,0,0
2026-09-13T03:02:24+08:00,OffLine,0,0
2026-09-13T03:02:24+08:00,VideoCall·집 Ver.,0,0
2026-09-13T03:02:47+08:00,OffLine,0,0
2026-09-13T03:02:47+08:00,VideoCall·집 Ver.,0,0
2026-09-13T03:02:58+08:00,OffLine,0,0
2026-09-13T03:02:58+08:00,VideoCall·집 Ver.,0,0
2026-09-13T03:03:09+08:00,OffLine,0,0
2026-09-13T03:03:09+08:00,VideoCall·집 Ver.,0,0
2026-09-13T03:03:20+08:00,OffLine,0,0
2026-09-13T03:03:20+08:00,VideoCall·집 Ver.,0,0
2026-09-13T03:03:30+08:00,OffLine,0,0
2026-09-13T03:03:30+08:00,VideoCall·집 Ver.,0,0
2026-09-13T03:03:41+08:00,OffLine,0,0
2026-09-13T03:03:41+08:00,VideoCall·집 Ver.,0,0
2026-09-13T03:04:04+08:00,OffLine,0,0
2026-09-13T03:04:04+08:00,VideoCall·집 Ver.,0,0
2026-09-13T03:04:15+08:00,OffLine,0,0
2026-09-13T03:04:15+08:00,VideoCall·집 Ver.,0,0
2026-09-13T03:04:26+08:00,OffLine,0,0
2026-09-13T03:04:26+08:00,VideoCall·집 Ver.,0,0
2026-09-13T03:04:36+08:00,OffLine,0,0
2026-09-13T03:04:36+08:00,VideoCall·집 Ver.,0,0
2026-09-13T03:04:47+08:00,OffLine,0,0
2026-09-13T03:04:47+08:00,VideoCall·집 Ver.,0,0
2026-09-13T03:04:58+08:00,OffLine,0,0
2026-09-13T03:04:58+08:00,VideoCall·집 Ver.,0,0
2026-09-13T03:05:22+08:00,OffLine,0,0
2026-09-13T03:05:22+08:00,VideoCall·집 Ver.,0,0
2026-09-13T03:05:33+08:00,OffLine,0,0
2026-09-13T03:05:33+08:00,VideoCall·집 Ver.,0,0
2026-09-13T03:05:44+08:00,OffLine,0,0
2026-09-13T03:05:44+08:00,VideoCall·집 Ver.,0,0
2026-09-13T03:05:55+08:00,OffLine,0,0
2026-09-13T03:05:55+08:00,VideoCall·집 Ver.,0,0
2026-09-13T03:06:06+08:00,OffLine,0,0
2026-09-13T03:06:06+08:00,VideoCall·집 Ver.,0,0
2026-09-13T03:06:29+08:00,OffLine,0,0
2026-09-13T03:06:29+08:00,VideoCall·집 Ver.,0,0
2026-09-13T03:06:40+08:00,OffLine,0,0
2026-09-13T03:06:40+08:00,VideoCall·집 Ver.,0,0
2026-09-13T03:06:51+08:00,OffLine,0,0
2026-09-13T03:06:51+08:00,VideoCall·집 Ver.,0,0
2026-09-13T03:07:01+08:00,OffLine,0,0
2026-09-13T03:07:01+08:00,VideoCall·집 Ver.,0,0
2026-09-13T03:07:12+08:00,OffLine,0,0
2026-09-13T03:07:12+08:00,VideoCall·집 Ver.,0,0
2026-09-13T03:07:23+08:00,OffLine,0,0
2026-09-13T03:07:23+08:00,VideoCall·집 Ver.,0,0
2026-09-13T03:07:47+08:00,OffLine,0,0
2026-09-13T03:07:47+08:00,VideoCall·집 Ver.,0,0
2026-09-13T03:07:57+08:00,OffLine,0,0
2026-09-13T03:07:57+08:00,VideoCall·집 Ver.,0,0
2026-09-13T03:08:08+08:00,OffLine,0,0
2026-09-13T03:08:08+08:00,VideoCall·집 Ver.,0,0
2026-09-13T03:08:19+08:00,OffLine,0,0
2026-09-13T03:08:19+08:00,VideoCall·집 Ver.,0,0
2026-09-13T03:08:29+08:00,OffLine,0,0
2026-09-13T03:08:29+08:00,VideoCall·집 Ver.,0,0
2026-09-13T03:08:41+08:00,OffLine,0,0
2026-09-13T03:08:41+08:00,VideoCall·집 Ver.,0,0
2026-09-13T03:09:04+08:00,OffLine,0,0
2026-09-13T03:09:04+08:00,VideoCall·집 Ver.,0,0
2026-09-13T03:09:15+08:00,OffLine,0,0
2026-09-13T03:09:15+08:00,VideoCall·집 Ver.,0,0
2026-09-13T03:09:25+08:00,OffLine,0,0
2026-09-13T03:09:25+08:00,VideoCall·집 Ver.,0,0
2026-09-13T03:09:36+08:00,OffLine,0,0
2026-09-13T03:09:36+08:00,VideoCall·집 Ver.,0,0
2026-09-13T03:09:47+08:00,OffLine,0,0
2026-09-13T03:09:47+08:00,VideoCall·집 Ver.,0,0
2026-09-13T03:09:58+08:00,OffLine,0,0
2026-09-13T03:09:58+08:00,VideoCall·집 Ver.,0,0
2026-09-13T03:10:22+08:00,OffLine,0,0
2026-09-13T03:10:22+08:00,VideoCall·집 Ver.,0,0
2026-09-13T03:10:32+08:00,OffLine,0,0
2026-09-13T03:10:32+08:00,VideoCall·집 Ver.,0,0
2026-09-13T03:10:43+08:00,OffLine,0,0
2026-09-13T03:10:43+08:00,VideoCall·집 Ver.,0,0
2026-09-13T03:10:54+08:00,OffLine,0,0
2026-09-13T03:10:54+08:00,VideoCall·집 Ver.,0,0
2026-09-13T03:11:05+08:00,OffLine,0,0
2026-09-13T03:11:05+08:00,VideoCall·집 Ver.,0,0
2026-09-13T03:11:16+08:00,OffLine,0,0
2026-09-13T03:11:16+08:00,VideoCall·집 Ver.,0,0
2026-09-13T03:11:40+08:00,OffLine,0,0
2026-09-13T03:11:40+08:00,VideoCall·집 Ver.,0,0
2026-09-13T03:11:51+08:00,OffLine,0,0
2026-09-13T03:11:51+08:00,VideoCall·집 Ver.,0,0
2026-09-13T03:12:02+08:00,OffLine,0,0
2026-09-13T03:12:02+08:00,VideoCall·집 Ver.,0,0
2026-09-13T03:12:12+08:00,OffLine,0,0
2026-09-13T03:12:12+08:00,VideoCall·집 Ver.,0,0
2026-09-13T03:12:23+08:00,OffLine,0,0
2026-09-13T03:12:23+08:00,VideoCall·집 Ver.,0,0
2026-09-13T03:12:34+08:00,OffLine,0,0
2026-09-13T03:12:34+08:00,VideoCall·집 Ver.,0,0
2026-09-13T03:12:57+08:00,OffLine,0,0
2026-09-13T03:12:57+08:00,VideoCall·집 Ver.,0,0
2026-09-13T03:13:08+08:00,OffLine,0,0
2026-09-13T03:13:08+08:00,VideoCall·집 Ver.,0,0
2026-09-13T03:13:18+08:00,OffLine,0,0
2026-09-13T03:13:18+08:00,VideoCall·집 Ver.,0,0
2026-09-13T03:13:29+08:00,OffLine,0,0
2026-09-13T03:13:29+08:00,VideoCall·집 Ver.,0,0
2026-09-13T03:13:40+08:00,OffLine,0,0
2026-09-13T03:13:40+08:00,VideoCall·집 Ver.,0,0
2026-09-13T03:13:51+08:00,OffLine,0,0
2026-09-13T03:13:51+08:00,VideoCall·집 Ver.,0,0
2026-09-13T03:14:15+08:00,OffLine,0,0
2026-09-13T03:14:15+08:00,VideoCall·집 Ver.,0,0
2026-09-13T03:14:26+08:00,OffLine,0,0
2026-09-13T03:14:26+08:00,VideoCall·집 Ver.,0,0
2026-09-13T03:14:37+08:00,OffLine,0,0
2026-09-13T03:14:37+08:00,VideoCall·집 Ver.,0,0
2026-09-13T03:14:48+08:00,OffLine,0,0
2026-09-13T03:14:48+08:00,VideoCall·집 Ver.,0,0
2026-09-13T03:14:59+08:00,OffLine,0,0
2026-09-13T03:14:59+08:00,VideoCall·집 Ver.,0,0
2026-09-13T03:15:09+08:00,OffLine,0,0
2026-09-13T03:15:09+08:00,VideoCall·집 Ver.,0,0
2026-09-13T03:15:33+08:00,OffLine,0,0
2026-09-13T03:15:33+08:00,VideoCall·집 Ver.,0,0
2026-09-13T03:15:44+08:00,OffLine,0,0
2026-09-13T03:15:44+08:00,VideoCall·집 Ver.,0,0
2026-09-13T03:15:55+08:00,OffLine,0,0
2026-09-13T03:15:55+08:00,VideoCall·집 Ver.,0,0
2026-09-13T03:16:06+08:00,OffLine,0,0
2026-09-13T03:16:06+08:00,VideoCall·집 Ver.,0,0
2026-09-13T03:16:17+08:00,OffLine,0,0
2026-09-13T03:16:17+08:00,VideoCall·집 Ver.,0,0
2026-09-13T03:16:41+08:00,OffLine,0,0
2026-09-13T03:16:41+08:00,VideoCall·집 Ver.,0,0
2026-09-13T03:16:51+08:00,OffLine,0,0
2026-09-13T03:16:51+08:00,VideoCall·집 Ver.,0,0
2026-09-13T03:17:02+08:00,OffLine,0,0
2026-09-13T03:17:02+08:00,VideoCall·집 Ver.,0,0
2026-09-13T03:17:13+08:00,OffLine,0,0
2026-09-13T03:17:13+08:00,VideoCall·집 Ver.,0,0
2026-09-13T03:17:24+08:00,OffLine,0,0
2026-09-13T03:17:24+08:00,VideoCall·집 Ver.,0,0
2026-09-13T03:17:35+08:00,OffLine,0,0
2026-09-13T03:17:35+08:00,VideoCall·집 Ver.,0,0
2026-09-13T03:17:58+08:00,OffLine,0,0
2026-09-13T03:17:58+08:00,VideoCall·집 Ver.,0,0
2026-09-13T03:18:09+08:00,OffLine,0,0
2026-09-13T03:18:09+08:00,VideoCall·집 Ver.,0,0
2026-09-13T03:18:21+08:00,OffLine,0,0
2026-09-13T03:18:21+08:00,VideoCall·집 Ver.,0,0
2026-09-13T03:18:32+08:00,OffLine,0,0
2026-09-13T03:18:32+08:00,VideoCall·집 Ver.,0,0
2026-09-13T03:18:42+08:00,OffLine,0,0
2026-09-13T03:18:42+08:00,VideoCall·집 Ver.,0,0
2026-09-13T03:18:53+08:00,OffLine,0,0
2026-09-13T03:18:53+08:00,VideoCall·집 Ver.,0,0
2026-09-13T03:19:16+08:00,OffLine,0,0
2026-09-13T03:19:16+08:00,VideoCall·집 Ver.,0,0
2026-09-13T03:19:27+08:00,OffLine,0,0
2026-09-13T03:19:27+08:00,VideoCall·집 Ver.,0,0
2026-09-13T03:19:38+08:00,OffLine,0,0
2026-09-13T03:19:38+08:00,VideoCall·집 Ver.,0,0
2026-09-13T03:19:48+08:00,OffLine,0,0
2026-09-13T03:19:48+08:00,VideoCall·집 Ver.,0,0
2026-09-13T03:19:59+08:00,OffLine,0,0
2026-09-13T03:19:59+08:00,VideoCall·집 Ver.,0,0
2026-09-13T03:20:10+08:00,OffLine,0,0
2026-09-13T03:20:10+08:00,VideoCall·집 Ver.,0,0
2026-09-13T03:20:33+08:00,OffLine,0,0
2026-09-13T03:20:33+08:00,VideoCall·집 Ver.,0,0
2026-09-13T03:20:44+08:00,OffLine,0,0
2026-09-13T03:20:44+08:00,VideoCall·집 Ver.,0,0
2026-09-13T03:20:55+08:00,OffLine,0,0
2026-09-13T03:20:55+08:00,VideoCall·집 Ver.,0,0
2026-09-13T03:21:06+08:00,OffLine,0,0
2026-09-13T03:21:06+08:00,VideoCall·집 Ver.,0,0
2026-09-13T03:21:17+08:00,OffLine,0,0
2026-09-13T03:21:17+08:00,VideoCall·집 Ver.,0,0
2026-09-13T03:21:28+08:00,OffLine,0,0
2026-09-13T03:21:28+08:00,VideoCall·집 Ver.,0,0
2026-09-13T03:21:51+08:00,OffLine,0,0
2026-09-13T03:21:51+08:00,VideoCall·집 Ver.,0,0
2026-09-13T03:22:01+08:00,OffLine,0,0
2026-09-13T03:22:01+08:00,VideoCall·집 Ver.,0,0
2026-09-13T03:22:12+08:00,OffLine,0,0
2026-09-13T03:22:12+08:00,VideoCall·집 Ver.,0,0
2026-09-13T03:22:23+08:00,OffLine,0,0
2026-09-13T03:22:23+08:00,VideoCall·집 Ver.,0,0
2026-09-13T03:22:33+08:00,OffLine,0,0
2026-09-13T03:22:33+08:00,VideoCall·집 Ver.,0,0
2026-09-13T03:22:44+08:00,OffLine,0,0
2026-09-13T03:22:44+08:00,VideoCall·집 Ver.,0,0
2026-09-13T03:23:08+08:00,OffLine,0,0
2026-09-13T03:23:08+08:00,VideoCall·집 Ver.,0,0
2026-09-13T03:23:19+08:00,OffLine,0,0
2026-09-13T03:23:19+08:00,VideoCall·집 Ver.,0,0
2026-09-13T03:23:29+08:00,OffLine,0,0
2026-09-13T03:23:29+08:00,VideoCall·집 Ver.,0,0
2026-09-13T03:23:40+08:00,OffLine,0,0
2026-09-13T03:23:40+08:00,VideoCall·집 Ver.,0,0
2026-09-13T03:23:51+08:00,OffLine,0,0
2026-09-13T03:23:51+08:00,VideoCall·집 Ver.,0,0
2026-09-13T03:24:02+08:00,OffLine,0,0
2026-09-13T03:24:02+08:00,VideoCall·집 Ver.,0,0
2026-09-13T03:24:25+08:00,OffLine,0,0
2026-09-13T03:24:25+08:00,VideoCall·집 Ver.,0,0
2026-09-13T03:24:36+08:00,OffLine,0,0
2026-09-13T03:24:36+08:00,VideoCall·집 Ver.,0,0
2026-09-13T03:24:46+08:00,OffLine,0,0
2026-09-13T03:24:46+08:00,VideoCall·집 Ver.,0,0
2026-09-13T03:24:57+08:00,OffLine,0,0
2026-09-13T03:24:57+08:00,VideoCall·집 Ver.,0,0
2026-09-13T03:25:08+08:00,OffLine,0,0
2026-09-13T03:25:08+08:00,VideoCall·집 Ver.,0,0
2026-09-13T03:25:18+08:00,OffLine,0,0
2026-09-13T03:25:18+08:00,VideoCall·집 Ver.,0,0
2026-09-13T03:25:42+08:00,OffLine,0,0
2026-09-13T03:25:42+08:00,VideoCall·집 Ver.,0,0
2026-09-13T03:25:52+08:00,OffLine,0,0
2026-09-13T03:25:52+08:00,VideoCall·집 Ver.,0,0
2026-09-13T03:26:03+08:00,OffLine,0,0
2026-09-13T03:26:03+08:00,VideoCall·집 Ver.,0,0
2026-09-13T03:26:14+08:00,OffLine,0,0
2026-09-13T03:26:14+08:00,VideoCall·집 Ver.,0,0
2026-09-13T03:26:25+08:00,OffLine,0,0
2026-09-13T03:26:25+08:00,VideoCall·집 Ver.,0,0
2026-09-13T03:26:35+08:00,OffLine,0,0
2026-09-13T03:26:35+08:00,VideoCall·집 Ver.,0,0
2026-09-13T03:26:59+08:00,OffLine,0,0
2026-09-13T03:26:59+08:00,VideoCall·집 Ver.,0,0
2026-09-13T03:27:09+08:00,OffLine,0,0
2026-09-13T03:27:09+08:00,VideoCall·집 Ver.,0,0
2026-09-13T04:18:13+08:00,OffLine,0,0
2026-09-13T04:18:13+08:00,VideoCall·집 Ver.,0,0
2026-09-13T04:18:24+08:00,OffLine,0,0
2026-09-13T04:18:24+08:00,VideoCall·집 Ver.,0,0
2026-09-13T04:18:35+08:00,OffLine,0,0
2026-09-13T04:18:35+08:00,VideoCall·집 Ver.,0,0
2026-09-13T04:18:46+08:00,OffLine,0,0
2026-09-13T04:18:46+08:00,VideoCall·집 Ver.,0,0
2026-09-13T04:18:57+08:00,OffLine,0,0
2026-09-13T04:18:57+08:00,VideoCall·집 Ver.,0,0
2026-09-13T04:19:08+08:00,OffLine,0,0
2026-09-13T04:19:08+08:00,VideoCall·집 Ver.,0,0
2026-09-13T04:19:19+08:00,OffLine,0,0
2026-09-13T04:19:19+08:00,VideoCall·집 Ver.,0,0
2026-09-13T04:19:43+08:00,OffLine,0,0
2026-09-13T04:19:43+08:00,VideoCall·집 Ver.,0,0
2026-09-13T04:19:53+08:00,OffLine,0,0
2026-09-13T04:19:53+08:00,VideoCall·집 Ver.,0,0
2026-09-13T04:20:04+08:00,OffLine,0,0
2026-09-13T04:20:04+08:00,VideoCall·집 Ver.,0,0
2026-09-13T04:20:15+08:00,OffLine,0,0
2026-09-13T04:20:15+08:00,VideoCall·집 Ver.,0,0
2026-09-13T04:20:26+08:00,OffLine,0,0
2026-09-13T04:20:26+08:00,VideoCall·집 Ver.,0,0
2026-09-13T04:20:37+08:00,OffLine,0,0
2026-09-13T04:20:37+08:00,VideoCall·집 Ver.,0,0
2026-09-13T04:21:00+08:00,OffLine,0,0
2026-09-13T04:21:00+08:00,VideoCall·집 Ver.,0,0
2026-09-13T04:21:11+08:00,OffLine,0,0
2026-09-13T04:21:11+08:00,VideoCall·집 Ver.,0,0
2026-09-13T04:21:21+08:00,OffLine,0,0
2026-09-13T04:21:21+08:00,VideoCall·집 Ver.,0,0
2026-09-13T04:21:32+08:00,OffLine,0,0
2026-09-13T04:21:32+08:00,VideoCall·집 Ver.,0,0
2026-09-13T04:21:43+08:00,OffLine,0,0
2026-09-13T04:21:43+08:00,VideoCall·집 Ver.,0,0
2026-09-13T04:21:54+08:00,OffLine,0,0
2026-09-13T04:21:54+08:00,VideoCall·집 Ver.,0,0
2026-09-13T04:22:17+08:00,OffLine,0,0
2026-09-13T04:22:17+08:00,VideoCall·집 Ver.,0,0
2026-09-13T04:22:28+08:00,OffLine,0,0
2026-09-13T04:22:28+08:00,VideoCall·집 Ver.,0,0
2026-09-13T04:22:39+08:00,OffLine,0,0
2026-09-13T04:22:39+08:00,VideoCall·집 Ver.,0,0
2026-09-13T04:22:50+08:00,OffLine,0,0
2026-09-13T04:22:50+08:00,VideoCall·집 Ver.,0,0
2026-09-13T04:23:00+08:00,OffLine,0,0
2026-09-13T04:23:00+08:00,VideoCall·집 Ver.,0,0
2026-09-13T04:23:11+08:00,OffLine,0,0
2026-09-13T04:23:11+08:00,VideoCall·집 Ver.,0,0
2026-09-13T04:23:34+08:00,OffLine,0,0
2026-09-13T04:23:34+08:00,VideoCall·집 Ver.,0,0
2026-09-13T04:23:45+08:00,OffLine,0,0
2026-09-13T04:23:45+08:00,VideoCall·집 Ver.,0,0
2026-09-13T04:23:55+08:00,OffLine,0,0
2026-09-13T04:23:55+08:00,VideoCall·집 Ver.,0,0
2026-09-13T04:24:06+08:00,OffLine,0,0
2026-09-13T04:24:06+08:00,VideoCall·집 Ver.,0,0
2026-09-13T04:24:17+08:00,OffLine,0,0
2026-09-13T04:24:17+08:00,VideoCall·집 Ver.,0,0
2026-09-13T04:24:29+08:00,OffLine,0,0
2026-09-13T04:24:29+08:00,VideoCall·집 Ver.,0,0
2026-09-13T04:24:52+08:00,OffLine,0,0
2026-09-13T04:24:52+08:00,VideoCall·집 Ver.,0,0
2026-09-13T04:25:03+08:00,OffLine,0,0
2026-09-13T04:25:03+08:00,VideoCall·집 Ver.,0,0
2026-09-13T04:25:14+08:00,OffLine,0,0
2026-09-13T04:25:14+08:00,VideoCall·집 Ver.,0,0
2026-09-13T04:25:25+08:00,OffLine,0,0
2026-09-13T04:25:25+08:00,VideoCall·집 Ver.,0,0
2026-09-13T04:25:36+08:00,OffLine,0,0
2026-09-13T04:25:36+08:00,VideoCall·집 Ver.,0,0
2026-09-13T04:25:59+08:00,OffLine,0,0
2026-09-13T04:25:59+08:00,VideoCall·집 Ver.,0,0
2026-09-13T04:26:10+08:00,OffLine,0,0
2026-09-13T04:26:10+08:00,VideoCall·집 Ver.,0,0
2026-09-13T04:26:21+08:00,OffLine,0,0
2026-09-13T04:26:21+08:00,VideoCall·집 Ver.,0,0
2026-09-13T04:26:32+08:00,OffLine,0,0
2026-09-13T04:26:32+08:00,VideoCall·집 Ver.,0,0
2026-09-13T04:26:42+08:00,OffLine,0,0
2026-09-13T04:26:42+08:00,VideoCall·집 Ver.,0,0
2026-09-13T04:26:53+08:00,OffLine,0,0
2026-09-13T04:26:53+08:00,VideoCall·집 Ver.,0,0
2026-09-13T04:27:16+08:00,OffLine,0,0
2026-09-13T04:27:16+08:00,VideoCall·집 Ver.,0,0
2026-09-13T04:27:28+08:00,OffLine,0,0
2026-09-13T04:27:28+08:00,VideoCall·집 Ver.,0,0
2026-09-13T04:27:38+08:00,OffLine,0,0
2026-09-13T04:27:38+08:00,VideoCall·집 Ver.,0,0
2026-09-13T04:27:51+08:00,OffLine,0,0
2026-09-13T04:27:51+08:00,VideoCall·집 Ver.,0,0
2026-09-13T04:28:02+08:00,OffLine,0,0
2026-09-13T04:28:02+08:00,VideoCall·집 Ver.,0,0
2026-09-13T04:28:26+08:00,OffLine,0,0
2026-09-13T04:28:26+08:00,VideoCall·집 Ver.,0,0
2026-09-13T04:28:37+08:00,OffLine,0,0
2026-09-13T04:28:37+08:00,VideoCall·집 Ver.,0,0
2026-09-13T04:28:48+08:00,OffLine,0,0
2026-09-13T04:28:48+08:00,VideoCall·집 Ver.,0,0
2026-09-13T04:28:59+08:00,OffLine,0,0
2026-09-13T04:28:59+08:00,VideoCall·집 Ver.,0,0
2026-09-13T04:29:10+08:00,OffLine,0,0
2026-09-13T04:29:10+08:00,VideoCall·집 Ver.,0,0
2026-09-13T04:29:33+08:00,OffLine,0,0
2026-09-13T04:29:33+08:00,VideoCall·집 Ver.,0,0
2026-09-13T04:29:44+08:00,OffLine,0,0
2026-09-13T04:29:44+08:00,VideoCall·집 Ver.,0,0
2026-09-13T04:29:55+08:00,OffLine,0,0
2026-09-13T04:29:55+08:00,VideoCall·집 Ver.,0,0
2026-09-13T04:30:06+08:00,OffLine,0,0
2026-09-13T04:30:06+08:00,VideoCall·집 Ver.,0,0
2026-09-13T04:30:17+08:00,OffLine,0,0
2026-09-13T04:30:17+08:00,VideoCall·집 Ver.,0,0
2026-09-13T04:30:27+08:00,OffLine,0,0
2026-09-13T04:30:27+08:00,VideoCall·집 Ver.,0,0
2026-09-13T04:30:50+08:00,OffLine,0,0
2026-09-13T04:30:50+08:00,VideoCall·집 Ver.,0,0
2026-09-13T04:31:01+08:00,OffLine,0,0
2026-09-13T04:31:01+08:00,VideoCall·집 Ver.,0,0
2026-09-13T04:31:12+08:00,OffLine,0,0
2026-09-13T04:31:12+08:00,VideoCall·집 Ver.,0,0
2026-09-13T04:31:22+08:00,OffLine,0,0
2026-09-13T04:31:22+08:00,VideoCall·집 Ver.,0,0
2026-09-13T04:31:34+08:00,OffLine,0,0
2026-09-13T04:31:34+08:00,VideoCall·집 Ver.,0,0
2026-09-13T04:31:44+08:00,OffLine,0,0
2026-09-13T04:31:44+08:00,VideoCall·집 Ver.,0,0
2026-09-13T04:32:07+08:00,OffLine,0,0
2026-09-13T04:32:07+08:00,VideoCall·집 Ver.,0,0
2026-09-13T04:32:18+08:00,OffLine,0,0
2026-09-13T04:32:18+08:00,VideoCall·집 Ver.,0,0
2026-09-13T04:32:29+08:00,OffLine,0,0
2026-09-13T04:32:29+08:00,VideoCall·집 Ver.,0,0
2026-09-13T04:32:40+08:00,OffLine,0,0
2026-09-13T04:32:40+08:00,VideoCall·집 Ver.,0,0
2026-09-13T04:32:51+08:00,OffLine,0,0
2026-09-13T04:32:51+08:00,VideoCall·집 Ver.,0,0
2026-09-13T04:33:01+08:00,OffLine,0,0
2026-09-13T04:33:01+08:00,VideoCall·집 Ver.,0,0
2026-09-13T04:33:25+08:00,OffLine,0,0
2026-09-13T04:33:25+08:00,VideoCall·집 Ver.,0,0
2026-09-13T04:33:35+08:00,OffLine,0,0
2026-09-13T04:33:35+08:00,VideoCall·집 Ver.,0,0
2026-09-13T04:33:46+08:00,OffLine,0,0
2026-09-13T04:33:46+08:00,VideoCall·집 Ver.,0,0
2026-09-13T04:33:58+08:00,OffLine,0,0
2026-09-13T04:33:58+08:00,VideoCall·집 Ver.,0,0
2026-09-13T04:34:09+08:00,OffLine,0,0
2026-09-13T04:34:09+08:00,VideoCall·집 Ver.,0,0
2026-09-13T04:34:19+08:00,OffLine,0,0
2026-09-13T04:34:19+08:00,VideoCall·집 Ver.,0,0
2026-09-13T04:34:42+08:00,OffLine,0,0
2026-09-13T04:34:42+08:00,VideoCall·집 Ver.,0,0
2026-09-13T04:34:53+08:00,OffLine,0,0
2026-09-13T04:34:53+08:00,VideoCall·집 Ver.,0,0
2026-09-13T04:35:04+08:00,OffLine,0,0
2026-09-13T04:35:04+08:00,VideoCall·집 Ver.,0,0
2026-09-13T04:35:14+08:00,OffLine,0,0
2026-09-13T04:35:14+08:00,VideoCall·집 Ver.,0,0
2026-09-13T04:35:25+08:00,OffLine,0,0
2026-09-13T04:35:25+08:00,VideoCall·집 Ver.,0,0
2026-09-13T04:35:36+08:00,OffLine,0,0
2026-09-13T04:35:36+08:00,VideoCall·집 Ver.,0,0
2026-09-13T04:35:59+08:00,OffLine,0,0
2026-09-13T04:35:59+08:00,VideoCall·집 Ver.,0,0
2026-09-13T04:36:09+08:00,OffLine,0,0
2026-09-13T04:36:09+08:00,VideoCall·집 Ver.,0,0
2026-09-13T04:36:20+08:00,OffLine,0,0
2026-09-13T04:36:20+08:00,VideoCall·집 Ver.,0,0
2026-09-13T04:36:31+08:00,OffLine,0,0
2026-09-13T04:36:31+08:00,VideoCall·집 Ver.,0,0
2026-09-13T04:36:42+08:00,OffLine,0,0
2026-09-13T04:36:42+08:00,VideoCall·집 Ver.,0,0
2026-09-13T04:36:53+08:00,OffLine,0,0
2026-09-13T04:36:53+08:00,VideoCall·집 Ver.,0,0
2026-09-13T04:37:16+08:00,OffLine,0,0
2026-09-13T04:37:16+08:00,VideoCall·집 Ver.,0,0
2026-09-13T04:37:27+08:00,OffLine,0,0
2026-09-13T04:37:27+08:00,VideoCall·집 Ver.,0,0
2026-09-13T04:37:38+08:00,OffLine,0,0
2026-09-13T04:37:38+08:00,VideoCall·집 Ver.,0,0
2026-09-13T04:37:49+08:00,OffLine,0,0
2026-09-13T04:37:49+08:00,VideoCall·집 Ver.,0,0
2026-09-13T04:38:00+08:00,OffLine,0,0
2026-09-13T04:38:00+08:00,VideoCall·집 Ver.,0,0
2026-09-13T04:38:22+08:00,OffLine,0,0
2026-09-13T04:38:22+08:00,VideoCall·집 Ver.,0,0
2026-09-13T04:38:33+08:00,OffLine,0,0
2026-09-13T04:38:33+08:00,VideoCall·집 Ver.,0,0
2026-09-13T04:38:44+08:00,OffLine,0,0
2026-09-13T04:38:44+08:00,VideoCall·집 Ver.,0,0
2026-09-13T04:38:55+08:00,OffLine,0,0
2026-09-13T04:38:55+08:00,VideoCall·집 Ver.,0,0
2026-09-13T04:39:06+08:00,OffLine,0,0
2026-09-13T04:39:06+08:00,VideoCall·집 Ver.,0,0
2026-09-13T04:39:16+08:00,OffLine,0,0
2026-09-13T04:39:16+08:00,VideoCall·집 Ver.,0,0
2026-09-13T04:39:39+08:00,OffLine,0,0
2026-09-13T04:39:39+08:00,VideoCall·집 Ver.,0,0
2026-09-13T04:39:51+08:00,OffLine,0,0
2026-09-13T04:39:51+08:00,VideoCall·집 Ver.,0,0
2026-09-13T04:40:02+08:00,OffLine,0,0
2026-09-13T04:40:02+08:00,VideoCall·집 Ver.,0,0
2026-09-13T04:40:13+08:00,OffLine,0,0
2026-09-13T04:40:13+08:00,VideoCall·집 Ver.,0,0
2026-09-13T04:40:24+08:00,OffLine,0,0
2026-09-13T04:40:24+08:00,VideoCall·집 Ver.,0,0
2026-09-13T04:40:46+08:00,OffLine,0,0
2026-09-13T04:40:46+08:00,VideoCall·집 Ver.,0,0
2026-09-13T04:40:58+08:00,OffLine,0,0
2026-09-13T04:40:58+08:00,VideoCall·집 Ver.,0,0
2026-09-13T04:41:09+08:00,OffLine,0,0
2026-09-13T04:41:09+08:00,VideoCall·집 Ver.,0,0
2026-09-13T04:41:20+08:00,OffLine,0,0
2026-09-13T04:41:20+08:00,VideoCall·집 Ver.,0,0
2026-09-13T04:41:31+08:00,OffLine,0,0
2026-09-13T04:41:31+08:00,VideoCall·집 Ver.,0,0
2026-09-13T04:41:54+08:00,OffLine,0,0
2026-09-13T04:41:54+08:00,VideoCall·집 Ver.,0,0
2026-09-13T04:42:05+08:00,OffLine,0,0
2026-09-13T04:42:05+08:00,VideoCall·집 Ver.,0,0
2026-09-13T04:42:16+08:00,OffLine,0,0
2026-09-13T04:42:16+08:00,VideoCall·집 Ver.,0,0
2026-09-13T04:42:27+08:00,OffLine,0,0
2026-09-13T04:42:27+08:00,VideoCall·집 Ver.,0,0
2026-09-13T04:42:38+08:00,OffLine,0,0
2026-09-13T04:42:38+08:00,VideoCall·집 Ver.,0,0
2026-09-13T04:42:49+08:00,OffLine,0,0
2026-09-13T04:42:49+08:00,VideoCall·집 Ver.,0,0
2026-09-13T04:43:12+08:00,OffLine,0,0
2026-09-13T04:43:12+08:00,VideoCall·집 Ver.,0,0
2026-09-13T04:43:23+08:00,OffLine,0,0
2026-09-13T04:43:23+08:00,VideoCall·집 Ver.,0,0
2026-09-13T04:43:33+08:00,OffLine,0,0
2026-09-13T04:43:33+08:00,VideoCall·집 Ver.,0,0
2026-09-13T04:43:44+08:00,OffLine,0,0
2026-09-13T04:43:44+08:00,VideoCall·집 Ver.,0,0
2026-09-13T04:43:55+08:00,OffLine,0,0
2026-09-13T04:43:55+08:00,VideoCall·집 Ver.,0,0
2026-09-13T04:44:06+08:00,OffLine,0,0
2026-09-13T04:44:06+08:00,VideoCall·집 Ver.,0,0
2026-09-13T04:44:29+08:00,OffLine,0,0
2026-09-13T04:44:29+08:00,VideoCall·집 Ver.,0,0
2026-09-13T04:44:40+08:00,OffLine,0,0
2026-09-13T04:44:40+08:00,VideoCall·집 Ver.,0,0
2026-09-13T04:44:51+08:00,OffLine,0,0
2026-09-13T04:44:51+08:00,VideoCall·집 Ver.,0,0
2026-09-13T04:45:02+08:00,OffLine,0,0
2026-09-13T04:45:02+08:00,VideoCall·집 Ver.,0,0
2026-09-13T04:45:13+08:00,OffLine,0,0
2026-09-13T04:45:13+08:00,VideoCall·집 Ver.,0,0
2026-09-13T04:45:37+08:00,OffLine,0,0
2026-09-13T04:45:37+08:00,VideoCall·집 Ver.,0,0
2026-09-13T04:45:48+08:00,OffLine,0,0
2026-09-13T04:45:48+08:00,VideoCall·집 Ver.,0,0
2026-09-13T04:45:59+08:00,OffLine,0,0
2026-09-13T04:45:59+08:00,VideoCall·집 Ver.,0,0
2026-09-13T04:46:10+08:00,OffLine,0,0
2026-09-13T04:46:10+08:00,VideoCall·집 Ver.,0,0
2026-09-13T04:46:20+08:00,OffLine,0,0
2026-09-13T04:46:20+08:00,VideoCall·집 Ver.,0,0
2026-09-13T04:46:31+08:00,OffLine,0,0
2026-09-13T04:46:31+08:00,VideoCall·집 Ver.,0,0
2026-09-13T04:46:54+08:00,OffLine,0,0
2026-09-13T04:46:54+08:00,VideoCall·집 Ver.,0,0
2026-09-13T04:47:05+08:00,OffLine,0,0
2026-09-13T04:47:05+08:00,VideoCall·집 Ver.,0,0
2026-09-13T04:47:16+08:00,OffLine,0,0
2026-09-13T04:47:16+08:00,VideoCall·집 Ver.,0,0
2026-09-13T04:47:27+08:00,OffLine,0,0
2026-09-13T04:47:27+08:00,VideoCall·집 Ver.,0,0
2026-09-13T04:47:38+08:00,OffLine,0,0
2026-09-13T04:47:38+08:00,VideoCall·집 Ver.,0,0
2026-09-13T04:47:48+08:00,OffLine,0,0
2026-09-13T04:47:48+08:00,VideoCall·집 Ver.,0,0
2026-09-13T04:48:12+08:00,OffLine,0,0
2026-09-13T04:48:12+08:00,VideoCall·집 Ver.,0,0
2026-09-13T04:48:23+08:00,OffLine,0,0
2026-09-13T04:48:23+08:00,VideoCall·집 Ver.,0,0
2026-09-13T04:48:34+08:00,OffLine,0,0
2026-09-13T04:48:34+08:00,VideoCall·집 Ver.,0,0
2026-09-13T04:48:45+08:00,OffLine,0,0
2026-09-13T04:48:45+08:00,VideoCall·집 Ver.,0,0
2026-09-13T04:48:56+08:00,OffLine,0,0
2026-09-13T04:48:56+08:00,VideoCall·집 Ver.,0,0
2026-09-13T04:49:06+08:00,OffLine,0,0
2026-09-13T04:49:06+08:00,VideoCall·집 Ver.,0,0
2026-09-13T04:49:30+08:00,OffLine,0,0
2026-09-13T04:49:30+08:00,VideoCall·집 Ver.,0,0
2026-09-13T04:49:41+08:00,OffLine,0,0
2026-09-13T04:49:41+08:00,VideoCall·집 Ver.,0,0
2026-09-13T04:49:52+08:00,OffLine,0,0
2026-09-13T04:49:52+08:00,VideoCall·집 Ver.,0,0
2026-09-13T04:50:03+08:00,OffLine,0,0
2026-09-13T04:50:03+08:00,VideoCall·집 Ver.,0,0
2026-09-13T04:50:14+08:00,OffLine,0,0
2026-09-13T04:50:14+08:00,VideoCall·집 Ver.,0,0
2026-09-13T04:50:37+08:00,OffLine,0,0
2026-09-13T04:50:37+08:00,VideoCall·집 Ver.,0,0
2026-09-13T04:50:48+08:00,OffLine,0,0
2026-09-13T04:50:48+08:00,VideoCall·집 Ver.,0,0
2026-09-13T04:50:58+08:00,OffLine,0,0
2026-09-13T04:50:58+08:00,VideoCall·집 Ver.,0,0
2026-09-13T04:51:09+08:00,OffLine,0,0
2026-09-13T04:51:09+08:00,VideoCall·집 Ver.,0,0
2026-09-13T04:51:20+08:00,OffLine,0,0
2026-09-13T04:51:20+08:00,VideoCall·집 Ver.,0,0
2026-09-13T04:51:31+08:00,OffLine,0,0
2026-09-13T04:51:31+08:00,VideoCall·집 Ver.,0,0
2026-09-13T04:51:54+08:00,OffLine,0,0
2026-09-13T04:51:54+08:00,VideoCall·집 Ver.,0,0
2026-09-13T04:52:05+08:00,OffLine,0,0
2026-09-13T04:52:05+08:00,VideoCall·집 Ver.,0,0
2026-09-13T04:52:15+08:00,OffLine,0,0
2026-09-13T04:52:15+08:00,VideoCall·집 Ver.,0,0
2026-09-13T04:52:26+08:00,OffLine,0,0
2026-09-13T04:52:26+08:00,VideoCall·집 Ver.,0,0
2026-09-13T04:52:37+08:00,OffLine,0,0
2026-09-13T04:52:37+08:00,VideoCall·집 Ver.,0,0
2026-09-13T04:52:47+08:00,OffLine,0,0
2026-09-13T04:52:47+08:00,VideoCall·집 Ver.,0,0
2026-09-13T04:53:10+08:00,OffLine,0,0
2026-09-13T04:53:10+08:00,VideoCall·집 Ver.,0,0
2026-09-13T04:53:21+08:00,OffLine,0,0
2026-09-13T04:53:21+08:00,VideoCall·집 Ver.,0,0
2026-09-13T04:53:33+08:00,OffLine,0,0
2026-09-13T04:53:33+08:00,VideoCall·집 Ver.,0,0
2026-09-13T04:53:44+08:00,OffLine,0,0
2026-09-13T04:53:44+08:00,VideoCall·집 Ver.,0,0
2026-09-13T04:53:55+08:00,OffLine,0,0
2026-09-13T04:53:55+08:00,VideoCall·집 Ver.,0,0
2026-09-13T04:54:06+08:00,OffLine,0,0
2026-09-13T04:54:06+08:00,VideoCall·집 Ver.,0,0
2026-09-13T04:54:28+08:00,OffLine,0,0
2026-09-13T04:54:28+08:00,VideoCall·집 Ver.,0,0
2026-09-13T04:54:39+08:00,OffLine,0,0
2026-09-13T04:54:39+08:00,VideoCall·집 Ver.,0,0
2026-09-13T04:54:50+08:00,OffLine,0,0
2026-09-13T04:54:50+08:00,VideoCall·집 Ver.,0,0
2026-09-13T04:55:01+08:00,OffLine,0,0
2026-09-13T04:55:01+08:00,VideoCall·집 Ver.,0,0
2026-09-13T04:55:11+08:00,OffLine,0,0
2026-09-13T04:55:11+08:00,VideoCall·집 Ver.,0,0
2026-09-13T04:55:22+08:00,OffLine,0,0
2026-09-13T04:55:22+08:00,VideoCall·집 Ver.,0,0
2026-09-13T04:55:45+08:00,OffLine,0,0
2026-09-13T04:55:45+08:00,VideoCall·집 Ver.,0,0
2026-09-13T04:55:56+08:00,OffLine,0,0
2026-09-13T04:55:56+08:00,VideoCall·집 Ver.,0,0
2026-09-13T04:56:07+08:00,OffLine,0,0
2026-09-13T04:56:07+08:00,VideoCall·집 Ver.,0,0
2026-09-13T04:56:19+08:00,OffLine,0,0
2026-09-13T04:56:19+08:00,VideoCall·집 Ver.,0,0
2026-09-13T04:56:30+08:00,OffLine,0,0
2026-09-13T04:56:30+08:00,VideoCall·집 Ver.,0,0
2026-09-13T04:56:40+08:00,OffLine,0,0
2026-09-13T04:56:40+08:00,VideoCall·집 Ver.,0,0
2026-09-13T04:57:03+08:00,OffLine,0,0
2026-09-13T04:57:03+08:00,VideoCall·집 Ver.,0,0
2026-09-13T04:57:14+08:00,OffLine,0,0
2026-09-13T04:57:14+08:00,VideoCall·집 Ver.,0,0
2026-09-13T04:57:25+08:00,OffLine,0,0
2026-09-13T04:57:25+08:00,VideoCall·집 Ver.,0,0
2026-09-13T04:57:36+08:00,OffLine,0,0
2026-09-13T04:57:36+08:00,VideoCall·집 Ver.,0,0
2026-09-13T04:57:46+08:00,OffLine,0,0
2026-09-13T04:57:46+08:00,VideoCall·집 Ver.,0,0
2026-09-13T04:57:57+08:00,OffLine,0,0
2026-09-13T04:57:57+08:00,VideoCall·집 Ver.,0,0
2026-09-13T04:58:20+08:00,OffLine,0,0
2026-09-13T04:58:20+08:00,VideoCall·집 Ver.,0,0
2026-09-13T04:58:31+08:00,OffLine,0,0
2026-09-13T04:58:31+08:00,VideoCall·집 Ver.,0,0
2026-09-13T04:58:42+08:00,OffLine,0,0
2026-09-13T04:58:42+08:00,VideoCall·집 Ver.,0,0
2026-09-13T04:58:52+08:00,OffLine,0,0
2026-09-13T04:58:52+08:00,VideoCall·집 Ver.,0,0
2026-09-13T04:59:03+08:00,OffLine,0,0
2026-09-13T04:59:03+08:00,VideoCall·집 Ver.,0,0
2026-09-13T04:59:14+08:00,OffLine,0,0
2026-09-13T04:59:14+08:00,VideoCall·집 Ver.,0,0
2026-09-13T05:50:24+08:00,OffLine,0,0
2026-09-13T05:50:24+08:00,VideoCall·집 Ver.,0,0
2026-09-13T05:50:36+08:00,OffLine,0,0
2026-09-13T05:50:36+08:00,VideoCall·집 Ver.,0,0
2026-09-13T05:50:47+08:00,OffLine,0,0
2026-09-13T05:50:47+08:00,VideoCall·집 Ver.,0,0
2026-09-13T05:50:57+08:00,OffLine,0,0
2026-09-13T05:50:57+08:00,VideoCall·집 Ver.,0,0
2026-09-13T05:51:08+08:00,OffLine,0,0
2026-09-13T05:51:08+08:00,VideoCall·집 Ver.,0,0
2026-09-13T05:51:19+08:00,OffLine,0,0
2026-09-13T05:51:19+08:00,VideoCall·집 Ver.,0,0
2026-09-13T05:51:29+08:00,OffLine,0,0
2026-09-13T05:51:29+08:00,VideoCall·집 Ver.,0,0
2026-09-13T05:51:52+08:00,OffLine,0,0
2026-09-13T05:51:52+08:00,VideoCall·집 Ver.,0,0
2026-09-13T05:52:03+08:00,OffLine,0,0
2026-09-13T05:52:03+08:00,VideoCall·집 Ver.,0,0
2026-09-13T05:52:14+08:00,OffLine,0,0
2026-09-13T05:52:14+08:00,VideoCall·집 Ver.,0,0
2026-09-13T05:52:25+08:00,OffLine,0,0
2026-09-13T05:52:25+08:00,VideoCall·집 Ver.,0,0
2026-09-13T05:52:36+08:00,OffLine,0,0
2026-09-13T05:52:36+08:00,VideoCall·집 Ver.,0,0
2026-09-13T05:52:47+08:00,OffLine,0,0
2026-09-13T05:52:47+08:00,VideoCall·집 Ver.,0,0
2026-09-13T05:53:09+08:00,OffLine,0,0
2026-09-13T05:53:09+08:00,VideoCall·집 Ver.,0,0
2026-09-13T05:53:20+08:00,OffLine,0,0
2026-09-13T05:53:20+08:00,VideoCall·집 Ver.,0,0
2026-09-13T05:53:31+08:00,OffLine,0,0
2026-09-13T05:53:31+08:00,VideoCall·집 Ver.,0,0
2026-09-13T05:53:42+08:00,OffLine,0,0
2026-09-13T05:53:42+08:00,VideoCall·집 Ver.,0,0
2026-09-13T05:53:53+08:00,OffLine,0,0
2026-09-13T05:53:53+08:00,VideoCall·집 Ver.,0,0
2026-09-13T05:54:04+08:00,OffLine,0,0
2026-09-13T05:54:04+08:00,VideoCall·집 Ver.,0,0
2026-09-13T05:54:26+08:00,OffLine,0,0
2026-09-13T05:54:26+08:00,VideoCall·집 Ver.,0,0
2026-09-13T05:54:37+08:00,OffLine,0,0
2026-09-13T05:54:37+08:00,VideoCall·집 Ver.,0,0
2026-09-13T05:54:47+08:00,OffLine,0,0
2026-09-13T05:54:47+08:00,VideoCall·집 Ver.,0,0
2026-09-13T05:54:58+08:00,OffLine,0,0
2026-09-13T05:54:58+08:00,VideoCall·집 Ver.,0,0
2026-09-13T05:55:09+08:00,OffLine,0,0
2026-09-13T05:55:09+08:00,VideoCall·집 Ver.,0,0
2026-09-13T05:55:20+08:00,OffLine,0,0
2026-09-13T05:55:20+08:00,VideoCall·집 Ver.,0,0
2026-09-13T05:55:42+08:00,OffLine,0,0
2026-09-13T05:55:42+08:00,VideoCall·집 Ver.,0,0
2026-09-13T05:55:53+08:00,OffLine,0,0
2026-09-13T05:55:53+08:00,VideoCall·집 Ver.,0,0
2026-09-13T05:56:04+08:00,OffLine,0,0
2026-09-13T05:56:04+08:00,VideoCall·집 Ver.,0,0
2026-09-13T05:56:15+08:00,OffLine,0,0
2026-09-13T05:56:15+08:00,VideoCall·집 Ver.,0,0
2026-09-13T05:56:26+08:00,OffLine,0,0
2026-09-13T05:56:26+08:00,VideoCall·집 Ver.,0,0
2026-09-13T05:56:38+08:00,OffLine,0,0
2026-09-13T05:56:38+08:00,VideoCall·집 Ver.,0,0
2026-09-13T05:56:59+08:00,OffLine,0,0
2026-09-13T05:56:59+08:00,VideoCall·집 Ver.,0,0
2026-09-13T05:57:10+08:00,OffLine,0,0
2026-09-13T05:57:10+08:00,VideoCall·집 Ver.,0,0
2026-09-13T05:57:21+08:00,OffLine,0,0
2026-09-13T05:57:21+08:00,VideoCall·집 Ver.,0,0
2026-09-13T05:57:32+08:00,OffLine,0,0
2026-09-13T05:57:32+08:00,VideoCall·집 Ver.,0,0
2026-09-13T05:57:43+08:00,OffLine,0,0
2026-09-13T05:57:43+08:00,VideoCall·집 Ver.,0,0
2026-09-13T05:57:53+08:00,OffLine,0,0
2026-09-13T05:57:53+08:00,VideoCall·집 Ver.,0,0
2026-09-13T05:58:16+08:00,OffLine,0,0
2026-09-13T05:58:16+08:00,VideoCall·집 Ver.,0,0
2026-09-13T05:58:27+08:00,OffLine,0,0
2026-09-13T05:58:27+08:00,VideoCall·집 Ver.,0,0
2026-09-13T05:58:37+08:00,OffLine,0,0
2026-09-13T05:58:37+08:00,VideoCall·집 Ver.,0,0
2026-09-13T05:58:48+08:00,OffLine,0,0
2026-09-13T05:58:48+08:00,VideoCall·집 Ver.,0,0
2026-09-13T05:58:59+08:00,OffLine,0,0
2026-09-13T05:58:59+08:00,VideoCall·집 Ver.,0,0
2026-09-13T05:59:10+08:00,OffLine,0,0
2026-09-13T05:59:10+08:00,VideoCall·집 Ver.,0,0
2026-09-13T05:59:32+08:00,OffLine,0,0
2026-09-13T05:59:32+08:00,VideoCall·집 Ver.,0,0
2026-09-13T05:59:43+08:00,OffLine,0,0
2026-09-13T05:59:43+08:00,VideoCall·집 Ver.,0,0
2026-09-13T05:59:54+08:00,OffLine,0,0
2026-09-13T05:59:54+08:00,VideoCall·집 Ver.,0,0
2026-09-13T06:00:05+08:00,OffLine,0,0
2026-09-13T06:00:05+08:00,VideoCall·집 Ver.,0,0
2026-09-13T06:00:16+08:00,OffLine,0,0
2026-09-13T06:00:16+08:00,VideoCall·집 Ver.,0,0
2026-09-13T06:00:27+08:00,OffLine,0,0
2026-09-13T06:00:27+08:00,VideoCall·집 Ver.,0,0
2026-09-13T06:00:49+08:00,OffLine,0,0
2026-09-13T06:00:49+08:00,VideoCall·집 Ver.,0,0
2026-09-13T06:01:00+08:00,OffLine,0,0
2026-09-13T06:01:00+08:00,VideoCall·집 Ver.,0,0
2026-09-13T06:01:11+08:00,OffLine,0,0
2026-09-13T06:01:11+08:00,VideoCall·집 Ver.,0,0
2026-09-13T06:01:22+08:00,OffLine,0,0
2026-09-13T06:01:22+08:00,VideoCall·집 Ver.,0,0
2026-09-13T06:01:33+08:00,OffLine,0,0
2026-09-13T06:01:33+08:00,VideoCall·집 Ver.,0,0
2026-09-13T06:01:44+08:00,OffLine,0,0
2026-09-13T06:01:44+08:00,VideoCall·집 Ver.,0,0
2026-09-13T06:02:06+08:00,OffLine,0,0
2026-09-13T06:02:06+08:00,VideoCall·집 Ver.,0,0
2026-09-13T06:02:16+08:00,OffLine,0,0
2026-09-13T06:02:16+08:00,VideoCall·집 Ver.,0,0
2026-09-13T06:02:28+08:00,OffLine,0,0
2026-09-13T06:02:28+08:00,VideoCall·집 Ver.,0,0
2026-09-13T06:02:38+08:00,OffLine,0,0
2026-09-13T06:02:38+08:00,VideoCall·집 Ver.,0,0
2026-09-13T06:02:49+08:00,OffLine,0,0
2026-09-13T06:02:49+08:00,VideoCall·집 Ver.,0,0
2026-09-13T06:02:59+08:00,OffLine,0,0
2026-09-13T06:02:59+08:00,VideoCall·집 Ver.,0,0
2026-09-13T06:03:21+08:00,OffLine,0,0
2026-09-13T06:03:21+08:00,VideoCall·집 Ver.,0,0
2026-09-13T06:03:32+08:00,OffLine,0,0
2026-09-13T06:03:32+08:00,VideoCall·집 Ver.,0,0
2026-09-13T06:03:43+08:00,OffLine,0,0
2026-09-13T06:03:43+08:00,VideoCall·집 Ver.,0,0
2026-09-13T06:03:54+08:00,OffLine,0,0
2026-09-13T06:03:54+08:00,VideoCall·집 Ver.,0,0
2026-09-13T06:04:05+08:00,OffLine,0,0
2026-09-13T06:04:05+08:00,VideoCall·집 Ver.,0,0
2026-09-13T06:04:16+08:00,OffLine,0,0
2026-09-13T06:04:16+08:00,VideoCall·집 Ver.,0,0
2026-09-13T06:04:37+08:00,OffLine,0,0
2026-09-13T06:04:37+08:00,VideoCall·집 Ver.,0,0
2026-09-13T06:04:48+08:00,OffLine,0,0
2026-09-13T06:04:48+08:00,VideoCall·집 Ver.,0,0
2026-09-13T06:04:59+08:00,OffLine,0,0
2026-09-13T06:04:59+08:00,VideoCall·집 Ver.,0,0
2026-09-13T06:05:10+08:00,OffLine,0,0
2026-09-13T06:05:10+08:00,VideoCall·집 Ver.,0,0
2026-09-13T06:05:21+08:00,OffLine,0,0
2026-09-13T06:05:21+08:00,VideoCall·집 Ver.,0,0
2026-09-13T06:05:31+08:00,OffLine,0,0
2026-09-13T06:05:31+08:00,VideoCall·집 Ver.,0,0
2026-09-13T06:05:53+08:00,OffLine,0,0
2026-09-13T06:05:53+08:00,VideoCall·집 Ver.,0,0
2026-09-13T06:06:04+08:00,OffLine,0,0
2026-09-13T06:06:04+08:00,VideoCall·집 Ver.,0,0
2026-09-13T06:06:15+08:00,OffLine,0,0
2026-09-13T06:06:15+08:00,VideoCall·집 Ver.,0,0
2026-09-13T06:06:26+08:00,OffLine,0,0
2026-09-13T06:06:26+08:00,VideoCall·집 Ver.,0,0
2026-09-13T06:06:37+08:00,OffLine,0,0
2026-09-13T06:06:37+08:00,VideoCall·집 Ver.,0,0
2026-09-13T06:06:48+08:00,OffLine,0,0
2026-09-13T06:06:48+08:00,VideoCall·집 Ver.,0,0
2026-09-13T06:07:10+08:00,OffLine,0,0
2026-09-13T06:07:10+08:00,VideoCall·집 Ver.,0,0
2026-09-13T06:07:21+08:00,OffLine,0,0
2026-09-13T06:07:21+08:00,VideoCall·집 Ver.,0,0
2026-09-13T06:07:32+08:00,OffLine,0,0
2026-09-13T06:07:32+08:00,VideoCall·집 Ver.,0,0
2026-09-13T06:07:43+08:00,OffLine,0,0
2026-09-13T06:07:43+08:00,VideoCall·집 Ver.,0,0
2026-09-13T06:07:54+08:00,OffLine,0,0
2026-09-13T06:07:54+08:00,VideoCall·집 Ver.,0,0
2026-09-13T06:08:05+08:00,OffLine,0,0
2026-09-13T06:08:05+08:00,VideoCall·집 Ver.,0,0
2026-09-13T06:08:27+08:00,OffLine,0,0
2026-09-13T06:08:27+08:00,VideoCall·집 Ver.,0,0
2026-09-13T06:08:38+08:00,OffLine,0,0
2026-09-13T06:08:38+08:00,VideoCall·집 Ver.,0,0
2026-09-13T06:08:49+08:00,OffLine,0,0
2026-09-13T06:08:49+08:00,VideoCall·집 Ver.,0,0
2026-09-13T06:09:00+08:00,OffLine,0,0
2026-09-13T06:09:00+08:00,VideoCall·집 Ver.,0,0
2026-09-13T06:09:10+08:00,OffLine,0,0
2026-09-13T06:09:10+08:00,VideoCall·집 Ver.,0,0
2026-09-13T06:09:21+08:00,OffLine,0,0
2026-09-13T06:09:21+08:00,VideoCall·집 Ver.,0,0
2026-09-13T06:09:43+08:00,OffLine,0,0
2026-09-13T06:09:43+08:00,VideoCall·집 Ver.,0,0
2026-09-13T06:09:53+08:00,OffLine,0,0
2026-09-13T06:09:53+08:00,VideoCall·집 Ver.,0,0
2026-09-13T06:10:04+08:00,OffLine,0,0
2026-09-13T06:10:04+08:00,VideoCall·집 Ver.,0,0
2026-09-13T06:10:15+08:00,OffLine,0,0
2026-09-13T06:10:15+08:00,VideoCall·집 Ver.,0,0
2026-09-13T06:10:26+08:00,OffLine,0,0
2026-09-13T06:10:26+08:00,VideoCall·집 Ver.,0,0
2026-09-13T06:10:37+08:00,OffLine,0,0
2026-09-13T06:10:37+08:00,VideoCall·집 Ver.,0,0
2026-09-13T06:10:58+08:00,OffLine,0,0
2026-09-13T06:10:58+08:00,VideoCall·집 Ver.,0,0
2026-09-13T06:11:09+08:00,OffLine,0,0
2026-09-13T06:11:09+08:00,VideoCall·집 Ver.,0,0
2026-09-13T06:11:20+08:00,OffLine,0,0
2026-09-13T06:11:20+08:00,VideoCall·집 Ver.,0,0
2026-09-13T06:11:31+08:00,OffLine,0,0
2026-09-13T06:11:31+08:00,VideoCall·집 Ver.,0,0
2026-09-13T06:11:42+08:00,OffLine,0,0
2026-09-13T06:11:42+08:00,VideoCall·집 Ver.,0,0
2026-09-13T06:11:52+08:00,OffLine,0,0
2026-09-13T06:11:52+08:00,VideoCall·집 Ver.,0,0
2026-09-13T06:12:14+08:00,OffLine,0,0
2026-09-13T06:12:14+08:00,VideoCall·집 Ver.,0,0
2026-09-13T06:12:25+08:00,OffLine,0,0
2026-09-13T06:12:25+08:00,VideoCall·집 Ver.,0,0
2026-09-13T06:12:36+08:00,OffLine,0,0
2026-09-13T06:12:36+08:00,VideoCall·집 Ver.,0,0
2026-09-13T06:12:47+08:00,OffLine,0,0
2026-09-13T06:12:47+08:00,VideoCall·집 Ver.,0,0
2026-09-13T06:12:58+08:00,OffLine,0,0
2026-09-13T06:12:58+08:00,VideoCall·집 Ver.,0,0
2026-09-13T06:13:09+08:00,OffLine,0,0
2026-09-13T06:13:09+08:00,VideoCall·집 Ver.,0,0
2026-09-13T06:13:30+08:00,OffLine,0,0
2026-09-13T06:13:30+08:00,VideoCall·집 Ver.,0,0
2026-09-13T06:13:41+08:00,OffLine,0,0
2026-09-13T06:13:41+08:00,VideoCall·집 Ver.,0,0
2026-09-13T06:13:52+08:00,OffLine,0,0
2026-09-13T06:13:52+08:00,VideoCall·집 Ver.,0,0
2026-09-13T06:14:03+08:00,OffLine,0,0
2026-09-13T06:14:03+08:00,VideoCall·집 Ver.,0,0
2026-09-13T06:14:14+08:00,OffLine,0,0
2026-09-13T06:14:14+08:00,VideoCall·집 Ver.,0,0
2026-09-13T06:14:25+08:00,OffLine,0,0
2026-09-13T06:14:25+08:00,VideoCall·집 Ver.,0,0
2026-09-13T06:14:47+08:00,OffLine,0,0
2026-09-13T06:14:47+08:00,VideoCall·집 Ver.,0,0
2026-09-13T06:14:58+08:00,OffLine,0,0
2026-09-13T06:14:58+08:00,VideoCall·집 Ver.,0,0
2026-09-13T06:15:09+08:00,OffLine,0,0
2026-09-13T06:15:09+08:00,VideoCall·집 Ver.,0,0
2026-09-13T06:15:19+08:00,OffLine,0,0
2026-09-13T06:15:19+08:00,VideoCall·집 Ver.,0,0
2026-09-13T06:15:30+08:00,OffLine,0,0
2026-09-13T06:15:30+08:00,VideoCall·집 Ver.,0,0
2026-09-13T06:15:42+08:00,OffLine,0,0
2026-09-13T06:15:42+08:00,VideoCall·집 Ver.,0,0
2026-09-13T06:16:03+08:00,OffLine,0,0
2026-09-13T06:16:03+08:00,VideoCall·집 Ver.,0,0
2026-09-13T06:16:14+08:00,OffLine,0,0
2026-09-13T06:16:14+08:00,VideoCall·집 Ver.,0,0
2026-09-13T06:16:25+08:00,OffLine,0,0
2026-09-13T06:16:25+08:00,VideoCall·집 Ver.,0,0
2026-09-13T06:16:36+08:00,OffLine,0,0
2026-09-13T06:16:36+08:00,VideoCall·집 Ver.,0,0
2026-09-13T06:16:47+08:00,OffLine,0,0
2026-09-13T06:16:47+08:00,VideoCall·집 Ver.,0,0
2026-09-13T06:16:57+08:00,OffLine,0,0
2026-09-13T06:16:57+08:00,VideoCall·집 Ver.,0,0
2026-09-13T06:17:19+08:00,OffLine,0,0
2026-09-13T06:17:19+08:00,VideoCall·집 Ver.,0,0
2026-09-13T06:17:30+08:00,OffLine,0,0
2026-09-13T06:17:30+08:00,VideoCall·집 Ver.,0,0
2026-09-13T06:17:41+08:00,OffLine,0,0
2026-09-13T06:17:41+08:00,VideoCall·집 Ver.,0,0
2026-09-13T06:17:52+08:00,OffLine,0,0
2026-09-13T06:17:52+08:00,VideoCall·집 Ver.,0,0
2026-09-13T06:18:03+08:00,OffLine,0,0
2026-09-13T06:18:03+08:00,VideoCall·집 Ver.,0,0
2026-09-13T06:18:14+08:00,OffLine,0,0
2026-09-13T06:18:14+08:00,VideoCall·집 Ver.,0,0
2026-09-13T06:18:37+08:00,OffLine,0,0
2026-09-13T06:18:37+08:00,VideoCall·집 Ver.,0,0
2026-09-13T06:18:47+08:00,OffLine,0,0
2026-09-13T06:18:47+08:00,VideoCall·집 Ver.,0,0
2026-09-13T06:18:58+08:00,OffLine,0,0
2026-09-13T06:18:58+08:00,VideoCall·집 Ver.,0,0
2026-09-13T06:19:09+08:00,OffLine,0,0
2026-09-13T06:19:09+08:00,VideoCall·집 Ver.,0,0
2026-09-13T06:19:20+08:00,OffLine,0,0
2026-09-13T06:19:20+08:00,VideoCall·집 Ver.,0,0
2026-09-13T06:19:31+08:00,OffLine,0,0
2026-09-13T06:19:31+08:00,VideoCall·집 Ver.,0,0
2026-09-13T06:19:53+08:00,OffLine,0,0
2026-09-13T06:19:53+08:00,VideoCall·집 Ver.,0,0
2026-09-13T06:20:04+08:00,OffLine,0,0
2026-09-13T06:20:04+08:00,VideoCall·집 Ver.,0,0
2026-09-13T06:20:15+08:00,OffLine,0,0
2026-09-13T06:20:15+08:00,VideoCall·집 Ver.,0,0
2026-09-13T06:20:26+08:00,OffLine,0,0
2026-09-13T06:20:26+08:00,VideoCall·집 Ver.,0,0
2026-09-13T06:20:37+08:00,OffLine,0,0
2026-09-13T06:20:37+08:00,VideoCall·집 Ver.,0,0
2026-09-13T06:20:47+08:00,OffLine,0,0
2026-09-13T06:20:47+08:00,VideoCall·집 Ver.,0,0
2026-09-13T06:21:10+08:00,OffLine,0,0
2026-09-13T06:21:10+08:00,VideoCall·집 Ver.,0,0
2026-09-13T06:21:21+08:00,OffLine,0,0
2026-09-13T06:21:21+08:00,VideoCall·집 Ver.,0,0
2026-09-13T06:21:32+08:00,OffLine,0,0
2026-09-13T06:21:32+08:00,VideoCall·집 Ver.,0,0
2026-09-13T06:21:43+08:00,OffLine,0,0
2026-09-13T06:21:43+08:00,VideoCall·집 Ver.,0,0
2026-09-13T06:21:54+08:00,OffLine,0,0
2026-09-13T06:21:54+08:00,VideoCall·집 Ver.,0,0
2026-09-13T06:22:04+08:00,OffLine,0,0
2026-09-13T06:22:04+08:00,VideoCall·집 Ver.,0,0
2026-09-13T06:22:26+08:00,OffLine,0,0
2026-09-13T06:22:26+08:00,VideoCall·집 Ver.,0,0
2026-09-13T06:22:37+08:00,OffLine,0,0
2026-09-13T06:22:37+08:00,VideoCall·집 Ver.,0,0
2026-09-13T06:22:48+08:00,OffLine,0,0
2026-09-13T06:22:48+08:00,VideoCall·집 Ver.,0,0
2026-09-13T06:22:59+08:00,OffLine,0,0
2026-09-13T06:22:59+08:00,VideoCall·집 Ver.,0,0
2026-09-13T06:23:10+08:00,OffLine,0,0
2026-09-13T06:23:10+08:00,VideoCall·집 Ver.,0,0
2026-09-13T06:23:20+08:00,OffLine,0,0
2026-09-13T06:23:20+08:00,VideoCall·집 Ver.,0,0
2026-09-13T06:23:42+08:00,OffLine,0,0
2026-09-13T06:23:42+08:00,VideoCall·집 Ver.,0,0
2026-09-13T06:23:53+08:00,OffLine,0,0
2026-09-13T06:23:53+08:00,VideoCall·집 Ver.,0,0
2026-09-13T06:24:04+08:00,OffLine,0,0
2026-09-13T06:24:04+08:00,VideoCall·집 Ver.,0,0
2026-09-13T06:24:15+08:00,OffLine,0,0
2026-09-13T06:24:15+08:00,VideoCall·집 Ver.,0,0
2026-09-13T06:24:26+08:00,OffLine,0,0
2026-09-13T06:24:26+08:00,VideoCall·집 Ver.,0,0
2026-09-13T06:24:37+08:00,OffLine,0,0
2026-09-13T06:24:37+08:00,VideoCall·집 Ver.,0,0
2026-09-13T06:24:59+08:00,OffLine,0,0
2026-09-13T06:24:59+08:00,VideoCall·집 Ver.,0,0
2026-09-13T06:25:10+08:00,OffLine,0,0
2026-09-13T06:25:10+08:00,VideoCall·집 Ver.,0,0
2026-09-13T06:25:21+08:00,OffLine,0,0
2026-09-13T06:25:21+08:00,VideoCall·집 Ver.,0,0
2026-09-13T06:25:32+08:00,OffLine,0,0
2026-09-13T06:25:32+08:00,VideoCall·집 Ver.,0,0
2026-09-13T06:25:43+08:00,OffLine,0,0
2026-09-13T06:25:43+08:00,VideoCall·집 Ver.,0,0
2026-09-13T06:25:53+08:00,OffLine,0,0
2026-09-13T06:25:53+08:00,VideoCall·집 Ver.,0,0
2026-09-13T06:26:15+08:00,OffLine,0,0
2026-09-13T06:26:15+08:00,VideoCall·집 Ver.,0,0
2026-09-13T06:26:26+08:00,OffLine,0,0
2026-09-13T06:26:26+08:00,VideoCall·집 Ver.,0,0
2026-09-13T06:26:36+08:00,OffLine,0,0
2026-09-13T06:26:36+08:00,VideoCall·집 Ver.,0,0
2026-09-13T06:26:47+08:00,OffLine,0,0
2026-09-13T06:26:47+08:00,VideoCall·집 Ver.,0,0
2026-09-13T06:26:58+08:00,OffLine,0,0
2026-09-13T06:26:58+08:00,VideoCall·집 Ver.,0,0
2026-09-13T06:27:09+08:00,OffLine,0,0
2026-09-13T06:27:09+08:00,VideoCall·집 Ver.,0,0
2026-09-13T06:27:31+08:00,OffLine,0,0
2026-09-13T06:27:31+08:00,VideoCall·집 Ver.,0,0
2026-09-13T06:27:42+08:00,OffLine,0,0
2026-09-13T06:27:42+08:00,VideoCall·집 Ver.,0,0
2026-09-13T06:27:54+08:00,OffLine,0,0
2026-09-13T06:27:54+08:00,VideoCall·집 Ver.,0,0
2026-09-13T06:28:05+08:00,OffLine,0,0
2026-09-13T06:28:05+08:00,VideoCall·집 Ver.,0,0
2026-09-13T06:28:16+08:00,OffLine,0,0
2026-09-13T06:28:16+08:00,VideoCall·집 Ver.,0,0
2026-09-13T06:28:26+08:00,OffLine,0,0
2026-09-13T06:28:26+08:00,VideoCall·집 Ver.,0,0
2026-09-13T06:28:48+08:00,OffLine,0,0
2026-09-13T06:28:48+08:00,VideoCall·집 Ver.,0,0
2026-09-13T06:28:59+08:00,OffLine,0,0
2026-09-13T06:28:59+08:00,VideoCall·집 Ver.,0,0
2026-09-13T06:29:10+08:00,OffLine,0,0
2026-09-13T06:29:10+08:00,VideoCall·집 Ver.,0,0
2026-09-13T06:29:21+08:00,OffLine,0,0
2026-09-13T06:29:21+08:00,VideoCall·집 Ver.,0,0
2026-09-13T06:29:32+08:00,OffLine,0,0
2026-09-13T06:29:32+08:00,VideoCall·집 Ver.,0,0
2026-09-13T06:29:42+08:00,OffLine,0,0
2026-09-13T06:29:42+08:00,VideoCall·집 Ver.,0,0
2026-09-13T06:30:04+08:00,OffLine,0,0
2026-09-13T06:30:04+08:00,VideoCall·집 Ver.,0,0
2026-09-13T06:30:15+08:00,OffLine,0,0
2026-09-13T06:30:15+08:00,VideoCall·집 Ver.,0,0
2026-09-13T06:30:26+08:00,OffLine,0,0
2026-09-13T06:30:26+08:00,VideoCall·집 Ver.,0,0
2026-09-13T06:30:37+08:00,OffLine,0,0
2026-09-13T06:30:37+08:00,VideoCall·집 Ver.,0,0
2026-09-13T06:30:48+08:00,OffLine,0,0
2026-09-13T06:30:48+08:00,VideoCall·집 Ver.,0,0
2026-09-13T06:30:59+08:00,OffLine,0,0
2026-09-13T06:30:59+08:00,VideoCall·집 Ver.,0,0
2026-09-13T06:31:21+08:00,OffLine,0,0
2026-09-13T06:31:21+08:00,VideoCall·집 Ver.,0,0
2026-09-13T06:31:31+08:00,OffLine,0,0
2026-09-13T06:31:31+08:00,VideoCall·집 Ver.,0,0
2026-09-13T06:31:42+08:00,OffLine,0,0
2026-09-13T06:31:42+08:00,VideoCall·집 Ver.,0,0
2026-09-13T06:31:53+08:00,OffLine,0,0
2026-09-13T06:31:53+08:00,VideoCall·집 Ver.,0,0
2026-09-13T06:32:04+08:00,OffLine,0,0
2026-09-13T06:32:04+08:00,VideoCall·집 Ver.,0,0
2026-09-13T06:32:15+08:00,OffLine,0,0
2026-09-13T06:32:15+08:00,VideoCall·집 Ver.,0,0
2026-09-13T06:32:36+08:00,OffLine,0,0
2026-09-13T06:32:36+08:00,VideoCall·집 Ver.,0,0
2026-09-13T06:32:47+08:00,OffLine,0,0
2026-09-13T06:32:47+08:00,VideoCall·집 Ver.,0,0
2026-09-13T06:32:58+08:00,OffLine,0,0
2026-09-13T06:32:58+08:00,VideoCall·집 Ver.,0,0
2026-09-13T06:33:09+08:00,OffLine,0,0
2026-09-13T06:33:09+08:00,VideoCall·집 Ver.,0,0
2026-09-13T06:33:20+08:00,OffLine,0,0
2026-09-13T06:33:20+08:00,VideoCall·집 Ver.,0,0
2026-09-13T06:33:31+08:00,OffLine,0,0
2026-09-13T06:33:31+08:00,VideoCall·집 Ver.,0,0
2026-09-13T06:33:53+08:00,OffLine,0,0
2026-09-13T06:33:53+08:00,VideoCall·집 Ver.,0,0
2026-09-13T06:34:04+08:00,OffLine,0,0
2026-09-13T06:34:04+08:00,VideoCall·집 Ver.,0,0
2026-09-13T06:34:15+08:00,OffLine,0,0
2026-09-13T06:34:15+08:00,VideoCall·집 Ver.,0,0
2026-09-13T06:34:26+08:00,OffLine,0,0
2026-09-13T06:34:26+08:00,VideoCall·집 Ver.,0,0
2026-09-13T06:34:37+08:00,OffLine,0,0
2026-09-13T06:34:37+08:00,VideoCall·집 Ver.,0,0
2026-09-13T06:34:48+08:00,OffLine,0,0
2026-09-13T06:34:48+08:00,VideoCall·집 Ver.,0,0
2026-09-13T06:35:10+08:00,OffLine,0,0
2026-09-13T06:35:10+08:00,VideoCall·집 Ver.,0,0
2026-09-13T06:35:21+08:00,OffLine,0,0
2026-09-13T06:35:21+08:00,VideoCall·집 Ver.,0,0
2026-09-13T06:35:32+08:00,OffLine,0,0
2026-09-13T06:35:32+08:00,VideoCall·집 Ver.,0,0
2026-09-13T06:35:43+08:00,OffLine,0,0
2026-09-13T06:35:43+08:00,VideoCall·집 Ver.,0,0
2026-09-13T06:35:53+08:00,OffLine,0,0
2026-09-13T06:35:53+08:00,VideoCall·집 Ver.,0,0
2026-09-13T06:36:04+08:00,OffLine,0,0
2026-09-13T06:36:04+08:00,VideoCall·집 Ver.,0,0
2026-09-13T06:36:26+08:00,OffLine,0,0
2026-09-13T06:36:26+08:00,VideoCall·집 Ver.,0,0
2026-09-13T06:36:37+08:00,OffLine,0,0
2026-09-13T06:36:37+08:00,VideoCall·집 Ver.,0,0
2026-09-13T06:36:47+08:00,OffLine,0,0
2026-09-13T06:36:47+08:00,VideoCall·집 Ver.,0,0
2026-09-13T06:36:58+08:00,OffLine,0,0
2026-09-13T06:36:58+08:00,VideoCall·집 Ver.,0,0
2026-09-13T06:37:09+08:00,OffLine,0,0
2026-09-13T06:37:09+08:00,VideoCall·집 Ver.,0,0
2026-09-13T06:37:20+08:00,OffLine,0,0
2026-09-13T06:37:20+08:00,VideoCall·집 Ver.,0,0
2026-09-13T06:37:42+08:00,OffLine,0,0
2026-09-13T06:37:42+08:00,VideoCall·집 Ver.,0,0
2026-09-13T06:37:53+08:00,OffLine,0,0
2026-09-13T06:37:53+08:00,VideoCall·집 Ver.,0,0
2026-09-13T06:38:04+08:00,OffLine,0,0
2026-09-13T06:38:04+08:00,VideoCall·집 Ver.,0,0
2026-09-13T06:38:15+08:00,OffLine,0,0
2026-09-13T06:38:15+08:00,VideoCall·집 Ver.,0,0
2026-09-13T06:38:26+08:00,OffLine,0,0
2026-09-13T06:38:26+08:00,VideoCall·집 Ver.,0,0
2026-09-13T06:38:37+08:00,OffLine,0,0
2026-09-13T06:38:37+08:00,VideoCall·집 Ver.,0,0
2026-09-13T06:38:59+08:00,OffLine,0,0
2026-09-13T06:38:59+08:00,VideoCall·집 Ver.,0,0
2026-09-13T06:39:10+08:00,OffLine,0,0
2026-09-13T06:39:10+08:00,VideoCall·집 Ver.,0,0
2026-09-13T06:39:21+08:00,OffLine,0,0
2026-09-13T06:39:21+08:00,VideoCall·집 Ver.,0,0
2026-09-13T06:39:32+08:00,OffLine,0,0
2026-09-13T06:39:32+08:00,VideoCall·집 Ver.,0,0
2026-09-13T06:39:42+08:00,OffLine,0,0
2026-09-13T06:39:42+08:00,VideoCall·집 Ver.,0,0
2026-09-13T06:39:53+08:00,OffLine,0,0
2026-09-13T06:39:53+08:00,VideoCall·집 Ver.,0,0
2026-09-13T06:40:15+08:00,OffLine,0,0
2026-09-13T06:40:15+08:00,VideoCall·집 Ver.,0,0
2026-09-13T06:57:57+08:00,OffLine,0,0
2026-09-13T06:57:57+08:00,VideoCall·집 Ver.,0,0
2026-09-13T06:58:08+08:00,OffLine,0,0
2026-09-13T06:58:08+08:00,VideoCall·집 Ver.,0,0
2026-09-13T06:58:19+08:00,OffLine,0,0
2026-09-13T06:58:19+08:00,VideoCall·집 Ver.,0,0
2026-09-13T06:58:30+08:00,OffLine,0,0
2026-09-13T06:58:30+08:00,VideoCall·집 Ver.,0,0
2026-09-13T06:58:41+08:00,OffLine,0,0
2026-09-13T06:58:41+08:00,VideoCall·집 Ver.,0,0
2026-09-13T06:58:52+08:00,OffLine,0,0
2026-09-13T06:58:52+08:00,VideoCall·집 Ver.,0,0
2026-09-13T06:59:03+08:00,OffLine,0,0
2026-09-13T06:59:03+08:00,VideoCall·집 Ver.,0,0
2026-09-13T06:59:31+08:00,OffLine,0,0
2026-09-13T06:59:31+08:00,VideoCall·집 Ver.,0,0
2026-09-13T06:59:42+08:00,OffLine,0,0
2026-09-13T06:59:42+08:00,VideoCall·집 Ver.,0,0
2026-09-13T06:59:53+08:00,OffLine,0,0
2026-09-13T06:59:53+08:00,VideoCall·집 Ver.,0,0
2026-09-13T07:00:04+08:00,OffLine,0,0
2026-09-13T07:00:04+08:00,VideoCall·집 Ver.,0,0
2026-09-13T07:00:15+08:00,OffLine,0,0
2026-09-13T07:00:15+08:00,VideoCall·집 Ver.,0,0
2026-09-13T07:00:42+08:00,OffLine,0,0
2026-09-13T07:00:42+08:00,VideoCall·집 Ver.,0,0
2026-09-13T07:00:53+08:00,OffLine,0,0
2026-09-13T07:00:53+08:00,VideoCall·집 Ver.,0,0
2026-09-13T07:01:04+08:00,OffLine,0,0
2026-09-13T07:01:04+08:00,VideoCall·집 Ver.,0,0
2026-09-13T07:01:15+08:00,OffLine,0,0
2026-09-13T07:01:15+08:00,VideoCall·집 Ver.,0,0
2026-09-13T07:01:26+08:00,OffLine,0,0
2026-09-13T07:01:26+08:00,VideoCall·집 Ver.,0,0
2026-09-13T07:01:54+08:00,OffLine,0,0
2026-09-13T07:01:54+08:00,VideoCall·집 Ver.,0,0
2026-09-13T07:02:05+08:00,OffLine,0,0
2026-09-13T07:02:05+08:00,VideoCall·집 Ver.,0,0
2026-09-13T07:02:16+08:00,OffLine,0,0
2026-09-13T07:02:16+08:00,VideoCall·집 Ver.,0,0
2026-09-13T07:02:27+08:00,OffLine,0,0
2026-09-13T07:02:27+08:00,VideoCall·집 Ver.,0,0
2026-09-13T07:02:38+08:00,OffLine,0,0
2026-09-13T07:02:38+08:00,VideoCall·집 Ver.,0,0
2026-09-13T07:03:06+08:00,OffLine,0,0
2026-09-13T07:03:06+08:00,VideoCall·집 Ver.,0,0
2026-09-13T07:03:17+08:00,OffLine,0,0
2026-09-13T07:03:17+08:00,VideoCall·집 Ver.,0,0
2026-09-13T07:03:28+08:00,OffLine,0,0
2026-09-13T07:03:28+08:00,VideoCall·집 Ver.,0,0
2026-09-13T07:03:39+08:00,OffLine,0,0
2026-09-13T07:03:39+08:00,VideoCall·집 Ver.,0,0
2026-09-13T07:03:50+08:00,OffLine,0,0
2026-09-13T07:03:50+08:00,VideoCall·집 Ver.,0,0
2026-09-13T07:04:17+08:00,OffLine,0,0
2026-09-13T07:04:17+08:00,VideoCall·집 Ver.,0,0
2026-09-13T07:04:28+08:00,OffLine,0,0
2026-09-13T07:04:28+08:00,VideoCall·집 Ver.,0,0
2026-09-13T07:04:39+08:00,OffLine,0,0
2026-09-13T07:04:39+08:00,VideoCall·집 Ver.,0,0
2026-09-13T07:04:50+08:00,OffLine,0,0
2026-09-13T07:04:50+08:00,VideoCall·집 Ver.,0,0
2026-09-13T07:05:01+08:00,OffLine,0,0
2026-09-13T07:05:01+08:00,VideoCall·집 Ver.,0,0
2026-09-13T07:05:28+08:00,OffLine,0,0
2026-09-13T07:05:28+08:00,VideoCall·집 Ver.,0,0
2026-09-13T07:05:39+08:00,OffLine,0,0
2026-09-13T07:05:39+08:00,VideoCall·집 Ver.,0,0
2026-09-13T07:05:50+08:00,OffLine,0,0
2026-09-13T07:05:50+08:00,VideoCall·집 Ver.,0,0
2026-09-13T07:06:00+08:00,OffLine,0,0
2026-09-13T07:06:00+08:00,VideoCall·집 Ver.,0,0
2026-09-13T07:06:11+08:00,OffLine,0,0
2026-09-13T07:06:11+08:00,VideoCall·집 Ver.,0,0
2026-09-13T07:06:39+08:00,OffLine,0,0
2026-09-13T07:06:39+08:00,VideoCall·집 Ver.,0,0
2026-09-13T07:06:50+08:00,OffLine,0,0
2026-09-13T07:06:50+08:00,VideoCall·집 Ver.,0,0
2026-09-13T07:07:01+08:00,OffLine,0,0
2026-09-13T07:07:01+08:00,VideoCall·집 Ver.,0,0
2026-09-13T07:07:12+08:00,OffLine,0,0
2026-09-13T07:07:12+08:00,VideoCall·집 Ver.,0,0
2026-09-13T07:07:22+08:00,OffLine,0,0
2026-09-13T07:07:22+08:00,VideoCall·집 Ver.,0,0
2026-09-13T07:07:49+08:00,OffLine,0,0
2026-09-13T07:07:49+08:00,VideoCall·집 Ver.,0,0
2026-09-13T07:08:01+08:00,OffLine,0,0
2026-09-13T07:08:01+08:00,VideoCall·집 Ver.,0,0
2026-09-13T07:08:12+08:00,OffLine,0,0
2026-09-13T07:08:12+08:00,VideoCall·집 Ver.,0,0
2026-09-13T07:08:23+08:00,OffLine,0,0
2026-09-13T07:08:23+08:00,VideoCall·집 Ver.,0,0
2026-09-13T07:08:34+08:00,OffLine,0,0
2026-09-13T07:08:34+08:00,VideoCall·집 Ver.,0,0
2026-09-13T07:09:00+08:00,OffLine,0,0
2026-09-13T07:09:00+08:00,VideoCall·집 Ver.,0,0
2026-09-13T07:09:12+08:00,OffLine,0,0
2026-09-13T07:09:12+08:00,VideoCall·집 Ver.,0,0
2026-09-13T07:09:23+08:00,OffLine,0,0
2026-09-13T07:09:23+08:00,VideoCall·집 Ver.,0,0
2026-09-13T07:09:34+08:00,OffLine,0,0
2026-09-13T07:09:34+08:00,VideoCall·집 Ver.,0,0
2026-09-13T07:09:45+08:00,OffLine,0,0
2026-09-13T07:09:45+08:00,VideoCall·집 Ver.,0,0
2026-09-13T07:10:11+08:00,OffLine,0,0
2026-09-13T07:10:11+08:00,VideoCall·집 Ver.,0,0
2026-09-13T07:10:22+08:00,OffLine,0,0
2026-09-13T07:10:22+08:00,VideoCall·집 Ver.,0,0
2026-09-13T07:10:33+08:00,OffLine,0,0
2026-09-13T07:10:33+08:00,VideoCall·집 Ver.,0,0
2026-09-13T07:10:44+08:00,OffLine,0,0
2026-09-13T07:10:44+08:00,VideoCall·집 Ver.,0,0
2026-09-13T07:10:55+08:00,OffLine,0,0
2026-09-13T07:10:55+08:00,VideoCall·집 Ver.,0,0
2026-09-13T07:11:21+08:00,OffLine,0,0
2026-09-13T07:11:21+08:00,VideoCall·집 Ver.,0,0
2026-09-13T07:11:32+08:00,OffLine,0,0
2026-09-13T07:11:32+08:00,VideoCall·집 Ver.,0,0
2026-09-13T07:11:43+08:00,OffLine,0,0
2026-09-13T07:11:43+08:00,VideoCall·집 Ver.,0,0
2026-09-13T07:11:55+08:00,OffLine,0,0
2026-09-13T07:11:55+08:00,VideoCall·집 Ver.,0,0
2026-09-13T07:12:06+08:00,OffLine,0,0
2026-09-13T07:12:06+08:00,VideoCall·집 Ver.,0,0
2026-09-13T07:12:32+08:00,OffLine,0,0
2026-09-13T07:12:32+08:00,VideoCall·집 Ver.,0,0
2026-09-13T07:12:43+08:00,OffLine,0,0
2026-09-13T07:12:43+08:00,VideoCall·집 Ver.,0,0
2026-09-13T07:12:54+08:00,OffLine,0,0
2026-09-13T07:12:54+08:00,VideoCall·집 Ver.,0,0
2026-09-13T07:13:05+08:00,OffLine,0,0
2026-09-13T07:13:05+08:00,VideoCall·집 Ver.,0,0
2026-09-13T07:13:16+08:00,OffLine,0,0
2026-09-13T07:13:16+08:00,VideoCall·집 Ver.,0,0
2026-09-13T07:13:43+08:00,OffLine,0,0
2026-09-13T07:13:43+08:00,VideoCall·집 Ver.,0,0
2026-09-13T07:13:54+08:00,OffLine,0,0
2026-09-13T07:13:54+08:00,VideoCall·집 Ver.,0,0
2026-09-13T07:14:05+08:00,OffLine,0,0
2026-09-13T07:14:05+08:00,VideoCall·집 Ver.,0,0
2026-09-13T07:14:16+08:00,OffLine,0,0
2026-09-13T07:14:16+08:00,VideoCall·집 Ver.,0,0
2026-09-13T07:14:26+08:00,OffLine,0,0
2026-09-13T07:14:26+08:00,VideoCall·집 Ver.,0,0
2026-09-13T07:14:53+08:00,OffLine,0,0
2026-09-13T07:14:53+08:00,VideoCall·집 Ver.,0,0
2026-09-13T07:15:04+08:00,OffLine,0,0
2026-09-13T07:15:04+08:00,VideoCall·집 Ver.,0,0
2026-09-13T07:15:15+08:00,OffLine,0,0
2026-09-13T07:15:15+08:00,VideoCall·집 Ver.,0,0
2026-09-13T07:15:26+08:00,OffLine,0,0
2026-09-13T07:15:26+08:00,VideoCall·집 Ver.,0,0
2026-09-13T07:15:37+08:00,OffLine,0,0
2026-09-13T07:15:37+08:00,VideoCall·집 Ver.,0,0
2026-09-13T07:16:04+08:00,OffLine,0,0
2026-09-13T07:16:04+08:00,VideoCall·집 Ver.,0,0
2026-09-13T07:16:15+08:00,OffLine,0,0
2026-09-13T07:16:15+08:00,VideoCall·집 Ver.,0,0
2026-09-13T07:16:26+08:00,OffLine,0,0
2026-09-13T07:16:26+08:00,VideoCall·집 Ver.,0,0
2026-09-13T07:16:37+08:00,OffLine,0,0
2026-09-13T07:16:37+08:00,VideoCall·집 Ver.,0,0
2026-09-13T07:16:48+08:00,OffLine,0,0
2026-09-13T07:16:48+08:00,VideoCall·집 Ver.,0,0
2026-09-13T07:17:15+08:00,OffLine,0,0
2026-09-13T07:17:15+08:00,VideoCall·집 Ver.,0,0
2026-09-13T07:17:26+08:00,OffLine,0,0
2026-09-13T07:17:26+08:00,VideoCall·집 Ver.,0,0
2026-09-13T07:17:37+08:00,OffLine,0,0
2026-09-13T07:17:37+08:00,VideoCall·집 Ver.,0,0
2026-09-13T07:17:48+08:00,OffLine,0,0
2026-09-13T07:17:48+08:00,VideoCall·집 Ver.,0,0
2026-09-13T07:17:58+08:00,OffLine,0,0
2026-09-13T07:17:58+08:00,VideoCall·집 Ver.,0,0
2026-09-13T07:18:26+08:00,OffLine,0,0
2026-09-13T07:18:26+08:00,VideoCall·집 Ver.,0,0
2026-09-13T07:18:37+08:00,OffLine,0,0
2026-09-13T07:18:37+08:00,VideoCall·집 Ver.,0,0
2026-09-13T07:18:49+08:00,OffLine,0,0
2026-09-13T07:18:49+08:00,VideoCall·집 Ver.,0,0
2026-09-13T07:19:00+08:00,OffLine,0,0
2026-09-13T07:19:00+08:00,VideoCall·집 Ver.,0,0
2026-09-13T07:19:10+08:00,OffLine,0,0
2026-09-13T07:19:10+08:00,VideoCall·집 Ver.,0,0
2026-09-13T07:19:37+08:00,OffLine,0,0
2026-09-13T07:19:37+08:00,VideoCall·집 Ver.,0,0
2026-09-13T07:19:48+08:00,OffLine,0,0
2026-09-13T07:19:48+08:00,VideoCall·집 Ver.,0,0
2026-09-13T07:19:59+08:00,OffLine,0,0
2026-09-13T07:19:59+08:00,VideoCall·집 Ver.,0,0
2026-09-13T07:20:10+08:00,OffLine,0,0
2026-09-13T07:20:10+08:00,VideoCall·집 Ver.,0,0
2026-09-13T07:20:21+08:00,OffLine,0,0
2026-09-13T07:20:21+08:00,VideoCall·집 Ver.,0,0
2026-09-13T07:20:49+08:00,OffLine,0,0
2026-09-13T07:20:49+08:00,VideoCall·집 Ver.,0,0
2026-09-13T07:21:00+08:00,OffLine,0,0
2026-09-13T07:21:00+08:00,VideoCall·집 Ver.,0,0
2026-09-13T07:21:11+08:00,OffLine,0,0
2026-09-13T07:21:11+08:00,VideoCall·집 Ver.,0,0
2026-09-13T07:21:22+08:00,OffLine,0,0
2026-09-13T07:21:22+08:00,VideoCall·집 Ver.,0,0
2026-09-13T07:21:32+08:00,OffLine,0,0
2026-09-13T07:21:32+08:00,VideoCall·집 Ver.,0,0
2026-09-13T07:21:59+08:00,OffLine,0,0
2026-09-13T07:21:59+08:00,VideoCall·집 Ver.,0,0
2026-09-13T07:22:10+08:00,OffLine,0,0
2026-09-13T07:22:10+08:00,VideoCall·집 Ver.,0,0
2026-09-13T07:22:21+08:00,OffLine,0,0
2026-09-13T07:22:21+08:00,VideoCall·집 Ver.,0,0
2026-09-13T07:22:32+08:00,OffLine,0,0
2026-09-13T07:22:32+08:00,VideoCall·집 Ver.,0,0
2026-09-13T07:22:43+08:00,OffLine,0,0
2026-09-13T07:22:43+08:00,VideoCall·집 Ver.,0,0
2026-09-13T07:23:11+08:00,OffLine,0,0
2026-09-13T07:23:11+08:00,VideoCall·집 Ver.,0,0
2026-09-13T07:23:21+08:00,OffLine,0,0
2026-09-13T07:23:21+08:00,VideoCall·집 Ver.,0,0
2026-09-13T07:23:32+08:00,OffLine,0,0
2026-09-13T07:23:32+08:00,VideoCall·집 Ver.,0,0
2026-09-13T07:23:43+08:00,OffLine,0,0
2026-09-13T07:23:43+08:00,VideoCall·집 Ver.,0,0
2026-09-13T07:23:54+08:00,OffLine,0,0
2026-09-13T07:23:54+08:00,VideoCall·집 Ver.,0,0
2026-09-13T07:24:22+08:00,OffLine,0,0
2026-09-13T07:24:22+08:00,VideoCall·집 Ver.,0,0
2026-09-13T07:24:33+08:00,OffLine,0,0
2026-09-13T07:24:33+08:00,VideoCall·집 Ver.,0,0
2026-09-13T07:24:43+08:00,OffLine,0,0
2026-09-13T07:24:43+08:00,VideoCall·집 Ver.,0,0
2026-09-13T07:24:54+08:00,OffLine,0,0
2026-09-13T07:24:54+08:00,VideoCall·집 Ver.,0,0
2026-09-13T07:25:05+08:00,OffLine,0,0
2026-09-13T07:25:05+08:00,VideoCall·집 Ver.,0,0
2026-09-13T07:25:33+08:00,OffLine,0,0
2026-09-13T07:25:33+08:00,VideoCall·집 Ver.,0,0
2026-09-13T07:25:44+08:00,OffLine,0,0
2026-09-13T07:25:44+08:00,VideoCall·집 Ver.,0,0
2026-09-13T07:25:55+08:00,OffLine,0,0
2026-09-13T07:25:55+08:00,VideoCall·집 Ver.,0,0
2026-09-13T07:26:06+08:00,OffLine,0,0
2026-09-13T07:26:06+08:00,VideoCall·집 Ver.,0,0
2026-09-13T07:26:17+08:00,OffLine,0,0
2026-09-13T07:26:17+08:00,VideoCall·집 Ver.,0,0
2026-09-13T07:26:45+08:00,OffLine,0,0
2026-09-13T07:26:45+08:00,VideoCall·집 Ver.,0,0
2026-09-13T07:26:56+08:00,OffLine,0,0
2026-09-13T07:26:56+08:00,VideoCall·집 Ver.,0,0
2026-09-13T07:27:07+08:00,OffLine,0,0
2026-09-13T07:27:07+08:00,VideoCall·집 Ver.,0,0
2026-09-13T07:27:18+08:00,OffLine,0,0
2026-09-13T07:27:18+08:00,VideoCall·집 Ver.,0,0
2026-09-13T07:27:29+08:00,OffLine,0,0
2026-09-13T07:27:29+08:00,VideoCall·집 Ver.,0,0
2026-09-13T07:27:56+08:00,OffLine,0,0
2026-09-13T07:27:56+08:00,VideoCall·집 Ver.,0,0
2026-09-13T07:28:07+08:00,OffLine,0,0
2026-09-13T07:28:07+08:00,VideoCall·집 Ver.,0,0
2026-09-13T07:28:18+08:00,OffLine,0,0
2026-09-13T07:28:18+08:00,VideoCall·집 Ver.,0,0
2026-09-13T07:28:29+08:00,OffLine,0,0
2026-09-13T07:28:29+08:00,VideoCall·집 Ver.,0,0
2026-09-13T07:28:40+08:00,OffLine,0,0
2026-09-13T07:28:40+08:00,VideoCall·집 Ver.,0,0
2026-09-13T07:29:07+08:00,OffLine,0,0
2026-09-13T07:29:07+08:00,VideoCall·집 Ver.,0,0
2026-09-13T07:29:18+08:00,OffLine,0,0
2026-09-13T07:29:18+08:00,VideoCall·집 Ver.,0,0
2026-09-13T07:29:29+08:00,OffLine,0,0
2026-09-13T07:29:29+08:00,VideoCall·집 Ver.,0,0
2026-09-13T07:29:40+08:00,OffLine,0,0
2026-09-13T07:29:40+08:00,VideoCall·집 Ver.,0,0
2026-09-13T07:29:51+08:00,OffLine,0,0
2026-09-13T07:29:51+08:00,VideoCall·집 Ver.,0,0
2026-09-13T07:30:19+08:00,OffLine,0,0
2026-09-13T07:30:19+08:00,VideoCall·집 Ver.,0,0
2026-09-13T07:30:30+08:00,OffLine,0,0
2026-09-13T07:30:30+08:00,VideoCall·집 Ver.,0,0
2026-09-13T07:30:41+08:00,OffLine,0,0
2026-09-13T07:30:41+08:00,VideoCall·집 Ver.,0,0
2026-09-13T07:30:52+08:00,OffLine,0,0
2026-09-13T07:30:52+08:00,VideoCall·집 Ver.,0,0
2026-09-13T07:31:03+08:00,OffLine,0,0
2026-09-13T07:31:03+08:00,VideoCall·집 Ver.,0,0
2026-09-13T07:31:30+08:00,OffLine,0,0
2026-09-13T07:31:30+08:00,VideoCall·집 Ver.,0,0
2026-09-13T07:31:41+08:00,OffLine,0,0
2026-09-13T07:31:41+08:00,VideoCall·집 Ver.,0,0
2026-09-13T07:31:52+08:00,OffLine,0,0
2026-09-13T07:31:52+08:00,VideoCall·집 Ver.,0,0
2026-09-13T07:32:03+08:00,OffLine,0,0
2026-09-13T07:32:03+08:00,VideoCall·집 Ver.,0,0
2026-09-13T07:32:14+08:00,OffLine,0,0
2026-09-13T07:32:14+08:00,VideoCall·집 Ver.,0,0
2026-09-13T07:32:42+08:00,OffLine,0,0
2026-09-13T07:32:42+08:00,VideoCall·집 Ver.,0,0
2026-09-13T07:32:53+08:00,OffLine,0,0
2026-09-13T07:32:53+08:00,VideoCall·집 Ver.,0,0
2026-09-13T07:33:04+08:00,OffLine,0,0
2026-09-13T07:33:04+08:00,VideoCall·집 Ver.,0,0
2026-09-13T07:33:15+08:00,OffLine,0,0
2026-09-13T07:33:15+08:00,VideoCall·집 Ver.,0,0
2026-09-13T07:33:26+08:00,OffLine,0,0
2026-09-13T07:33:26+08:00,VideoCall·집 Ver.,0,0
2026-09-13T07:33:54+08:00,OffLine,0,0
2026-09-13T07:33:54+08:00,VideoCall·집 Ver.,0,0
2026-09-13T07:34:04+08:00,OffLine,0,0
2026-09-13T07:34:04+08:00,VideoCall·집 Ver.,0,0
2026-09-13T07:34:15+08:00,OffLine,0,0
2026-09-13T07:34:15+08:00,VideoCall·집 Ver.,0,0
2026-09-13T07:34:26+08:00,OffLine,0,0
2026-09-13T07:34:26+08:00,VideoCall·집 Ver.,0,0
2026-09-13T07:34:37+08:00,OffLine,0,0
2026-09-13T07:34:37+08:00,VideoCall·집 Ver.,0,0
2026-09-13T07:35:05+08:00,OffLine,0,0
2026-09-13T07:35:05+08:00,VideoCall·집 Ver.,0,0
2026-09-13T07:35:16+08:00,OffLine,0,0
2026-09-13T07:35:16+08:00,VideoCall·집 Ver.,0,0
2026-09-13T07:35:27+08:00,OffLine,0,0
2026-09-13T07:35:27+08:00,VideoCall·집 Ver.,0,0
2026-09-13T07:35:38+08:00,OffLine,0,0
2026-09-13T07:35:38+08:00,VideoCall·집 Ver.,0,0
2026-09-13T07:35:49+08:00,OffLine,0,0
2026-09-13T07:35:49+08:00,VideoCall·집 Ver.,0,0
2026-09-13T07:36:17+08:00,OffLine,0,0
2026-09-13T07:36:17+08:00,VideoCall·집 Ver.,0,0
2026-09-13T07:36:28+08:00,OffLine,0,0
2026-09-13T07:36:28+08:00,VideoCall·집 Ver.,0,0
2026-09-13T07:36:39+08:00,OffLine,0,0
2026-09-13T07:36:39+08:00,VideoCall·집 Ver.,0,0
2026-09-13T07:36:50+08:00,OffLine,0,0
2026-09-13T07:36:50+08:00,VideoCall·집 Ver.,0,0
2026-09-13T07:37:01+08:00,OffLine,0,0
2026-09-13T07:37:01+08:00,VideoCall·집 Ver.,0,0
2026-09-13T07:37:28+08:00,OffLine,0,0
2026-09-13T07:37:28+08:00,VideoCall·집 Ver.,0,0
2026-09-13T07:37:40+08:00,OffLine,0,0
2026-09-13T07:37:40+08:00,VideoCall·집 Ver.,0,0
2026-09-13T07:37:51+08:00,OffLine,0,0
2026-09-13T07:37:51+08:00,VideoCall·집 Ver.,0,0
2026-09-13T07:38:02+08:00,OffLine,0,0
2026-09-13T07:38:02+08:00,VideoCall·집 Ver.,0,0
2026-09-13T07:38:13+08:00,OffLine,0,0
2026-09-13T07:38:13+08:00,VideoCall·집 Ver.,0,0
2026-09-13T07:38:40+08:00,OffLine,0,0
2026-09-13T07:38:40+08:00,VideoCall·집 Ver.,0,0
2026-09-13T07:38:51+08:00,OffLine,0,0
2026-09-13T07:38:51+08:00,VideoCall·집 Ver.,0,0
2026-09-13T07:39:02+08:00,OffLine,0,0
2026-09-13T07:39:02+08:00,VideoCall·집 Ver.,0,0
2026-09-13T07:39:13+08:00,OffLine,0,0
2026-09-13T07:39:13+08:00,VideoCall·집 Ver.,0,0
2026-09-13T07:39:24+08:00,OffLine,0,0
2026-09-13T07:39:24+08:00,VideoCall·집 Ver.,0,0
2026-09-13T07:39:52+08:00,OffLine,0,0
2026-09-13T07:39:52+08:00,VideoCall·집 Ver.,0,0
2026-09-13T07:40:03+08:00,OffLine,0,0
2026-09-13T07:40:03+08:00,VideoCall·집 Ver.,0,0
2026-09-13T07:40:14+08:00,OffLine,0,0
2026-09-13T07:40:14+08:00,VideoCall·집 Ver.,0,0
2026-09-13T07:40:25+08:00,OffLine,0,0
2026-09-13T07:40:25+08:00,VideoCall·집 Ver.,0,0
2026-09-13T07:40:36+08:00,OffLine,0,0
2026-09-13T07:40:36+08:00,VideoCall·집 Ver.,0,0
2026-09-13T07:41:03+08:00,OffLine,0,0
2026-09-13T07:41:03+08:00,VideoCall·집 Ver.,0,0
2026-09-13T07:41:14+08:00,OffLine,0,0
2026-09-13T07:41:14+08:00,VideoCall·집 Ver.,0,0
2026-09-13T07:41:24+08:00,OffLine,0,0
2026-09-13T07:41:24+08:00,VideoCall·집 Ver.,0,0
2026-09-13T07:41:35+08:00,OffLine,0,0
2026-09-13T07:41:35+08:00,VideoCall·집 Ver.,0,0
2026-09-13T07:41:46+08:00,OffLine,0,0
2026-09-13T07:41:46+08:00,VideoCall·집 Ver.,0,0
2026-09-13T07:42:12+08:00,OffLine,0,0
2026-09-13T07:42:12+08:00,VideoCall·집 Ver.,0,0
2026-09-13T07:42:24+08:00,OffLine,0,0
2026-09-13T07:42:24+08:00,VideoCall·집 Ver.,0,0
2026-09-13T07:42:35+08:00,OffLine,0,0
2026-09-13T07:42:35+08:00,VideoCall·집 Ver.,0,0
2026-09-13T07:42:46+08:00,OffLine,0,0
2026-09-13T07:42:46+08:00,VideoCall·집 Ver.,0,0
2026-09-13T07:42:57+08:00,OffLine,0,0
2026-09-13T07:42:57+08:00,VideoCall·집 Ver.,0,0
2026-09-13T07:43:23+08:00,OffLine,0,0
2026-09-13T07:43:23+08:00,VideoCall·집 Ver.,0,0
2026-09-13T07:43:34+08:00,OffLine,0,0
2026-09-13T07:43:34+08:00,VideoCall·집 Ver.,0,0
2026-09-13T07:43:45+08:00,OffLine,0,0
2026-09-13T07:43:45+08:00,VideoCall·집 Ver.,0,0
2026-09-13T07:43:56+08:00,OffLine,0,0
2026-09-13T07:43:56+08:00,VideoCall·집 Ver.,0,0
2026-09-13T07:44:07+08:00,OffLine,0,0
2026-09-13T07:44:07+08:00,VideoCall·집 Ver.,0,0
2026-09-13T07:44:33+08:00,OffLine,0,0
2026-09-13T07:44:33+08:00,VideoCall·집 Ver.,0,0
2026-09-13T07:44:44+08:00,OffLine,0,0
2026-09-13T07:44:44+08:00,VideoCall·집 Ver.,0,0
2026-09-13T07:44:55+08:00,OffLine,0,0
2026-09-13T07:44:55+08:00,VideoCall·집 Ver.,0,0
2026-09-13T07:45:06+08:00,OffLine,0,0
2026-09-13T07:45:06+08:00,VideoCall·집 Ver.,0,0
2026-09-13T07:45:17+08:00,OffLine,0,0
2026-09-13T07:45:17+08:00,VideoCall·집 Ver.,0,0
2026-09-13T07:45:43+08:00,OffLine,0,0
2026-09-13T07:45:43+08:00,VideoCall·집 Ver.,0,0
2026-09-13T07:45:54+08:00,OffLine,0,0
2026-09-13T07:45:54+08:00,VideoCall·집 Ver.,0,0
2026-09-13T07:46:05+08:00,OffLine,0,0
2026-09-13T07:46:05+08:00,VideoCall·집 Ver.,0,0
2026-09-13T07:46:16+08:00,OffLine,0,0
2026-09-13T07:46:16+08:00,VideoCall·집 Ver.,0,0
2026-09-13T07:46:27+08:00,OffLine,0,0
2026-09-13T07:46:27+08:00,VideoCall·집 Ver.,0,0
2026-09-13T07:46:54+08:00,OffLine,0,0
2026-09-13T07:46:54+08:00,VideoCall·집 Ver.,0,0
2026-09-13T07:47:05+08:00,OffLine,0,0
2026-09-13T07:47:05+08:00,VideoCall·집 Ver.,0,0
2026-09-13T07:47:16+08:00,OffLine,0,0
2026-09-13T07:47:16+08:00,VideoCall·집 Ver.,0,0
2026-09-13T07:47:27+08:00,OffLine,0,0
2026-09-13T07:47:27+08:00,VideoCall·집 Ver.,0,0
2026-09-13T07:47:38+08:00,OffLine,0,0
2026-09-13T07:47:38+08:00,VideoCall·집 Ver.,0,0
2026-09-13T07:48:29+08:00,OffLine,0,0
2026-09-13T07:48:29+08:00,VideoCall·집 Ver.,0,0
2026-09-13T07:48:40+08:00,OffLine,0,0
2026-09-13T07:48:40+08:00,VideoCall·집 Ver.,0,0
2026-09-13T07:48:51+08:00,OffLine,0,0
2026-09-13T07:48:51+08:00,VideoCall·집 Ver.,0,0
2026-09-13T07:49:02+08:00,OffLine,0,0
2026-09-13T07:49:02+08:00,VideoCall·집 Ver.,0,0
2026-09-13T07:49:13+08:00,OffLine,0,0
2026-09-13T07:49:13+08:00,VideoCall·집 Ver.,0,0
2026-09-13T07:49:23+08:00,OffLine,0,0
2026-09-13T07:49:23+08:00,VideoCall·집 Ver.,0,0
2026-09-13T07:49:34+08:00,OffLine,0,0
2026-09-13T07:49:34+08:00,VideoCall·집 Ver.,0,0
2026-09-13T07:50:01+08:00,OffLine,0,0
2026-09-13T07:50:01+08:00,VideoCall·집 Ver.,0,0
2026-09-13T07:50:12+08:00,OffLine,0,0
2026-09-13T07:50:12+08:00,VideoCall·집 Ver.,0,0
2026-09-13T07:50:23+08:00,OffLine,0,0
2026-09-13T07:50:23+08:00,VideoCall·집 Ver.,0,0
2026-09-13T07:50:34+08:00,OffLine,0,0
2026-09-13T07:50:34+08:00,VideoCall·집 Ver.,0,0
2026-09-13T07:50:45+08:00,OffLine,0,0
2026-09-13T07:50:45+08:00,VideoCall·집 Ver.,0,0
2026-09-13T07:51:17+08:00,OffLine,0,0
2026-09-13T07:51:17+08:00,VideoCall·집 Ver.,0,0
2026-09-13T07:51:28+08:00,OffLine,0,0
2026-09-13T07:51:28+08:00,VideoCall·집 Ver.,0,0
2026-09-13T07:51:39+08:00,OffLine,0,0
2026-09-13T07:51:39+08:00,VideoCall·집 Ver.,0,0
2026-09-13T07:51:50+08:00,OffLine,0,0
2026-09-13T07:51:50+08:00,VideoCall·집 Ver.,0,0
2026-09-13T07:52:00+08:00,OffLine,0,0
2026-09-13T07:52:00+08:00,VideoCall·집 Ver.,0,0
2026-09-13T07:52:28+08:00,OffLine,0,0
2026-09-13T07:52:28+08:00,VideoCall·집 Ver.,0,0
2026-09-13T07:52:39+08:00,OffLine,0,0
2026-09-13T07:52:39+08:00,VideoCall·집 Ver.,0,0
2026-09-13T07:52:50+08:00,OffLine,0,0
2026-09-13T07:52:50+08:00,VideoCall·집 Ver.,0,0
2026-09-13T07:53:01+08:00,OffLine,0,0
2026-09-13T07:53:01+08:00,VideoCall·집 Ver.,0,0
2026-09-13T07:53:12+08:00,OffLine,0,0
2026-09-13T07:53:12+08:00,VideoCall·집 Ver.,0,0
2026-09-13T07:53:38+08:00,OffLine,0,0
2026-09-13T07:53:38+08:00,VideoCall·집 Ver.,0,0
2026-09-13T07:53:49+08:00,OffLine,0,0
2026-09-13T07:53:49+08:00,VideoCall·집 Ver.,0,0
2026-09-13T07:54:00+08:00,OffLine,0,0
2026-09-13T07:54:00+08:00,VideoCall·집 Ver.,0,0
2026-09-13T07:54:11+08:00,OffLine,0,0
2026-09-13T07:54:11+08:00,VideoCall·집 Ver.,0,0
2026-09-13T07:54:22+08:00,OffLine,0,0
2026-09-13T07:54:22+08:00,VideoCall·집 Ver.,0,0
2026-09-13T07:54:49+08:00,OffLine,0,0
2026-09-13T07:54:49+08:00,VideoCall·집 Ver.,0,0
2026-09-13T07:55:00+08:00,OffLine,0,0
2026-09-13T07:55:00+08:00,VideoCall·집 Ver.,0,0
2026-09-13T07:55:11+08:00,OffLine,0,0
2026-09-13T07:55:11+08:00,VideoCall·집 Ver.,0,0
2026-09-13T07:55:22+08:00,OffLine,0,0
2026-09-13T07:55:22+08:00,VideoCall·집 Ver.,0,0
2026-09-13T07:55:32+08:00,OffLine,0,0
2026-09-13T07:55:32+08:00,VideoCall·집 Ver.,0,0
2026-09-13T07:55:59+08:00,OffLine,0,0
2026-09-13T07:55:59+08:00,VideoCall·집 Ver.,0,0
2026-09-13T07:56:10+08:00,OffLine,0,0
2026-09-13T07:56:10+08:00,VideoCall·집 Ver.,0,0
2026-09-13T07:56:21+08:00,OffLine,0,0
2026-09-13T07:56:21+08:00,VideoCall·집 Ver.,0,0
2026-09-13T07:56:32+08:00,OffLine,0,0
2026-09-13T07:56:32+08:00,VideoCall·집 Ver.,0,0
2026-09-13T07:56:43+08:00,OffLine,0,0
2026-09-13T07:56:43+08:00,VideoCall·집 Ver.,0,0
2026-09-13T07:57:10+08:00,OffLine,0,0
2026-09-13T07:57:10+08:00,VideoCall·집 Ver.,0,0
2026-09-13T07:57:21+08:00,OffLine,0,0
2026-09-13T07:57:21+08:00,VideoCall·집 Ver.,0,0
2026-09-13T07:57:32+08:00,OffLine,0,0
2026-09-13T07:57:32+08:00,VideoCall·집 Ver.,0,0
2026-09-13T07:57:43+08:00,OffLine,0,0
2026-09-13T07:57:43+08:00,VideoCall·집 Ver.,0,0
2026-09-13T07:57:54+08:00,OffLine,0,0
2026-09-13T07:57:54+08:00,VideoCall·집 Ver.,0,0
2026-09-13T07:58:21+08:00,OffLine,0,0
2026-09-13T07:58:21+08:00,VideoCall·집 Ver.,0,0
2026-09-13T07:58:32+08:00,OffLine,0,0
2026-09-13T07:58:32+08:00,VideoCall·집 Ver.,0,0
2026-09-13T07:58:42+08:00,OffLine,0,0
2026-09-13T07:58:42+08:00,VideoCall·집 Ver.,0,0
2026-09-13T07:58:53+08:00,OffLine,0,0
2026-09-13T07:58:53+08:00,VideoCall·집 Ver.,0,0
2026-09-13T07:59:04+08:00,OffLine,0,0
2026-09-13T07:59:04+08:00,VideoCall·집 Ver.,0,0
2026-09-13T07:59:30+08:00,OffLine,0,0
2026-09-13T07:59:30+08:00,VideoCall·집 Ver.,0,0
2026-09-13T07:59:41+08:00,OffLine,0,0
2026-09-13T07:59:41+08:00,VideoCall·집 Ver.,0,0
2026-09-13T07:59:52+08:00,OffLine,0,0
2026-09-13T07:59:52+08:00,VideoCall·집 Ver.,0,0
2026-09-13T08:00:04+08:00,OffLine,0,0
2026-09-13T08:00:04+08:00,VideoCall·집 Ver.,0,0
2026-09-13T08:00:15+08:00,OffLine,0,0
2026-09-13T08:00:15+08:00,VideoCall·집 Ver.,0,0
2026-09-13T08:00:41+08:00,OffLine,0,0
2026-09-13T08:00:41+08:00,VideoCall·집 Ver.,0,0
2026-09-13T08:00:52+08:00,OffLine,0,0
2026-09-13T08:00:52+08:00,VideoCall·집 Ver.,0,0
2026-09-13T08:01:02+08:00,OffLine,0,0
2026-09-13T08:01:02+08:00,VideoCall·집 Ver.,0,0
2026-09-13T08:01:13+08:00,OffLine,0,0
2026-09-13T08:01:13+08:00,VideoCall·집 Ver.,0,0
2026-09-13T08:01:25+08:00,OffLine,0,0
2026-09-13T08:01:25+08:00,VideoCall·집 Ver.,0,0
2026-09-13T08:01:51+08:00,OffLine,0,0
2026-09-13T08:01:51+08:00,VideoCall·집 Ver.,0,0
2026-09-13T08:02:02+08:00,OffLine,0,0
2026-09-13T08:02:02+08:00,VideoCall·집 Ver.,0,0
2026-09-13T08:02:13+08:00,OffLine,0,0
2026-09-13T08:02:13+08:00,VideoCall·집 Ver.,0,0
2026-09-13T08:02:23+08:00,OffLine,0,0
2026-09-13T08:02:23+08:00,VideoCall·집 Ver.,0,0
2026-09-13T08:02:34+08:00,OffLine,0,0
2026-09-13T08:02:34+08:00,VideoCall·집 Ver.,0,0
2026-09-13T08:03:01+08:00,OffLine,0,0
2026-09-13T08:03:01+08:00,VideoCall·집 Ver.,0,0
2026-09-13T08:03:12+08:00,OffLine,0,0
2026-09-13T08:03:12+08:00,VideoCall·집 Ver.,0,0
2026-09-13T08:03:23+08:00,OffLine,0,0
2026-09-13T08:03:23+08:00,VideoCall·집 Ver.,0,0
2026-09-13T08:03:33+08:00,OffLine,0,0
2026-09-13T08:03:33+08:00,VideoCall·집 Ver.,0,0
2026-09-13T08:03:44+08:00,OffLine,0,0
2026-09-13T08:03:44+08:00,VideoCall·집 Ver.,0,0
2026-09-13T08:04:11+08:00,OffLine,0,0
2026-09-13T08:04:11+08:00,VideoCall·집 Ver.,0,0
2026-09-13T08:04:22+08:00,OffLine,0,0
2026-09-13T08:04:22+08:00,VideoCall·집 Ver.,0,0
2026-09-13T08:04:33+08:00,OffLine,0,0
2026-09-13T08:04:33+08:00,VideoCall·집 Ver.,0,0
2026-09-13T08:04:44+08:00,OffLine,0,0
2026-09-13T08:04:44+08:00,VideoCall·집 Ver.,0,0
2026-09-13T08:04:54+08:00,OffLine,0,0
2026-09-13T08:04:54+08:00,VideoCall·집 Ver.,0,0
2026-09-13T08:05:21+08:00,OffLine,0,0
2026-09-13T08:05:21+08:00,VideoCall·집 Ver.,0,0
2026-09-13T08:05:32+08:00,OffLine,0,0
2026-09-13T08:05:32+08:00,VideoCall·집 Ver.,0,0
2026-09-13T08:05:43+08:00,OffLine,0,0
2026-09-13T08:05:43+08:00,VideoCall·집 Ver.,0,0
2026-09-13T08:05:54+08:00,OffLine,0,0
2026-09-13T08:05:54+08:00,VideoCall·집 Ver.,0,0
2026-09-13T08:06:05+08:00,OffLine,0,0
2026-09-13T08:06:05+08:00,VideoCall·집 Ver.,0,0
2026-09-13T08:06:32+08:00,OffLine,0,0
2026-09-13T08:06:32+08:00,VideoCall·집 Ver.,0,0
2026-09-13T08:06:42+08:00,OffLine,0,0
2026-09-13T08:06:42+08:00,VideoCall·집 Ver.,0,0
2026-09-13T08:06:53+08:00,OffLine,0,0
2026-09-13T08:06:53+08:00,VideoCall·집 Ver.,0,0
2026-09-13T08:07:04+08:00,OffLine,0,0
2026-09-13T08:07:04+08:00,VideoCall·집 Ver.,0,0
2026-09-13T08:07:15+08:00,OffLine,0,0
2026-09-13T08:07:15+08:00,VideoCall·집 Ver.,0,0
2026-09-13T08:07:41+08:00,OffLine,0,0
2026-09-13T08:07:41+08:00,VideoCall·집 Ver.,0,0
2026-09-13T08:07:52+08:00,OffLine,0,0
2026-09-13T08:07:52+08:00,VideoCall·집 Ver.,0,0
2026-09-13T08:08:04+08:00,OffLine,0,0
2026-09-13T08:08:04+08:00,VideoCall·집 Ver.,0,0
2026-09-13T08:08:15+08:00,OffLine,0,0
2026-09-13T08:08:15+08:00,VideoCall·집 Ver.,0,0
2026-09-13T08:08:25+08:00,OffLine,0,0
2026-09-13T08:08:25+08:00,VideoCall·집 Ver.,0,0
2026-09-13T08:08:52+08:00,OffLine,0,0
2026-09-13T08:08:52+08:00,VideoCall·집 Ver.,0,0
2026-09-13T08:09:03+08:00,OffLine,0,0
2026-09-13T08:09:03+08:00,VideoCall·집 Ver.,0,0
2026-09-13T08:09:14+08:00,OffLine,0,0
2026-09-13T08:09:14+08:00,VideoCall·집 Ver.,0,0
2026-09-13T08:09:25+08:00,OffLine,0,0
2026-09-13T08:09:25+08:00,VideoCall·집 Ver.,0,0
2026-09-13T08:09:37+08:00,OffLine,0,0
2026-09-13T08:09:37+08:00,VideoCall·집 Ver.,0,0
2026-09-13T08:10:02+08:00,OffLine,0,0
2026-09-13T08:10:02+08:00,VideoCall·집 Ver.,0,0
2026-09-13T08:10:14+08:00,OffLine,0,0
2026-09-13T08:10:14+08:00,VideoCall·집 Ver.,0,0
2026-09-13T08:10:25+08:00,OffLine,0,0
2026-09-13T08:10:25+08:00,VideoCall·집 Ver.,0,0
2026-09-13T08:10:35+08:00,OffLine,0,0
2026-09-13T08:10:35+08:00,VideoCall·집 Ver.,0,0
2026-09-13T08:10:47+08:00,OffLine,0,0
2026-09-13T08:10:47+08:00,VideoCall·집 Ver.,0,0
2026-09-13T08:11:13+08:00,OffLine,0,0
2026-09-13T08:11:13+08:00,VideoCall·집 Ver.,0,0
2026-09-13T08:11:24+08:00,OffLine,0,0
2026-09-13T08:11:24+08:00,VideoCall·집 Ver.,0,0
2026-09-13T08:11:35+08:00,OffLine,0,0
2026-09-13T08:11:35+08:00,VideoCall·집 Ver.,0,0
2026-09-13T08:11:46+08:00,OffLine,0,0
2026-09-13T08:11:46+08:00,VideoCall·집 Ver.,0,0
2026-09-13T08:11:57+08:00,OffLine,0,0
2026-09-13T08:11:57+08:00,VideoCall·집 Ver.,0,0
2026-09-13T08:12:24+08:00,OffLine,0,0
2026-09-13T08:12:24+08:00,VideoCall·집 Ver.,0,0
2026-09-13T08:12:36+08:00,OffLine,0,0
2026-09-13T08:12:36+08:00,VideoCall·집 Ver.,0,0
2026-09-13T08:12:47+08:00,OffLine,0,0
2026-09-13T08:12:47+08:00,VideoCall·집 Ver.,0,0
2026-09-13T08:12:57+08:00,OffLine,0,0
2026-09-13T08:12:57+08:00,VideoCall·집 Ver.,0,0
2026-09-13T08:13:08+08:00,OffLine,0,0
2026-09-13T08:13:08+08:00,VideoCall·집 Ver.,0,0
2026-09-13T08:13:36+08:00,OffLine,0,0
2026-09-13T08:13:36+08:00,VideoCall·집 Ver.,0,0
2026-09-13T08:13:46+08:00,OffLine,0,0
2026-09-13T08:13:46+08:00,VideoCall·집 Ver.,0,0
2026-09-13T08:13:57+08:00,OffLine,0,0
2026-09-13T08:13:57+08:00,VideoCall·집 Ver.,0,0
2026-09-13T08:14:08+08:00,OffLine,0,0
2026-09-13T08:14:08+08:00,VideoCall·집 Ver.,0,0
2026-09-13T08:14:19+08:00,OffLine,0,0
2026-09-13T08:14:19+08:00,VideoCall·집 Ver.,0,0
2026-09-13T08:14:46+08:00,OffLine,0,0
2026-09-13T08:14:46+08:00,VideoCall·집 Ver.,0,0
2026-09-13T08:14:57+08:00,OffLine,0,0
2026-09-13T08:14:57+08:00,VideoCall·집 Ver.,0,0
2026-09-13T08:15:08+08:00,OffLine,0,0
2026-09-13T08:15:08+08:00,VideoCall·집 Ver.,0,0
2026-09-13T08:15:18+08:00,OffLine,0,0
2026-09-13T08:15:18+08:00,VideoCall·집 Ver.,0,0
2026-09-13T08:15:29+08:00,OffLine,0,0
2026-09-13T08:15:29+08:00,VideoCall·집 Ver.,0,0
2026-09-13T08:15:56+08:00,OffLine,0,0
2026-09-13T08:15:56+08:00,VideoCall·집 Ver.,0,0
2026-09-13T08:16:07+08:00,OffLine,0,0
2026-09-13T08:16:07+08:00,VideoCall·집 Ver.,0,0
2026-09-13T08:16:18+08:00,OffLine,0,0
2026-09-13T08:16:18+08:00,VideoCall·집 Ver.,0,0
2026-09-13T08:16:29+08:00,OffLine,0,0
2026-09-13T08:16:29+08:00,VideoCall·집 Ver.,0,0
2026-09-13T08:16:40+08:00,OffLine,0,0
2026-09-13T08:16:40+08:00,VideoCall·집 Ver.,0,0
2026-09-13T08:17:08+08:00,OffLine,0,0
2026-09-13T08:17:08+08:00,VideoCall·집 Ver.,0,0
2026-09-13T08:17:18+08:00,OffLine,0,0
2026-09-13T08:17:18+08:00,VideoCall·집 Ver.,0,0
2026-09-13T08:17:29+08:00,OffLine,0,0
2026-09-13T08:17:29+08:00,VideoCall·집 Ver.,0,0
2026-09-13T08:17:40+08:00,OffLine,0,0
2026-09-13T08:17:40+08:00,VideoCall·집 Ver.,0,0
2026-09-13T08:17:50+08:00,OffLine,0,0
2026-09-13T08:17:50+08:00,VideoCall·집 Ver.,0,0
2026-09-13T08:18:18+08:00,OffLine,0,0
2026-09-13T08:18:18+08:00,VideoCall·집 Ver.,0,0
2026-09-13T08:18:29+08:00,OffLine,0,0
2026-09-13T08:18:29+08:00,VideoCall·집 Ver.,0,0
2026-09-13T08:18:40+08:00,OffLine,0,0
2026-09-13T08:18:40+08:00,VideoCall·집 Ver.,0,0
2026-09-13T08:18:50+08:00,OffLine,0,0
2026-09-13T08:18:50+08:00,VideoCall·집 Ver.,0,0
2026-09-13T08:19:02+08:00,OffLine,0,0
2026-09-13T08:19:02+08:00,VideoCall·집 Ver.,0,0
2026-09-13T08:19:29+08:00,OffLine,0,0
2026-09-13T08:19:29+08:00,VideoCall·집 Ver.,0,0
2026-09-13T08:19:39+08:00,OffLine,0,0
2026-09-13T08:19:39+08:00,VideoCall·집 Ver.,0,0
2026-09-13T08:19:50+08:00,OffLine,0,0
2026-09-13T08:19:50+08:00,VideoCall·집 Ver.,0,0
2026-09-13T08:20:01+08:00,OffLine,0,0
2026-09-13T08:20:01+08:00,VideoCall·집 Ver.,0,0
2026-09-13T08:20:12+08:00,OffLine,0,0
2026-09-13T08:20:12+08:00,VideoCall·집 Ver.,0,0
2026-09-13T08:20:38+08:00,OffLine,0,0
2026-09-13T08:20:38+08:00,VideoCall·집 Ver.,0,0
2026-09-13T08:20:50+08:00,OffLine,0,0
2026-09-13T08:20:50+08:00,VideoCall·집 Ver.,0,0
2026-09-13T08:21:01+08:00,OffLine,0,0
2026-09-13T08:21:01+08:00,VideoCall·집 Ver.,0,0
2026-09-13T08:21:11+08:00,OffLine,0,0
2026-09-13T08:21:11+08:00,VideoCall·집 Ver.,0,0
2026-09-13T08:21:22+08:00,OffLine,0,0
2026-09-13T08:21:22+08:00,VideoCall·집 Ver.,0,0
2026-09-13T08:21:48+08:00,OffLine,0,0
2026-09-13T08:21:48+08:00,VideoCall·집 Ver.,0,0
2026-09-13T08:21:59+08:00,OffLine,0,0
2026-09-13T08:21:59+08:00,VideoCall·집 Ver.,0,0
2026-09-13T08:22:10+08:00,OffLine,0,0
2026-09-13T08:22:10+08:00,VideoCall·집 Ver.,0,0
2026-09-13T08:22:21+08:00,OffLine,0,0
2026-09-13T08:22:21+08:00,VideoCall·집 Ver.,0,0
2026-09-13T08:22:32+08:00,OffLine,0,0
2026-09-13T08:22:32+08:00,VideoCall·집 Ver.,0,0
2026-09-13T08:22:58+08:00,OffLine,0,0
2026-09-13T08:22:58+08:00,VideoCall·집 Ver.,0,0
2026-09-13T08:23:09+08:00,OffLine,0,0
2026-09-13T08:23:09+08:00,VideoCall·집 Ver.,0,0
2026-09-13T08:23:19+08:00,OffLine,0,0
2026-09-13T08:23:19+08:00,VideoCall·집 Ver.,0,0
2026-09-13T08:23:30+08:00,OffLine,0,0
2026-09-13T08:23:30+08:00,VideoCall·집 Ver.,0,0
2026-09-13T08:23:41+08:00,OffLine,0,0
2026-09-13T08:23:41+08:00,VideoCall·집 Ver.,0,0
2026-09-13T08:24:08+08:00,OffLine,0,0
2026-09-13T08:24:08+08:00,VideoCall·집 Ver.,0,0
2026-09-13T08:24:19+08:00,OffLine,0,0
2026-09-13T08:24:19+08:00,VideoCall·집 Ver.,0,0
2026-09-13T08:24:30+08:00,OffLine,0,0
2026-09-13T08:24:30+08:00,VideoCall·집 Ver.,0,0
2026-09-13T08:24:40+08:00,OffLine,0,0
2026-09-13T08:24:40+08:00,VideoCall·집 Ver.,0,0
2026-09-13T08:24:51+08:00,OffLine,0,0
2026-09-13T08:24:51+08:00,VideoCall·집 Ver.,0,0
2026-09-13T08:25:19+08:00,OffLine,0,0
2026-09-13T08:25:19+08:00,VideoCall·집 Ver.,0,0
2026-09-13T08:25:30+08:00,OffLine,0,0
2026-09-13T08:25:30+08:00,VideoCall·집 Ver.,0,0
2026-09-13T08:25:41+08:00,OffLine,0,0
2026-09-13T08:25:41+08:00,VideoCall·집 Ver.,0,0
2026-09-13T08:25:52+08:00,OffLine,0,0
2026-09-13T08:25:52+08:00,VideoCall·집 Ver.,0,0
2026-09-13T08:26:03+08:00,OffLine,0,0
2026-09-13T08:26:03+08:00,VideoCall·집 Ver.,0,0
2026-09-13T08:26:30+08:00,OffLine,0,0
2026-09-13T08:26:30+08:00,VideoCall·집 Ver.,0,0
2026-09-13T08:26:41+08:00,OffLine,0,0
2026-09-13T08:26:41+08:00,VideoCall·집 Ver.,0,0
2026-09-13T08:26:52+08:00,OffLine,0,0
2026-09-13T08:26:52+08:00,VideoCall·집 Ver.,0,0
2026-09-13T08:27:03+08:00,OffLine,0,0
2026-09-13T08:27:03+08:00,VideoCall·집 Ver.,0,0
2026-09-13T08:27:14+08:00,OffLine,0,0
2026-09-13T08:27:14+08:00,VideoCall·집 Ver.,0,0
2026-09-13T08:27:40+08:00,OffLine,0,0
2026-09-13T08:27:40+08:00,VideoCall·집 Ver.,0,0
2026-09-13T08:27:51+08:00,OffLine,0,0
2026-09-13T08:27:51+08:00,VideoCall·집 Ver.,0,0
2026-09-13T08:28:02+08:00,OffLine,0,0
2026-09-13T08:28:02+08:00,VideoCall·집 Ver.,0,0
2026-09-13T08:28:13+08:00,OffLine,0,0
2026-09-13T08:28:13+08:00,VideoCall·집 Ver.,0,0
2026-09-13T08:28:24+08:00,OffLine,0,0
2026-09-13T08:28:24+08:00,VideoCall·집 Ver.,0,0
2026-09-13T08:28:51+08:00,OffLine,0,0
2026-09-13T08:28:51+08:00,VideoCall·집 Ver.,0,0
2026-09-13T08:29:02+08:00,OffLine,0,0
2026-09-13T08:29:02+08:00,VideoCall·집 Ver.,0,0
2026-09-13T08:29:13+08:00,OffLine,0,0
2026-09-13T08:29:13+08:00,VideoCall·집 Ver.,0,0
2026-09-13T08:29:23+08:00,OffLine,0,0
2026-09-13T08:29:23+08:00,VideoCall·집 Ver.,0,0
2026-09-13T08:29:34+08:00,OffLine,0,0
2026-09-13T08:29:34+08:00,VideoCall·집 Ver.,0,0
2026-09-13T08:30:01+08:00,OffLine,0,0
2026-09-13T08:30:01+08:00,VideoCall·집 Ver.,0,0
2026-09-13T08:30:12+08:00,OffLine,0,0
2026-09-13T08:30:12+08:00,VideoCall·집 Ver.,0,0
2026-09-13T08:30:23+08:00,OffLine,0,0
2026-09-13T08:30:23+08:00,VideoCall·집 Ver.,0,0
2026-09-13T08:30:34+08:00,OffLine,0,0
2026-09-13T08:30:34+08:00,VideoCall·집 Ver.,0,0
2026-09-13T08:30:45+08:00,OffLine,0,0
2026-09-13T08:30:45+08:00,VideoCall·집 Ver.,0,0
2026-09-13T08:31:10+08:00,OffLine,0,0
2026-09-13T08:31:10+08:00,VideoCall·집 Ver.,0,0
2026-09-13T08:31:21+08:00,OffLine,0,0
2026-09-13T08:31:21+08:00,VideoCall·집 Ver.,0,0
2026-09-13T08:31:32+08:00,OffLine,0,0
2026-09-13T08:31:32+08:00,VideoCall·집 Ver.,0,0
2026-09-13T08:31:43+08:00,OffLine,0,0
2026-09-13T08:31:43+08:00,VideoCall·집 Ver.,0,0
2026-09-13T08:31:53+08:00,OffLine,0,0
2026-09-13T08:31:53+08:00,VideoCall·집 Ver.,0,0
2026-09-13T08:32:20+08:00,OffLine,0,0
2026-09-13T08:32:20+08:00,VideoCall·집 Ver.,0,0
2026-09-13T08:32:30+08:00,OffLine,0,0
2026-09-13T08:32:30+08:00,VideoCall·집 Ver.,0,0
2026-09-13T08:32:41+08:00,OffLine,0,0
2026-09-13T08:32:41+08:00,VideoCall·집 Ver.,0,0
2026-09-13T08:32:52+08:00,OffLine,0,0
2026-09-13T08:32:52+08:00,VideoCall·집 Ver.,0,0
2026-09-13T08:33:02+08:00,OffLine,0,0
2026-09-13T08:33:02+08:00,VideoCall·집 Ver.,0,0
2026-09-13T08:33:30+08:00,OffLine,0,0
2026-09-13T08:33:30+08:00,VideoCall·집 Ver.,0,0
2026-09-13T08:33:41+08:00,OffLine,0,0
2026-09-13T08:33:41+08:00,VideoCall·집 Ver.,0,0
2026-09-13T08:33:52+08:00,OffLine,0,0
2026-09-13T08:33:52+08:00,VideoCall·집 Ver.,0,0
2026-09-13T08:34:02+08:00,OffLine,0,0
2026-09-13T08:34:02+08:00,VideoCall·집 Ver.,0,0
2026-09-13T08:34:13+08:00,OffLine,0,0
2026-09-13T08:34:13+08:00,VideoCall·집 Ver.,0,0
2026-09-13T08:34:40+08:00,OffLine,0,0
2026-09-13T08:34:40+08:00,VideoCall·집 Ver.,0,0
2026-09-13T08:34:51+08:00,OffLine,0,0
2026-09-13T08:34:51+08:00,VideoCall·집 Ver.,0,0
2026-09-13T08:35:02+08:00,OffLine,0,0
2026-09-13T08:35:02+08:00,VideoCall·집 Ver.,0,0
2026-09-13T08:35:13+08:00,OffLine,0,0
2026-09-13T08:35:13+08:00,VideoCall·집 Ver.,0,0
2026-09-13T08:35:24+08:00,OffLine,0,0
2026-09-13T08:35:24+08:00,VideoCall·집 Ver.,0,0
2026-09-13T08:35:51+08:00,OffLine,0,0
2026-09-13T08:35:51+08:00,VideoCall·집 Ver.,0,0
2026-09-13T08:36:02+08:00,OffLine,0,0
2026-09-13T08:36:02+08:00,VideoCall·집 Ver.,0,0
2026-09-13T08:36:12+08:00,OffLine,0,0
2026-09-13T08:36:12+08:00,VideoCall·집 Ver.,0,0
2026-09-13T08:36:23+08:00,OffLine,0,0
2026-09-13T08:36:23+08:00,VideoCall·집 Ver.,0,0
2026-09-13T08:36:34+08:00,OffLine,0,0
2026-09-13T08:36:34+08:00,VideoCall·집 Ver.,0,0
2026-09-13T08:37:00+08:00,OffLine,0,0
2026-09-13T08:37:00+08:00,VideoCall·집 Ver.,0,0
2026-09-13T08:37:11+08:00,OffLine,0,0
2026-09-13T08:37:11+08:00,VideoCall·집 Ver.,0,0
2026-09-13T08:37:22+08:00,OffLine,0,0
2026-09-13T08:37:22+08:00,VideoCall·집 Ver.,0,0
2026-09-13T08:37:33+08:00,OffLine,0,0
2026-09-13T08:37:33+08:00,VideoCall·집 Ver.,0,0
2026-09-13T08:37:44+08:00,OffLine,0,0
2026-09-13T08:37:44+08:00,VideoCall·집 Ver.,0,0
2026-09-13T08:38:10+08:00,OffLine,0,0
2026-09-13T08:38:10+08:00,VideoCall·집 Ver.,0,0
2026-09-13T08:38:21+08:00,OffLine,0,0
2026-09-13T08:38:21+08:00,VideoCall·집 Ver.,0,0
2026-09-13T08:38:56+08:00,OffLine,0,0
2026-09-13T08:38:56+08:00,VideoCall·집 Ver.,0,0
2026-09-13T08:39:08+08:00,OffLine,0,0
2026-09-13T08:39:08+08:00,VideoCall·집 Ver.,0,0
2026-09-13T08:39:18+08:00,OffLine,0,0
2026-09-13T08:39:18+08:00,VideoCall·집 Ver.,0,0
2026-09-13T08:39:29+08:00,OffLine,0,0
2026-09-13T08:39:29+08:00,VideoCall·집 Ver.,0,0
2026-09-13T08:39:40+08:00,OffLine,0,0
2026-09-13T08:39:40+08:00,VideoCall·집 Ver.,0,0
2026-09-13T08:39:51+08:00,OffLine,0,0
2026-09-13T08:39:51+08:00,VideoCall·집 Ver.,0,0
2026-09-13T08:40:02+08:00,OffLine,0,0
2026-09-13T08:40:02+08:00,VideoCall·집 Ver.,0,0
2026-09-13T08:40:29+08:00,OffLine,0,0
2026-09-13T08:40:29+08:00,VideoCall·집 Ver.,0,0
2026-09-13T08:40:40+08:00,OffLine,0,0
2026-09-13T08:40:40+08:00,VideoCall·집 Ver.,0,0
2026-09-13T08:40:51+08:00,OffLine,0,0
2026-09-13T08:40:51+08:00,VideoCall·집 Ver.,0,0
2026-09-13T08:41:01+08:00,OffLine,0,0
2026-09-13T08:41:01+08:00,VideoCall·집 Ver.,0,0
2026-09-13T08:41:12+08:00,OffLine,0,0
2026-09-13T08:41:12+08:00,VideoCall·집 Ver.,0,0
2026-09-13T08:41:22+08:00,OffLine,0,0
2026-09-13T08:41:22+08:00,VideoCall·집 Ver.,0,0
2026-09-13T08:41:48+08:00,OffLine,0,0
2026-09-13T08:41:48+08:00,VideoCall·집 Ver.,0,0
2026-09-13T08:41:59+08:00,OffLine,0,0
2026-09-13T08:41:59+08:00,VideoCall·집 Ver.,0,0
2026-09-13T08:42:09+08:00,OffLine,0,0
2026-09-13T08:42:09+08:00,VideoCall·집 Ver.,0,0
2026-09-13T08:42:21+08:00,OffLine,0,0
2026-09-13T08:42:21+08:00,VideoCall·집 Ver.,0,0
2026-09-13T08:42:31+08:00,OffLine,0,0
2026-09-13T08:42:31+08:00,VideoCall·집 Ver.,0,0
2026-09-13T08:42:58+08:00,OffLine,0,0
2026-09-13T08:42:58+08:00,VideoCall·집 Ver.,0,0
2026-09-13T08:43:09+08:00,OffLine,0,0
2026-09-13T08:43:09+08:00,VideoCall·집 Ver.,0,0
2026-09-13T08:43:19+08:00,OffLine,0,0
2026-09-13T08:43:19+08:00,VideoCall·집 Ver.,0,0
2026-09-13T08:43:30+08:00,OffLine,0,0
2026-09-13T08:43:30+08:00,VideoCall·집 Ver.,0,0
2026-09-13T08:43:41+08:00,OffLine,0,0
2026-09-13T08:43:41+08:00,VideoCall·집 Ver.,0,0
2026-09-13T08:44:08+08:00,OffLine,0,0
2026-09-13T08:44:08+08:00,VideoCall·집 Ver.,0,0
2026-09-13T08:44:19+08:00,OffLine,0,0
2026-09-13T08:44:19+08:00,VideoCall·집 Ver.,0,0
2026-09-13T08:44:30+08:00,OffLine,0,0
2026-09-13T08:44:30+08:00,VideoCall·집 Ver.,0,0
2026-09-13T08:44:40+08:00,OffLine,0,0
2026-09-13T08:44:40+08:00,VideoCall·집 Ver.,0,0
2026-09-13T08:44:51+08:00,OffLine,0,0
2026-09-13T08:44:51+08:00,VideoCall·집 Ver.,0,0
2026-09-13T08:45:18+08:00,OffLine,0,0
2026-09-13T08:45:18+08:00,VideoCall·집 Ver.,0,0
2026-09-13T08:45:29+08:00,OffLine,0,0
2026-09-13T08:45:29+08:00,VideoCall·집 Ver.,0,0
2026-09-13T08:45:40+08:00,OffLine,0,0
2026-09-13T08:45:40+08:00,VideoCall·집 Ver.,0,0
2026-09-13T08:45:51+08:00,OffLine,0,0
2026-09-13T08:45:51+08:00,VideoCall·집 Ver.,0,0
2026-09-13T08:46:01+08:00,OffLine,0,0
2026-09-13T08:46:01+08:00,VideoCall·집 Ver.,0,0
2026-09-13T08:46:29+08:00,OffLine,0,0
2026-09-13T08:46:29+08:00,VideoCall·집 Ver.,0,0
2026-09-13T08:46:39+08:00,OffLine,0,0
2026-09-13T08:46:39+08:00,VideoCall·집 Ver.,0,0
2026-09-13T08:46:50+08:00,OffLine,0,0
2026-09-13T08:46:50+08:00,VideoCall·집 Ver.,0,0
2026-09-13T08:47:00+08:00,OffLine,0,0
2026-09-13T08:47:00+08:00,VideoCall·집 Ver.,0,0
2026-09-13T08:47:11+08:00,OffLine,0,0
2026-09-13T08:47:11+08:00,VideoCall·집 Ver.,0,0
2026-09-13T08:47:39+08:00,OffLine,0,0
2026-09-13T08:47:39+08:00,VideoCall·집 Ver.,0,0
2026-09-13T08:47:49+08:00,OffLine,0,0
2026-09-13T08:47:49+08:00,VideoCall·집 Ver.,0,0
2026-09-13T08:48:00+08:00,OffLine,0,0
2026-09-13T08:48:00+08:00,VideoCall·집 Ver.,0,0
2026-09-13T08:48:10+08:00,OffLine,0,0
2026-09-13T08:48:10+08:00,VideoCall·집 Ver.,0,0
2026-09-13T08:48:21+08:00,OffLine,0,0
2026-09-13T08:48:21+08:00,VideoCall·집 Ver.,0,0
2026-09-13T08:49:33+08:00,OffLine,0,0
2026-09-13T08:49:33+08:00,VideoCall·집 Ver.,0,0
2026-09-13T08:49:44+08:00,OffLine,0,0
2026-09-13T08:49:44+08:00,VideoCall·집 Ver.,0,0
2026-09-13T08:49:54+08:00,OffLine,0,0
2026-09-13T08:49:54+08:00,VideoCall·집 Ver.,0,0
2026-09-13T08:50:05+08:00,OffLine,0,0
2026-09-13T08:50:05+08:00,VideoCall·집 Ver.,0,0
2026-09-13T08:50:16+08:00,OffLine,0,0
2026-09-13T08:50:16+08:00,VideoCall·집 Ver.,0,0
2026-09-13T08:50:26+08:00,OffLine,0,0
2026-09-13T08:50:26+08:00,VideoCall·집 Ver.,0,0
2026-09-13T08:50:37+08:00,OffLine,0,0
2026-09-13T08:50:37+08:00,VideoCall·집 Ver.,0,0
2026-09-13T08:51:03+08:00,OffLine,0,0
2026-09-13T08:51:03+08:00,VideoCall·집 Ver.,0,0
2026-09-13T08:51:13+08:00,OffLine,0,0
2026-09-13T08:51:13+08:00,VideoCall·집 Ver.,0,0
2026-09-13T08:51:24+08:00,OffLine,0,0
2026-09-13T08:51:24+08:00,VideoCall·집 Ver.,0,0
2026-09-13T08:51:34+08:00,OffLine,0,0
2026-09-13T08:51:34+08:00,VideoCall·집 Ver.,0,0
2026-09-13T08:51:45+08:00,OffLine,0,0
2026-09-13T08:51:45+08:00,VideoCall·집 Ver.,0,0
2026-09-13T08:51:55+08:00,OffLine,0,0
2026-09-13T08:51:55+08:00,VideoCall·집 Ver.,0,0
2026-09-13T08:52:21+08:00,OffLine,0,0
2026-09-13T08:52:21+08:00,VideoCall·집 Ver.,0,0
2026-09-13T08:52:32+08:00,OffLine,0,0
2026-09-13T08:52:32+08:00,VideoCall·집 Ver.,0,0
2026-09-13T08:52:43+08:00,OffLine,0,0
2026-09-13T08:52:43+08:00,VideoCall·집 Ver.,0,0
2026-09-13T08:52:54+08:00,OffLine,0,0
2026-09-13T08:52:54+08:00,VideoCall·집 Ver.,0,0
2026-09-13T08:53:04+08:00,OffLine,0,0
2026-09-13T08:53:04+08:00,VideoCall·집 Ver.,0,0
2026-09-13T08:53:31+08:00,OffLine,0,0
2026-09-13T08:53:31+08:00,VideoCall·집 Ver.,0,0
2026-09-13T08:53:41+08:00,OffLine,0,0
2026-09-13T08:53:41+08:00,VideoCall·집 Ver.,0,0
2026-09-13T08:53:52+08:00,OffLine,0,0
2026-09-13T08:53:52+08:00,VideoCall·집 Ver.,0,0
2026-09-13T08:54:03+08:00,OffLine,0,0
2026-09-13T08:54:03+08:00,VideoCall·집 Ver.,0,0
2026-09-13T08:54:13+08:00,OffLine,0,0
2026-09-13T08:54:13+08:00,VideoCall·집 Ver.,0,0
2026-09-13T08:54:23+08:00,OffLine,0,0
2026-09-13T08:54:23+08:00,VideoCall·집 Ver.,0,0
2026-09-13T08:54:50+08:00,OffLine,0,0
2026-09-13T08:54:50+08:00,VideoCall·집 Ver.,0,0
2026-09-13T08:55:01+08:00,OffLine,0,0
2026-09-13T08:55:01+08:00,VideoCall·집 Ver.,0,0
2026-09-13T08:55:12+08:00,OffLine,0,0
2026-09-13T08:55:12+08:00,VideoCall·집 Ver.,0,0
2026-09-13T08:55:22+08:00,OffLine,0,0
2026-09-13T08:55:22+08:00,VideoCall·집 Ver.,0,0
2026-09-13T08:55:32+08:00,OffLine,0,0
2026-09-13T08:55:32+08:00,VideoCall·집 Ver.,0,0
2026-09-13T08:55:58+08:00,OffLine,0,0
2026-09-13T08:55:58+08:00,VideoCall·집 Ver.,0,0
2026-09-13T08:56:09+08:00,OffLine,0,0
2026-09-13T08:56:09+08:00,VideoCall·집 Ver.,0,0
2026-09-13T08:56:19+08:00,OffLine,0,0
2026-09-13T08:56:19+08:00,VideoCall·집 Ver.,0,0
2026-09-13T08:56:29+08:00,OffLine,0,0
2026-09-13T08:56:29+08:00,VideoCall·집 Ver.,0,0
2026-09-13T08:56:40+08:00,OffLine,0,0
2026-09-13T08:56:40+08:00,VideoCall·집 Ver.,0,0
2026-09-13T08:56:50+08:00,OffLine,0,0
2026-09-13T08:56:50+08:00,VideoCall·집 Ver.,0,0
2026-09-13T08:57:17+08:00,OffLine,0,0
2026-09-13T08:57:17+08:00,VideoCall·집 Ver.,0,0
2026-09-13T08:57:27+08:00,OffLine,0,0
2026-09-13T08:57:27+08:00,VideoCall·집 Ver.,0,0
2026-09-13T08:57:38+08:00,OffLine,0,0
2026-09-13T08:57:38+08:00,VideoCall·집 Ver.,0,0
2026-09-13T08:57:49+08:00,OffLine,0,0
2026-09-13T08:57:49+08:00,VideoCall·집 Ver.,0,0
2026-09-13T08:57:59+08:00,OffLine,0,0
2026-09-13T08:57:59+08:00,VideoCall·집 Ver.,0,0
2026-09-13T08:58:26+08:00,OffLine,0,0
2026-09-13T08:58:26+08:00,VideoCall·집 Ver.,0,0
2026-09-13T08:58:36+08:00,OffLine,0,0
2026-09-13T08:58:36+08:00,VideoCall·집 Ver.,0,0
2026-09-13T08:58:47+08:00,OffLine,0,0
2026-09-13T08:58:47+08:00,VideoCall·집 Ver.,0,0
2026-09-13T08:58:58+08:00,OffLine,0,0
2026-09-13T08:58:58+08:00,VideoCall·집 Ver.,0,0
2026-09-13T08:59:08+08:00,OffLine,0,0
2026-09-13T08:59:08+08:00,VideoCall·집 Ver.,0,0
2026-09-13T08:59:19+08:00,OffLine,0,0
2026-09-13T08:59:19+08:00,VideoCall·집 Ver.,0,0
2026-09-13T08:59:45+08:00,OffLine,0,0
2026-09-13T08:59:45+08:00,VideoCall·집 Ver.,0,0
2026-09-13T08:59:56+08:00,OffLine,0,0
2026-09-13T08:59:56+08:00,VideoCall·집 Ver.,0,0
2026-09-13T09:00:06+08:00,OffLine,0,0
2026-09-13T09:00:06+08:00,VideoCall·집 Ver.,0,0
2026-09-13T09:00:17+08:00,OffLine,0,0
2026-09-13T09:00:17+08:00,VideoCall·집 Ver.,0,0
2026-09-13T09:00:27+08:00,OffLine,0,0
2026-09-13T09:00:27+08:00,VideoCall·집 Ver.,0,0
2026-09-13T09:00:38+08:00,OffLine,0,0
2026-09-13T09:00:38+08:00,VideoCall·집 Ver.,0,0
2026-09-13T09:01:04+08:00,OffLine,0,0
2026-09-13T09:01:04+08:00,VideoCall·집 Ver.,0,0
2026-09-13T09:01:15+08:00,OffLine,0,0
2026-09-13T09:01:15+08:00,VideoCall·집 Ver.,0,0
2026-09-13T09:01:25+08:00,OffLine,0,0
2026-09-13T09:01:25+08:00,VideoCall·집 Ver.,0,0
2026-09-13T09:01:36+08:00,OffLine,0,0
2026-09-13T09:01:36+08:00,VideoCall·집 Ver.,0,0
2026-09-13T09:01:47+08:00,OffLine,0,0
2026-09-13T09:01:47+08:00,VideoCall·집 Ver.,0,0
2026-09-13T09:02:13+08:00,OffLine,0,0
2026-09-13T09:02:13+08:00,VideoCall·집 Ver.,0,0
2026-09-13T09:02:23+08:00,OffLine,0,0
2026-09-13T09:02:23+08:00,VideoCall·집 Ver.,0,0
2026-09-13T09:02:34+08:00,OffLine,0,0
2026-09-13T09:02:34+08:00,VideoCall·집 Ver.,0,0
2026-09-13T09:02:45+08:00,OffLine,0,0
2026-09-13T09:02:45+08:00,VideoCall·집 Ver.,0,0
2026-09-13T09:02:55+08:00,OffLine,0,0
2026-09-13T09:02:55+08:00,VideoCall·집 Ver.,0,0
2026-09-13T09:03:05+08:00,OffLine,0,0
2026-09-13T09:03:05+08:00,VideoCall·집 Ver.,0,0
2026-09-13T09:03:32+08:00,OffLine,0,0
2026-09-13T09:03:32+08:00,VideoCall·집 Ver.,0,0
2026-09-13T09:03:43+08:00,OffLine,0,0
2026-09-13T09:03:43+08:00,VideoCall·집 Ver.,0,0
2026-09-13T09:03:53+08:00,OffLine,0,0
2026-09-13T09:03:53+08:00,VideoCall·집 Ver.,0,0
2026-09-13T09:04:04+08:00,OffLine,0,0
2026-09-13T09:04:04+08:00,VideoCall·집 Ver.,0,0
2026-09-13T09:04:15+08:00,OffLine,0,0
2026-09-13T09:04:15+08:00,VideoCall·집 Ver.,0,0
2026-09-13T09:04:41+08:00,OffLine,0,0
2026-09-13T09:04:41+08:00,VideoCall·집 Ver.,0,0
2026-09-13T09:04:52+08:00,OffLine,0,0
2026-09-13T09:04:52+08:00,VideoCall·집 Ver.,0,0
2026-09-13T09:05:02+08:00,OffLine,0,0
2026-09-13T09:05:02+08:00,VideoCall·집 Ver.,0,0
2026-09-13T09:05:12+08:00,OffLine,0,0
2026-09-13T09:05:12+08:00,VideoCall·집 Ver.,0,0
2026-09-13T09:05:23+08:00,OffLine,0,0
2026-09-13T09:05:23+08:00,VideoCall·집 Ver.,0,0
2026-09-13T09:05:34+08:00,OffLine,0,0
2026-09-13T09:05:34+08:00,VideoCall·집 Ver.,0,0
2026-09-13T09:05:59+08:00,OffLine,0,0
2026-09-13T09:05:59+08:00,VideoCall·집 Ver.,0,0
2026-09-13T09:06:09+08:00,OffLine,0,0
2026-09-13T09:06:09+08:00,VideoCall·집 Ver.,0,0
2026-09-13T09:06:20+08:00,OffLine,0,0
2026-09-13T09:06:20+08:00,VideoCall·집 Ver.,0,0
2026-09-13T09:06:30+08:00,OffLine,0,0
2026-09-13T09:06:30+08:00,VideoCall·집 Ver.,0,0
2026-09-13T09:06:41+08:00,OffLine,0,0
2026-09-13T09:06:41+08:00,VideoCall·집 Ver.,0,0
2026-09-13T09:06:52+08:00,OffLine,0,0
2026-09-13T09:06:52+08:00,VideoCall·집 Ver.,0,0
2026-09-13T09:07:18+08:00,OffLine,0,0
2026-09-13T09:07:18+08:00,VideoCall·집 Ver.,0,0
2026-09-13T09:07:29+08:00,OffLine,0,0
2026-09-13T09:07:29+08:00,VideoCall·집 Ver.,0,0
2026-09-13T09:07:39+08:00,OffLine,0,0
2026-09-13T09:07:39+08:00,VideoCall·집 Ver.,0,0
2026-09-13T09:07:50+08:00,OffLine,0,0
2026-09-13T09:07:50+08:00,VideoCall·집 Ver.,0,0
2026-09-13T09:08:00+08:00,OffLine,0,0
2026-09-13T09:08:00+08:00,VideoCall·집 Ver.,0,0
2026-09-13T09:08:11+08:00,OffLine,0,0
2026-09-13T09:08:11+08:00,VideoCall·집 Ver.,0,0
2026-09-13T09:08:38+08:00,OffLine,0,0
2026-09-13T09:08:38+08:00,VideoCall·집 Ver.,0,0
2026-09-13T09:08:49+08:00,OffLine,0,0
2026-09-13T09:08:49+08:00,VideoCall·집 Ver.,0,0
2026-09-13T09:08:59+08:00,OffLine,0,0
2026-09-13T09:08:59+08:00,VideoCall·집 Ver.,0,0
2026-09-13T09:09:10+08:00,OffLine,0,0
2026-09-13T09:09:10+08:00,VideoCall·집 Ver.,0,0
2026-09-13T09:09:20+08:00,OffLine,0,0
2026-09-13T09:09:20+08:00,VideoCall·집 Ver.,0,0
2026-09-13T09:09:31+08:00,OffLine,0,0
2026-09-13T09:09:31+08:00,VideoCall·집 Ver.,0,0
2026-09-13T09:09:56+08:00,OffLine,0,0
2026-09-13T09:09:56+08:00,VideoCall·집 Ver.,0,0
2026-09-13T09:10:07+08:00,OffLine,0,0
2026-09-13T09:10:07+08:00,VideoCall·집 Ver.,0,0
2026-09-13T09:10:18+08:00,OffLine,0,0
2026-09-13T09:10:18+08:00,VideoCall·집 Ver.,0,0
2026-09-13T09:10:28+08:00,OffLine,0,0
2026-09-13T09:10:28+08:00,VideoCall·집 Ver.,0,0
2026-09-13T09:10:39+08:00,OffLine,0,0
2026-09-13T09:10:39+08:00,VideoCall·집 Ver.,0,0
2026-09-13T09:10:49+08:00,OffLine,0,0
2026-09-13T09:10:49+08:00,VideoCall·집 Ver.,0,0
2026-09-13T09:11:15+08:00,OffLine,0,0
2026-09-13T09:11:15+08:00,VideoCall·집 Ver.,0,0
2026-09-13T09:11:26+08:00,OffLine,0,0
2026-09-13T09:11:26+08:00,VideoCall·집 Ver.,0,0
2026-09-13T09:11:36+08:00,OffLine,0,0
2026-09-13T09:11:36+08:00,VideoCall·집 Ver.,0,0
2026-09-13T09:11:47+08:00,OffLine,0,0
2026-09-13T09:11:47+08:00,VideoCall·집 Ver.,0,0
2026-09-13T09:11:57+08:00,OffLine,0,0
2026-09-13T09:11:57+08:00,VideoCall·집 Ver.,0,0
2026-09-13T09:12:08+08:00,OffLine,0,0
2026-09-13T09:12:08+08:00,VideoCall·집 Ver.,0,0
2026-09-13T09:12:34+08:00,OffLine,0,0
2026-09-13T09:12:34+08:00,VideoCall·집 Ver.,0,0
2026-09-13T09:12:45+08:00,OffLine,0,0
2026-09-13T09:12:45+08:00,VideoCall·집 Ver.,0,0
2026-09-13T09:12:55+08:00,OffLine,0,0
2026-09-13T09:12:55+08:00,VideoCall·집 Ver.,0,0
2026-09-13T09:13:05+08:00,OffLine,0,0
2026-09-13T09:13:05+08:00,VideoCall·집 Ver.,0,0
2026-09-13T09:13:16+08:00,OffLine,0,0
2026-09-13T09:13:16+08:00,VideoCall·집 Ver.,0,0
2026-09-13T09:13:26+08:00,OffLine,0,0
2026-09-13T09:13:26+08:00,VideoCall·집 Ver.,0,0
2026-09-13T09:13:53+08:00,OffLine,0,0
2026-09-13T09:13:53+08:00,VideoCall·집 Ver.,0,0
2026-09-13T09:14:03+08:00,OffLine,0,0
2026-09-13T09:14:03+08:00,VideoCall·집 Ver.,0,0
2026-09-13T09:14:14+08:00,OffLine,0,0
2026-09-13T09:14:14+08:00,VideoCall·집 Ver.,0,0
2026-09-13T09:14:24+08:00,OffLine,0,0
2026-09-13T09:14:24+08:00,VideoCall·집 Ver.,0,0
2026-09-13T09:14:35+08:00,OffLine,0,0
2026-09-13T09:14:35+08:00,VideoCall·집 Ver.,0,0
2026-09-13T09:14:46+08:00,OffLine,0,0
2026-09-13T09:14:46+08:00,VideoCall·집 Ver.,0,0
2026-09-13T09:15:12+08:00,OffLine,0,0
2026-09-13T09:15:12+08:00,VideoCall·집 Ver.,0,0
2026-09-13T09:15:22+08:00,OffLine,0,0
2026-09-13T09:15:22+08:00,VideoCall·집 Ver.,0,0
2026-09-13T09:15:33+08:00,OffLine,0,0
2026-09-13T09:15:33+08:00,VideoCall·집 Ver.,0,0
2026-09-13T09:15:43+08:00,OffLine,0,0
2026-09-13T09:15:43+08:00,VideoCall·집 Ver.,0,0
2026-09-13T09:15:53+08:00,OffLine,0,0
2026-09-13T09:15:53+08:00,VideoCall·집 Ver.,0,0
2026-09-13T09:16:04+08:00,OffLine,0,0
2026-09-13T09:16:04+08:00,VideoCall·집 Ver.,0,0
2026-09-13T09:16:30+08:00,OffLine,0,0
2026-09-13T09:16:30+08:00,VideoCall·집 Ver.,0,0
2026-09-13T09:16:41+08:00,OffLine,0,0
2026-09-13T09:16:41+08:00,VideoCall·집 Ver.,0,0
2026-09-13T09:16:52+08:00,OffLine,0,0
2026-09-13T09:16:52+08:00,VideoCall·집 Ver.,0,0
2026-09-13T09:17:02+08:00,OffLine,0,0
2026-09-13T09:17:02+08:00,VideoCall·집 Ver.,0,0
2026-09-13T09:17:12+08:00,OffLine,0,0
2026-09-13T09:17:12+08:00,VideoCall·집 Ver.,0,0
2026-09-13T09:17:23+08:00,OffLine,0,0
2026-09-13T09:17:23+08:00,VideoCall·집 Ver.,0,0
2026-09-13T09:17:49+08:00,OffLine,0,0
2026-09-13T09:17:49+08:00,VideoCall·집 Ver.,0,0
2026-09-13T09:18:00+08:00,OffLine,0,0
2026-09-13T09:18:00+08:00,VideoCall·집 Ver.,0,0
2026-09-13T09:18:10+08:00,OffLine,0,0
2026-09-13T09:18:10+08:00,VideoCall·집 Ver.,0,0
2026-09-13T09:18:20+08:00,OffLine,0,0
2026-09-13T09:18:20+08:00,VideoCall·집 Ver.,0,0
2026-09-13T09:18:31+08:00,OffLine,0,0
2026-09-13T09:18:31+08:00,VideoCall·집 Ver.,0,0
2026-09-13T09:18:41+08:00,OffLine,0,0
2026-09-13T09:18:41+08:00,VideoCall·집 Ver.,0,0
2026-09-13T09:19:07+08:00,OffLine,0,0
2026-09-13T09:19:07+08:00,VideoCall·집 Ver.,0,0
2026-09-13T09:19:18+08:00,OffLine,0,0
2026-09-13T09:19:18+08:00,VideoCall·집 Ver.,0,0
2026-09-13T09:19:28+08:00,OffLine,0,0
2026-09-13T09:19:28+08:00,VideoCall·집 Ver.,0,0
2026-09-13T09:19:38+08:00,OffLine,0,0
2026-09-13T09:19:38+08:00,VideoCall·집 Ver.,0,0
2026-09-13T09:19:49+08:00,OffLine,0,0
2026-09-13T09:19:49+08:00,VideoCall·집 Ver.,0,0
2026-09-13T09:19:59+08:00,OffLine,0,0
2026-09-13T09:19:59+08:00,VideoCall·집 Ver.,0,0
2026-09-13T09:20:26+08:00,OffLine,0,0
2026-09-13T09:20:26+08:00,VideoCall·집 Ver.,0,0
2026-09-13T09:20:36+08:00,OffLine,0,0
2026-09-13T09:20:36+08:00,VideoCall·집 Ver.,0,0
2026-09-13T09:20:46+08:00,OffLine,0,0
2026-09-13T09:20:46+08:00,VideoCall·집 Ver.,0,0
2026-09-13T09:20:57+08:00,OffLine,0,0
2026-09-13T09:20:57+08:00,VideoCall·집 Ver.,0,0
2026-09-13T09:21:07+08:00,OffLine,0,0
2026-09-13T09:21:07+08:00,VideoCall·집 Ver.,0,0
2026-09-13T09:21:18+08:00,OffLine,0,0
2026-09-13T09:21:18+08:00,VideoCall·집 Ver.,0,0
2026-09-13T09:21:45+08:00,OffLine,0,0
2026-09-13T09:21:45+08:00,VideoCall·집 Ver.,0,0
2026-09-13T09:21:55+08:00,OffLine,0,0
2026-09-13T09:21:55+08:00,VideoCall·집 Ver.,0,0
2026-09-13T09:22:05+08:00,OffLine,0,0
2026-09-13T09:22:05+08:00,VideoCall·집 Ver.,0,0
2026-09-13T09:22:16+08:00,OffLine,0,0
2026-09-13T09:22:16+08:00,VideoCall·집 Ver.,0,0
2026-09-13T09:22:27+08:00,OffLine,0,0
2026-09-13T09:22:27+08:00,VideoCall·집 Ver.,0,0
2026-09-13T09:22:37+08:00,OffLine,0,0
2026-09-13T09:22:37+08:00,VideoCall·집 Ver.,0,0
2026-09-13T09:23:03+08:00,OffLine,0,0
2026-09-13T09:23:03+08:00,VideoCall·집 Ver.,0,0
2026-09-13T09:23:14+08:00,OffLine,0,0
2026-09-13T09:23:14+08:00,VideoCall·집 Ver.,0,0
2026-09-13T09:23:24+08:00,OffLine,0,0
2026-09-13T09:23:24+08:00,VideoCall·집 Ver.,0,0
2026-09-13T09:23:35+08:00,OffLine,0,0
2026-09-13T09:23:35+08:00,VideoCall·집 Ver.,0,0
2026-09-13T09:23:46+08:00,OffLine,0,0
2026-09-13T09:23:46+08:00,VideoCall·집 Ver.,0,0
2026-09-13T09:23:56+08:00,OffLine,0,0
2026-09-13T09:23:56+08:00,VideoCall·집 Ver.,0,0
2026-09-13T09:24:22+08:00,OffLine,0,0
2026-09-13T09:24:22+08:00,VideoCall·집 Ver.,0,0
2026-09-13T09:24:32+08:00,OffLine,0,0
2026-09-13T09:24:32+08:00,VideoCall·집 Ver.,0,0
2026-09-13T09:24:43+08:00,OffLine,0,0
2026-09-13T09:24:43+08:00,VideoCall·집 Ver.,0,0
2026-09-13T09:24:53+08:00,OffLine,0,0
2026-09-13T09:24:53+08:00,VideoCall·집 Ver.,0,0
2026-09-13T09:25:04+08:00,OffLine,0,0
2026-09-13T09:25:04+08:00,VideoCall·집 Ver.,0,0
2026-09-13T09:25:15+08:00,OffLine,0,0
2026-09-13T09:25:15+08:00,VideoCall·집 Ver.,0,0
2026-09-13T09:25:42+08:00,OffLine,0,0
2026-09-13T09:25:42+08:00,VideoCall·집 Ver.,0,0
2026-09-13T09:25:52+08:00,OffLine,0,0
2026-09-13T09:25:52+08:00,VideoCall·집 Ver.,0,0
2026-09-13T09:26:03+08:00,OffLine,0,0
2026-09-13T09:26:03+08:00,VideoCall·집 Ver.,0,0
2026-09-13T09:26:14+08:00,OffLine,0,0
2026-09-13T09:26:14+08:00,VideoCall·집 Ver.,0,0
2026-09-13T09:26:24+08:00,OffLine,0,0
2026-09-13T09:26:24+08:00,VideoCall·집 Ver.,0,0
2026-09-13T09:26:34+08:00,OffLine,0,0
2026-09-13T09:26:34+08:00,VideoCall·집 Ver.,0,0
2026-09-13T09:27:02+08:00,OffLine,0,0
2026-09-13T09:27:02+08:00,VideoCall·집 Ver.,0,0
2026-09-13T09:27:12+08:00,OffLine,0,0
2026-09-13T09:27:12+08:00,VideoCall·집 Ver.,0,0
2026-09-13T09:27:23+08:00,OffLine,0,0
2026-09-13T09:27:23+08:00,VideoCall·집 Ver.,0,0
2026-09-13T09:27:33+08:00,OffLine,0,0
2026-09-13T09:27:33+08:00,VideoCall·집 Ver.,0,0
2026-09-13T09:27:44+08:00,OffLine,0,0
2026-09-13T09:27:44+08:00,VideoCall·집 Ver.,0,0
2026-09-13T09:27:54+08:00,OffLine,0,0
2026-09-13T09:27:54+08:00,VideoCall·집 Ver.,0,0
2026-09-13T09:28:21+08:00,OffLine,0,0
2026-09-13T09:28:21+08:00,VideoCall·집 Ver.,0,0
2026-09-13T09:28:31+08:00,OffLine,0,0
2026-09-13T09:28:31+08:00,VideoCall·집 Ver.,0,0
2026-09-13T09:28:42+08:00,OffLine,0,0
2026-09-13T09:28:42+08:00,VideoCall·집 Ver.,0,0
2026-09-13T09:28:52+08:00,OffLine,0,0
2026-09-13T09:28:52+08:00,VideoCall·집 Ver.,0,0
2026-09-13T09:29:03+08:00,OffLine,0,0
2026-09-13T09:29:03+08:00,VideoCall·집 Ver.,0,0
2026-09-13T09:29:13+08:00,OffLine,0,0
2026-09-13T09:29:13+08:00,VideoCall·집 Ver.,0,0
2026-09-13T09:29:39+08:00,OffLine,0,0
2026-09-13T09:29:39+08:00,VideoCall·집 Ver.,0,0
2026-09-13T09:29:49+08:00,OffLine,0,0
2026-09-13T09:29:49+08:00,VideoCall·집 Ver.,0,0
2026-09-13T09:30:00+08:00,OffLine,0,0
2026-09-13T09:30:00+08:00,VideoCall·집 Ver.,0,0
2026-09-13T09:30:10+08:00,OffLine,0,0
2026-09-13T09:30:10+08:00,VideoCall·집 Ver.,0,0
2026-09-13T09:30:21+08:00,OffLine,0,0
2026-09-13T09:30:21+08:00,VideoCall·집 Ver.,0,0
2026-09-13T09:30:31+08:00,OffLine,0,0
2026-09-13T09:30:31+08:00,VideoCall·집 Ver.,0,0
2026-09-13T09:30:57+08:00,OffLine,0,0
2026-09-13T09:30:57+08:00,VideoCall·집 Ver.,0,0
2026-09-13T09:31:08+08:00,OffLine,0,0
2026-09-13T09:31:08+08:00,VideoCall·집 Ver.,0,0
2026-09-13T09:31:18+08:00,OffLine,0,0
2026-09-13T09:31:18+08:00,VideoCall·집 Ver.,0,0
2026-09-13T09:31:29+08:00,OffLine,0,0
2026-09-13T09:31:29+08:00,VideoCall·집 Ver.,0,0
2026-09-13T09:31:40+08:00,OffLine,0,0
2026-09-13T09:31:40+08:00,VideoCall·집 Ver.,0,0
2026-09-13T09:31:50+08:00,OffLine,0,0
2026-09-13T09:31:50+08:00,VideoCall·집 Ver.,0,0
2026-09-13T09:32:16+08:00,OffLine,0,0
2026-09-13T09:32:16+08:00,VideoCall·집 Ver.,0,0
2026-09-13T09:32:27+08:00,OffLine,0,0
2026-09-13T09:32:27+08:00,VideoCall·집 Ver.,0,0
2026-09-13T09:32:38+08:00,OffLine,0,0
2026-09-13T09:32:38+08:00,VideoCall·집 Ver.,0,0
2026-09-13T09:32:48+08:00,OffLine,0,0
2026-09-13T09:32:48+08:00,VideoCall·집 Ver.,0,0
2026-09-13T09:32:59+08:00,OffLine,0,0
2026-09-13T09:32:59+08:00,VideoCall·집 Ver.,0,0
2026-09-13T09:33:25+08:00,OffLine,0,0
2026-09-13T09:33:25+08:00,VideoCall·집 Ver.,0,0
2026-09-13T09:33:36+08:00,OffLine,0,0
2026-09-13T09:33:36+08:00,VideoCall·집 Ver.,0,0
2026-09-13T09:33:46+08:00,OffLine,0,0
2026-09-13T09:33:46+08:00,VideoCall·집 Ver.,0,0
2026-09-13T09:33:57+08:00,OffLine,0,0
2026-09-13T09:33:57+08:00,VideoCall·집 Ver.,0,0
2026-09-13T09:34:08+08:00,OffLine,0,0
2026-09-13T09:34:08+08:00,VideoCall·집 Ver.,0,0
2026-09-13T09:34:18+08:00,OffLine,0,0
2026-09-13T09:34:18+08:00,VideoCall·집 Ver.,0,0
2026-09-13T09:34:44+08:00,OffLine,0,0
2026-09-13T09:34:44+08:00,VideoCall·집 Ver.,0,0
2026-09-13T09:34:54+08:00,OffLine,0,0
2026-09-13T09:34:54+08:00,VideoCall·집 Ver.,0,0
2026-09-13T09:35:04+08:00,OffLine,0,0
2026-09-13T09:35:04+08:00,VideoCall·집 Ver.,0,0
2026-09-13T09:35:15+08:00,OffLine,0,0
2026-09-13T09:35:15+08:00,VideoCall·집 Ver.,0,0
2026-09-13T09:35:25+08:00,OffLine,0,0
2026-09-13T09:35:25+08:00,VideoCall·집 Ver.,0,0
2026-09-13T09:35:36+08:00,OffLine,0,0
2026-09-13T09:35:36+08:00,VideoCall·집 Ver.,0,0
2026-09-13T09:36:02+08:00,OffLine,0,0
2026-09-13T09:36:02+08:00,VideoCall·집 Ver.,0,0
2026-09-13T09:36:13+08:00,OffLine,0,0
2026-09-13T09:36:13+08:00,VideoCall·집 Ver.,0,0
2026-09-13T09:36:23+08:00,OffLine,0,0
2026-09-13T09:36:23+08:00,VideoCall·집 Ver.,0,0
2026-09-13T09:36:34+08:00,OffLine,0,0
2026-09-13T09:36:34+08:00,VideoCall·집 Ver.,0,0
2026-09-13T09:36:44+08:00,OffLine,0,0
2026-09-13T09:36:44+08:00,VideoCall·집 Ver.,0,0
2026-09-13T09:36:55+08:00,OffLine,0,0
2026-09-13T09:36:55+08:00,VideoCall·집 Ver.,0,0
2026-09-13T09:37:22+08:00,OffLine,0,0
2026-09-13T09:37:22+08:00,VideoCall·집 Ver.,0,0
2026-09-13T09:37:32+08:00,OffLine,0,0
2026-09-13T09:37:32+08:00,VideoCall·집 Ver.,0,0
2026-09-13T09:37:43+08:00,OffLine,0,0
2026-09-13T09:37:43+08:00,VideoCall·집 Ver.,0,0
2026-09-13T09:37:53+08:00,OffLine,0,0
2026-09-13T09:37:53+08:00,VideoCall·집 Ver.,0,0
2026-09-13T09:38:03+08:00,OffLine,0,0
2026-09-13T09:38:03+08:00,VideoCall·집 Ver.,0,0
2026-09-13T09:38:14+08:00,OffLine,0,0
2026-09-13T09:38:14+08:00,VideoCall·집 Ver.,0,0
2026-09-13T09:38:40+08:00,OffLine,0,0
2026-09-13T09:38:40+08:00,VideoCall·집 Ver.,0,0
2026-09-13T09:38:50+08:00,OffLine,0,0
2026-09-13T09:38:50+08:00,VideoCall·집 Ver.,0,0
2026-09-13T09:39:01+08:00,OffLine,0,0
2026-09-13T09:39:01+08:00,VideoCall·집 Ver.,0,0
2026-09-13T09:39:11+08:00,OffLine,0,0
2026-09-13T09:39:11+08:00,VideoCall·집 Ver.,0,0
2026-09-13T09:39:22+08:00,OffLine,0,0
2026-09-13T09:39:22+08:00,VideoCall·집 Ver.,0,0
2026-09-13T09:39:58+08:00,OffLine,0,0
2026-09-13T09:39:58+08:00,VideoCall·집 Ver.,0,0
2026-09-13T09:40:10+08:00,OffLine,0,0
2026-09-13T09:40:10+08:00,VideoCall·집 Ver.,0,0
2026-09-13T09:40:20+08:00,OffLine,0,0
2026-09-13T09:40:20+08:00,VideoCall·집 Ver.,0,0
2026-09-13T09:40:31+08:00,OffLine,0,0
2026-09-13T09:40:31+08:00,VideoCall·집 Ver.,0,0
2026-09-13T09:40:42+08:00,OffLine,0,0
2026-09-13T09:40:42+08:00,VideoCall·집 Ver.,0,0
2026-09-13T09:40:54+08:00,OffLine,0,0
2026-09-13T09:40:54+08:00,VideoCall·집 Ver.,0,0
2026-09-13T09:41:04+08:00,OffLine,0,0
2026-09-13T09:41:04+08:00,VideoCall·집 Ver.,0,0
2026-09-13T09:41:32+08:00,OffLine,0,0
2026-09-13T09:41:32+08:00,VideoCall·집 Ver.,0,0
2026-09-13T09:41:42+08:00,OffLine,0,0
2026-09-13T09:41:42+08:00,VideoCall·집 Ver.,0,0
2026-09-13T09:41:53+08:00,OffLine,0,0
2026-09-13T09:41:53+08:00,VideoCall·집 Ver.,0,0
2026-09-13T09:42:03+08:00,OffLine,0,0
2026-09-13T09:42:03+08:00,VideoCall·집 Ver.,0,0
2026-09-13T09:42:14+08:00,OffLine,0,0
2026-09-13T09:42:14+08:00,VideoCall·집 Ver.,0,0
2026-09-13T09:42:25+08:00,OffLine,0,0
2026-09-13T09:42:25+08:00,VideoCall·집 Ver.,0,0
2026-09-13T09:42:50+08:00,OffLine,0,0
2026-09-13T09:42:50+08:00,VideoCall·집 Ver.,0,0
2026-09-13T09:43:01+08:00,OffLine,0,0
2026-09-13T09:43:01+08:00,VideoCall·집 Ver.,0,0
2026-09-13T09:43:13+08:00,OffLine,0,0
2026-09-13T09:43:13+08:00,VideoCall·집 Ver.,0,0
2026-09-13T09:43:24+08:00,OffLine,0,0
2026-09-13T09:43:24+08:00,VideoCall·집 Ver.,0,0
2026-09-13T09:43:34+08:00,OffLine,0,0
2026-09-13T09:43:34+08:00,VideoCall·집 Ver.,0,0
2026-09-13T09:44:00+08:00,OffLine,0,0
2026-09-13T09:44:00+08:00,VideoCall·집 Ver.,0,0
2026-09-13T09:44:10+08:00,OffLine,0,0
2026-09-13T09:44:10+08:00,VideoCall·집 Ver.,0,0
2026-09-13T09:44:22+08:00,OffLine,0,0
2026-09-13T09:44:22+08:00,VideoCall·집 Ver.,0,0
2026-09-13T09:44:32+08:00,OffLine,0,0
2026-09-13T09:44:32+08:00,VideoCall·집 Ver.,0,0
2026-09-13T09:44:44+08:00,OffLine,0,0
2026-09-13T09:44:44+08:00,VideoCall·집 Ver.,0,0
2026-09-13T09:45:10+08:00,OffLine,0,0
2026-09-13T09:45:10+08:00,VideoCall·집 Ver.,0,0
2026-09-13T09:45:21+08:00,OffLine,0,0
2026-09-13T09:45:21+08:00,VideoCall·집 Ver.,0,0
2026-09-13T09:45:32+08:00,OffLine,0,0
2026-09-13T09:45:32+08:00,VideoCall·집 Ver.,0,0
2026-09-13T09:45:43+08:00,OffLine,0,0
2026-09-13T09:45:43+08:00,VideoCall·집 Ver.,0,0
2026-09-13T09:45:54+08:00,OffLine,0,0
2026-09-13T09:45:54+08:00,VideoCall·집 Ver.,0,0
2026-09-13T09:46:21+08:00,OffLine,0,0
2026-09-13T09:46:21+08:00,VideoCall·집 Ver.,0,0
2026-09-13T09:46:32+08:00,OffLine,0,0
2026-09-13T09:46:32+08:00,VideoCall·집 Ver.,0,0
2026-09-13T09:46:42+08:00,OffLine,0,0
2026-09-13T09:46:42+08:00,VideoCall·집 Ver.,0,0
2026-09-13T09:46:53+08:00,OffLine,0,0
2026-09-13T09:46:53+08:00,VideoCall·집 Ver.,0,0
2026-09-13T09:47:04+08:00,OffLine,0,0
2026-09-13T09:47:04+08:00,VideoCall·집 Ver.,0,0
2026-09-13T09:47:31+08:00,OffLine,0,0
2026-09-13T09:47:31+08:00,VideoCall·집 Ver.,0,0
2026-09-13T09:47:42+08:00,OffLine,0,0
2026-09-13T09:47:42+08:00,VideoCall·집 Ver.,0,0
2026-09-13T09:47:52+08:00,OffLine,0,0
2026-09-13T09:47:52+08:00,VideoCall·집 Ver.,0,0
2026-09-13T09:48:03+08:00,OffLine,0,0
2026-09-13T09:48:03+08:00,VideoCall·집 Ver.,0,0
2026-09-13T09:48:14+08:00,OffLine,0,0
2026-09-13T09:48:14+08:00,VideoCall·집 Ver.,0,0
2026-09-13T09:48:41+08:00,OffLine,0,0
2026-09-13T09:48:41+08:00,VideoCall·집 Ver.,0,0
2026-09-13T09:48:53+08:00,OffLine,0,0
2026-09-13T09:48:53+08:00,VideoCall·집 Ver.,0,0
2026-09-13T09:49:04+08:00,OffLine,0,0
2026-09-13T09:49:04+08:00,VideoCall·집 Ver.,0,0
2026-09-13T09:49:15+08:00,OffLine,0,0
2026-09-13T09:49:15+08:00,VideoCall·집 Ver.,0,0
2026-09-13T09:49:25+08:00,OffLine,0,0
2026-09-13T09:49:25+08:00,VideoCall·집 Ver.,0,0
2026-09-13T09:49:52+08:00,OffLine,0,0
2026-09-13T09:49:52+08:00,VideoCall·집 Ver.,0,0
2026-09-13T09:50:04+08:00,OffLine,0,0
2026-09-13T09:50:04+08:00,VideoCall·집 Ver.,0,0
2026-09-13T09:50:15+08:00,OffLine,0,0
2026-09-13T09:50:15+08:00,VideoCall·집 Ver.,0,0
2026-09-13T09:50:25+08:00,OffLine,0,0
2026-09-13T09:50:25+08:00,VideoCall·집 Ver.,0,0
2026-09-13T09:50:36+08:00,OffLine,0,0
2026-09-13T09:50:36+08:00,VideoCall·집 Ver.,0,0
2026-09-13T09:51:02+08:00,OffLine,0,0
2026-09-13T09:51:02+08:00,VideoCall·집 Ver.,0,0
2026-09-13T09:51:14+08:00,OffLine,0,0
2026-09-13T09:51:14+08:00,VideoCall·집 Ver.,0,0
2026-09-13T09:51:24+08:00,OffLine,0,0
2026-09-13T09:51:24+08:00,VideoCall·집 Ver.,0,0
2026-09-13T09:51:35+08:00,OffLine,0,0
2026-09-13T09:51:35+08:00,VideoCall·집 Ver.,0,0
2026-09-13T09:51:46+08:00,OffLine,0,0
2026-09-13T09:51:46+08:00,VideoCall·집 Ver.,0,0
2026-09-13T09:52:12+08:00,OffLine,0,0
2026-09-13T09:52:12+08:00,VideoCall·집 Ver.,0,0
2026-09-13T09:52:24+08:00,OffLine,0,0
2026-09-13T09:52:24+08:00,VideoCall·집 Ver.,0,0
2026-09-13T09:52:35+08:00,OffLine,0,0
2026-09-13T09:52:35+08:00,VideoCall·집 Ver.,0,0
2026-09-13T09:52:45+08:00,OffLine,0,0
2026-09-13T09:52:45+08:00,VideoCall·집 Ver.,0,0
2026-09-13T09:52:56+08:00,OffLine,0,0
2026-09-13T09:52:56+08:00,VideoCall·집 Ver.,0,0
2026-09-13T09:53:22+08:00,OffLine,0,0
2026-09-13T09:53:22+08:00,VideoCall·집 Ver.,0,0
2026-09-13T09:53:32+08:00,OffLine,0,0
2026-09-13T09:53:32+08:00,VideoCall·집 Ver.,0,0
2026-09-13T09:53:43+08:00,OffLine,0,0
2026-09-13T09:53:43+08:00,VideoCall·집 Ver.,0,0
2026-09-13T09:53:54+08:00,OffLine,0,0
2026-09-13T09:53:54+08:00,VideoCall·집 Ver.,0,0
2026-09-13T09:54:05+08:00,OffLine,0,0
2026-09-13T09:54:05+08:00,VideoCall·집 Ver.,0,0
2026-09-13T09:54:31+08:00,OffLine,0,0
2026-09-13T09:54:31+08:00,VideoCall·집 Ver.,0,0
2026-09-13T09:54:42+08:00,OffLine,0,0
2026-09-13T09:54:42+08:00,VideoCall·집 Ver.,0,0
2026-09-13T09:54:53+08:00,OffLine,0,0
2026-09-13T09:54:53+08:00,VideoCall·집 Ver.,0,0
2026-09-13T09:55:04+08:00,OffLine,0,0
2026-09-13T09:55:04+08:00,VideoCall·집 Ver.,0,0
2026-09-13T09:55:16+08:00,OffLine,0,0
2026-09-13T09:55:16+08:00,VideoCall·집 Ver.,0,0
2026-09-13T09:55:42+08:00,OffLine,0,0
2026-09-13T09:55:42+08:00,VideoCall·집 Ver.,0,0
2026-09-13T09:55:54+08:00,OffLine,0,0
2026-09-13T09:55:54+08:00,VideoCall·집 Ver.,0,0
2026-09-13T09:56:05+08:00,OffLine,0,0
2026-09-13T09:56:05+08:00,VideoCall·집 Ver.,0,0
2026-09-13T09:56:16+08:00,OffLine,0,0
2026-09-13T09:56:16+08:00,VideoCall·집 Ver.,0,0
2026-09-13T09:56:27+08:00,OffLine,0,0
2026-09-13T09:56:27+08:00,VideoCall·집 Ver.,0,0
2026-09-13T09:56:54+08:00,OffLine,0,0
2026-09-13T09:56:54+08:00,VideoCall·집 Ver.,0,0
2026-09-13T09:57:05+08:00,OffLine,0,0
2026-09-13T09:57:05+08:00,VideoCall·집 Ver.,0,0
2026-09-13T09:57:16+08:00,OffLine,0,0
2026-09-13T09:57:16+08:00,VideoCall·집 Ver.,0,0
2026-09-13T09:57:27+08:00,OffLine,0,0
2026-09-13T09:57:27+08:00,VideoCall·집 Ver.,0,0
2026-09-13T09:57:37+08:00,OffLine,0,0
2026-09-13T09:57:37+08:00,VideoCall·집 Ver.,0,0
2026-09-13T09:58:04+08:00,OffLine,0,0
2026-09-13T09:58:04+08:00,VideoCall·집 Ver.,0,0
2026-09-13T09:58:15+08:00,OffLine,0,0
2026-09-13T09:58:15+08:00,VideoCall·집 Ver.,0,0
2026-09-13T09:58:26+08:00,OffLine,0,0
2026-09-13T09:58:26+08:00,VideoCall·집 Ver.,0,0
2026-09-13T09:58:37+08:00,OffLine,0,0
2026-09-13T09:58:37+08:00,VideoCall·집 Ver.,0,0
2026-09-13T09:58:48+08:00,OffLine,0,0
2026-09-13T09:58:48+08:00,VideoCall·집 Ver.,0,0
2026-09-13T09:59:14+08:00,OffLine,0,0
2026-09-13T09:59:14+08:00,VideoCall·집 Ver.,0,0
2026-09-13T09:59:26+08:00,OffLine,0,0
2026-09-13T09:59:26+08:00,VideoCall·집 Ver.,0,0
2026-09-13T09:59:37+08:00,OffLine,0,0
2026-09-13T09:59:37+08:00,VideoCall·집 Ver.,0,0
2026-09-13T09:59:47+08:00,OffLine,0,0
2026-09-13T09:59:47+08:00,VideoCall·집 Ver.,0,0
2026-09-13T09:59:58+08:00,OffLine,0,0
2026-09-13T09:59:58+08:00,VideoCall·집 Ver.,0,0
2026-09-13T10:00:26+08:00,OffLine,0,0
2026-09-13T10:00:26+08:00,VideoCall·집 Ver.,0,0
2026-09-13T10:00:36+08:00,OffLine,0,0
2026-09-13T10:00:36+08:00,VideoCall·집 Ver.,0,0
2026-09-13T10:00:46+08:00,OffLine,0,0
2026-09-13T10:00:46+08:00,VideoCall·집 Ver.,0,0
2026-09-13T10:00:58+08:00,OffLine,0,0
2026-09-13T10:00:58+08:00,VideoCall·집 Ver.,0,0
2026-09-13T10:01:08+08:00,OffLine,0,0
2026-09-13T10:01:08+08:00,VideoCall·집 Ver.,0,0
2026-09-13T10:01:35+08:00,OffLine,0,0
2026-09-13T10:01:35+08:00,VideoCall·집 Ver.,0,0
2026-09-13T10:01:45+08:00,OffLine,0,0
2026-09-13T10:01:45+08:00,VideoCall·집 Ver.,0,0
2026-09-13T10:01:57+08:00,OffLine,0,0
2026-09-13T10:01:57+08:00,VideoCall·집 Ver.,0,0
2026-09-13T10:02:08+08:00,OffLine,0,0
2026-09-13T10:02:08+08:00,VideoCall·집 Ver.,0,0
2026-09-13T10:02:19+08:00,OffLine,0,0
2026-09-13T10:02:19+08:00,VideoCall·집 Ver.,0,0
2026-09-13T10:02:45+08:00,OffLine,0,0
2026-09-13T10:02:45+08:00,VideoCall·집 Ver.,0,0
2026-09-13T10:02:56+08:00,OffLine,0,0
2026-09-13T10:02:56+08:00,VideoCall·집 Ver.,0,0
2026-09-13T10:03:06+08:00,OffLine,0,0
2026-09-13T10:03:06+08:00,VideoCall·집 Ver.,0,0
2026-09-13T10:03:17+08:00,OffLine,0,0
2026-09-13T10:03:17+08:00,VideoCall·집 Ver.,0,0
2026-09-13T10:03:27+08:00,OffLine,0,0
2026-09-13T10:03:27+08:00,VideoCall·집 Ver.,0,0
2026-09-13T10:03:38+08:00,OffLine,0,0
2026-09-13T10:03:38+08:00,VideoCall·집 Ver.,0,0
2026-09-13T10:04:05+08:00,OffLine,0,0
2026-09-13T10:04:05+08:00,VideoCall·집 Ver.,0,0
2026-09-13T10:04:15+08:00,OffLine,0,0
2026-09-13T10:04:15+08:00,VideoCall·집 Ver.,0,0
2026-09-13T10:04:26+08:00,OffLine,0,0
2026-09-13T10:04:26+08:00,VideoCall·집 Ver.,0,0
2026-09-13T10:04:37+08:00,OffLine,0,0
2026-09-13T10:04:37+08:00,VideoCall·집 Ver.,0,0
2026-09-13T10:04:48+08:00,OffLine,0,0
2026-09-13T10:04:48+08:00,VideoCall·집 Ver.,0,0
2026-09-13T10:05:15+08:00,OffLine,0,0
2026-09-13T10:05:15+08:00,VideoCall·집 Ver.,0,0
2026-09-13T10:05:26+08:00,OffLine,0,0
2026-09-13T10:05:26+08:00,VideoCall·집 Ver.,0,0
2026-09-13T10:05:37+08:00,OffLine,0,0
2026-09-13T10:05:37+08:00,VideoCall·집 Ver.,0,0
2026-09-13T10:05:48+08:00,OffLine,0,0
2026-09-13T10:05:48+08:00,VideoCall·집 Ver.,0,0
2026-09-13T10:05:59+08:00,OffLine,0,0
2026-09-13T10:05:59+08:00,VideoCall·집 Ver.,0,0
2026-09-13T10:06:26+08:00,OffLine,0,0
2026-09-13T10:06:26+08:00,VideoCall·집 Ver.,0,0
2026-09-13T10:06:37+08:00,OffLine,0,0
2026-09-13T10:06:37+08:00,VideoCall·집 Ver.,0,0
2026-09-13T10:06:48+08:00,OffLine,0,0
2026-09-13T10:06:48+08:00,VideoCall·집 Ver.,0,0
2026-09-13T10:06:59+08:00,OffLine,0,0
2026-09-13T10:06:59+08:00,VideoCall·집 Ver.,0,0
2026-09-13T10:07:09+08:00,OffLine,0,0
2026-09-13T10:07:09+08:00,VideoCall·집 Ver.,0,0
2026-09-13T10:07:36+08:00,OffLine,0,0
2026-09-13T10:07:36+08:00,VideoCall·집 Ver.,0,0
2026-09-13T10:07:47+08:00,OffLine,0,0
2026-09-13T10:07:47+08:00,VideoCall·집 Ver.,0,0
2026-09-13T10:07:58+08:00,OffLine,0,0
2026-09-13T10:07:58+08:00,VideoCall·집 Ver.,0,0
2026-09-13T10:08:09+08:00,OffLine,0,0
2026-09-13T10:08:09+08:00,VideoCall·집 Ver.,0,0
2026-09-13T10:08:20+08:00,OffLine,0,0
2026-09-13T10:08:20+08:00,VideoCall·집 Ver.,0,0
2026-09-13T10:08:46+08:00,OffLine,0,0
2026-09-13T10:08:46+08:00,VideoCall·집 Ver.,0,0
2026-09-13T10:08:57+08:00,OffLine,0,0
2026-09-13T10:08:57+08:00,VideoCall·집 Ver.,0,0
2026-09-13T10:09:08+08:00,OffLine,0,0
2026-09-13T10:09:08+08:00,VideoCall·집 Ver.,0,0
2026-09-13T10:09:19+08:00,OffLine,0,0
2026-09-13T10:09:19+08:00,VideoCall·집 Ver.,0,0
2026-09-13T10:09:29+08:00,OffLine,0,0
2026-09-13T10:09:29+08:00,VideoCall·집 Ver.,0,0
2026-09-13T10:09:57+08:00,OffLine,0,0
2026-09-13T10:09:57+08:00,VideoCall·집 Ver.,0,0
2026-09-13T10:10:08+08:00,OffLine,0,0
2026-09-13T10:10:08+08:00,VideoCall·집 Ver.,0,0
2026-09-13T10:10:18+08:00,OffLine,0,0
2026-09-13T10:10:18+08:00,VideoCall·집 Ver.,0,0
2026-09-13T10:10:29+08:00,OffLine,0,0
2026-09-13T10:10:29+08:00,VideoCall·집 Ver.,0,0
2026-09-13T10:10:40+08:00,OffLine,0,0
2026-09-13T10:10:40+08:00,VideoCall·집 Ver.,0,0
2026-09-13T10:11:07+08:00,OffLine,0,0
2026-09-13T10:11:07+08:00,VideoCall·집 Ver.,0,0
2026-09-13T10:11:18+08:00,OffLine,0,0
2026-09-13T10:11:18+08:00,VideoCall·집 Ver.,0,0
2026-09-13T10:11:29+08:00,OffLine,0,0
2026-09-13T10:11:29+08:00,VideoCall·집 Ver.,0,0
2026-09-13T10:11:40+08:00,OffLine,0,0
2026-09-13T10:11:40+08:00,VideoCall·집 Ver.,0,0
2026-09-13T10:11:51+08:00,OffLine,0,0
2026-09-13T10:11:51+08:00,VideoCall·집 Ver.,0,0
2026-09-13T10:12:17+08:00,OffLine,0,0
2026-09-13T10:12:17+08:00,VideoCall·집 Ver.,0,0
2026-09-13T10:12:28+08:00,OffLine,0,0
2026-09-13T10:12:28+08:00,VideoCall·집 Ver.,0,0
2026-09-13T10:12:40+08:00,OffLine,0,0
2026-09-13T10:12:40+08:00,VideoCall·집 Ver.,0,0
2026-09-13T10:12:50+08:00,OffLine,0,0
2026-09-13T10:12:50+08:00,VideoCall·집 Ver.,0,0
2026-09-13T10:13:01+08:00,OffLine,0,0
2026-09-13T10:13:01+08:00,VideoCall·집 Ver.,0,0
2026-09-13T10:13:27+08:00,OffLine,0,0
2026-09-13T10:13:27+08:00,VideoCall·집 Ver.,0,0
2026-09-13T10:13:38+08:00,OffLine,0,0
2026-09-13T10:13:38+08:00,VideoCall·집 Ver.,0,0
2026-09-13T10:13:49+08:00,OffLine,0,0
2026-09-13T10:13:49+08:00,VideoCall·집 Ver.,0,0
2026-09-13T10:14:00+08:00,OffLine,0,0
2026-09-13T10:14:00+08:00,VideoCall·집 Ver.,0,0
2026-09-13T10:14:12+08:00,OffLine,0,0
2026-09-13T10:14:12+08:00,VideoCall·집 Ver.,0,0
2026-09-13T10:14:39+08:00,OffLine,0,0
2026-09-13T10:14:39+08:00,VideoCall·집 Ver.,0,0
2026-09-13T10:14:50+08:00,OffLine,0,0
2026-09-13T10:14:50+08:00,VideoCall·집 Ver.,0,0
2026-09-13T10:15:02+08:00,OffLine,0,0
2026-09-13T10:15:02+08:00,VideoCall·집 Ver.,0,0
2026-09-13T10:15:12+08:00,OffLine,0,0
2026-09-13T10:15:12+08:00,VideoCall·집 Ver.,0,0
2026-09-13T10:15:23+08:00,OffLine,0,0
2026-09-13T10:15:23+08:00,VideoCall·집 Ver.,0,0
2026-09-13T10:15:49+08:00,OffLine,0,0
2026-09-13T10:15:49+08:00,VideoCall·집 Ver.,0,0
2026-09-13T10:16:00+08:00,OffLine,0,0
2026-09-13T10:16:00+08:00,VideoCall·집 Ver.,0,0
2026-09-13T10:16:11+08:00,OffLine,0,0
2026-09-13T10:16:11+08:00,VideoCall·집 Ver.,0,0
2026-09-13T10:16:22+08:00,OffLine,0,0
2026-09-13T10:16:22+08:00,VideoCall·집 Ver.,0,0
2026-09-13T10:16:33+08:00,OffLine,0,0
2026-09-13T10:16:33+08:00,VideoCall·집 Ver.,0,0
2026-09-13T10:16:59+08:00,OffLine,0,0
2026-09-13T10:16:59+08:00,VideoCall·집 Ver.,0,0
2026-09-13T10:17:10+08:00,OffLine,0,0
2026-09-13T10:17:10+08:00,VideoCall·집 Ver.,0,0
2026-09-13T10:17:21+08:00,OffLine,0,0
2026-09-13T10:17:21+08:00,VideoCall·집 Ver.,0,0
2026-09-13T10:17:32+08:00,OffLine,0,0
2026-09-13T10:17:32+08:00,VideoCall·집 Ver.,0,0
2026-09-13T10:17:43+08:00,OffLine,0,0
2026-09-13T10:17:43+08:00,VideoCall·집 Ver.,0,0
2026-09-13T10:18:09+08:00,OffLine,0,0
2026-09-13T10:18:09+08:00,VideoCall·집 Ver.,0,0
2026-09-13T10:18:20+08:00,OffLine,0,0
2026-09-13T10:18:20+08:00,VideoCall·집 Ver.,0,0
2026-09-13T10:18:31+08:00,OffLine,0,0
2026-09-13T10:18:31+08:00,VideoCall·집 Ver.,0,0
2026-09-13T10:18:42+08:00,OffLine,0,0
2026-09-13T10:18:42+08:00,VideoCall·집 Ver.,0,0
2026-09-13T10:18:53+08:00,OffLine,0,0
2026-09-13T10:18:53+08:00,VideoCall·집 Ver.,0,0
2026-09-13T10:19:20+08:00,OffLine,0,0
2026-09-13T10:19:20+08:00,VideoCall·집 Ver.,0,0
2026-09-13T10:19:31+08:00,OffLine,0,0
2026-09-13T10:19:31+08:00,VideoCall·집 Ver.,0,0
2026-09-13T10:19:42+08:00,OffLine,0,0
2026-09-13T10:19:42+08:00,VideoCall·집 Ver.,0,0
2026-09-13T10:19:53+08:00,OffLine,0,0
2026-09-13T10:19:53+08:00,VideoCall·집 Ver.,0,0
2026-09-13T10:20:04+08:00,OffLine,0,0
2026-09-13T10:20:04+08:00,VideoCall·집 Ver.,0,0
2026-09-13T10:20:30+08:00,OffLine,0,0
2026-09-13T10:20:30+08:00,VideoCall·집 Ver.,0,0
2026-09-13T10:20:41+08:00,OffLine,0,0
2026-09-13T10:20:41+08:00,VideoCall·집 Ver.,0,0
2026-09-13T10:20:52+08:00,OffLine,0,0
2026-09-13T10:20:52+08:00,VideoCall·집 Ver.,0,0
2026-09-13T10:21:02+08:00,OffLine,0,0
2026-09-13T10:21:02+08:00,VideoCall·집 Ver.,0,0
2026-09-13T10:21:13+08:00,OffLine,0,0
2026-09-13T10:21:13+08:00,VideoCall·집 Ver.,0,0
2026-09-13T10:21:41+08:00,OffLine,0,0
2026-09-13T10:21:41+08:00,VideoCall·집 Ver.,0,0
2026-09-13T10:21:52+08:00,OffLine,0,0
2026-09-13T10:21:52+08:00,VideoCall·집 Ver.,0,0
2026-09-13T10:22:02+08:00,OffLine,0,0
2026-09-13T10:22:02+08:00,VideoCall·집 Ver.,0,0
2026-09-13T10:22:13+08:00,OffLine,0,0
2026-09-13T10:22:13+08:00,VideoCall·집 Ver.,0,0
2026-09-13T10:22:24+08:00,OffLine,0,0
2026-09-13T10:22:24+08:00,VideoCall·집 Ver.,0,0
2026-09-13T10:22:51+08:00,OffLine,0,0
2026-09-13T10:22:51+08:00,VideoCall·집 Ver.,0,0
2026-09-13T10:23:02+08:00,OffLine,0,0
2026-09-13T10:23:02+08:00,VideoCall·집 Ver.,0,0
2026-09-13T10:23:13+08:00,OffLine,0,0
2026-09-13T10:23:13+08:00,VideoCall·집 Ver.,0,0
2026-09-13T10:23:24+08:00,OffLine,0,0
2026-09-13T10:23:24+08:00,VideoCall·집 Ver.,0,0
2026-09-13T10:23:35+08:00,OffLine,0,0
2026-09-13T10:23:35+08:00,VideoCall·집 Ver.,0,0
2026-09-13T10:24:00+08:00,OffLine,0,0
2026-09-13T10:24:00+08:00,VideoCall·집 Ver.,0,0
2026-09-13T10:24:11+08:00,OffLine,0,0
2026-09-13T10:24:11+08:00,VideoCall·집 Ver.,0,0
2026-09-13T10:24:23+08:00,OffLine,0,0
2026-09-13T10:24:23+08:00,VideoCall·집 Ver.,0,0
2026-09-13T10:24:34+08:00,OffLine,0,0
2026-09-13T10:24:34+08:00,VideoCall·집 Ver.,0,0
2026-09-13T10:24:45+08:00,OffLine,0,0
2026-09-13T10:24:45+08:00,VideoCall·집 Ver.,0,0
2026-09-13T10:25:10+08:00,OffLine,0,0
2026-09-13T10:25:10+08:00,VideoCall·집 Ver.,0,0
2026-09-13T10:25:22+08:00,OffLine,0,0
2026-09-13T10:25:22+08:00,VideoCall·집 Ver.,0,0
2026-09-13T10:25:32+08:00,OffLine,0,0
2026-09-13T10:25:32+08:00,VideoCall·집 Ver.,0,0
2026-09-13T10:25:43+08:00,OffLine,0,0
2026-09-13T10:25:43+08:00,VideoCall·집 Ver.,0,0
2026-09-13T10:25:55+08:00,OffLine,0,0
2026-09-13T10:25:55+08:00,VideoCall·집 Ver.,0,0
2026-09-13T10:26:21+08:00,OffLine,0,0
2026-09-13T10:26:21+08:00,VideoCall·집 Ver.,0,0
2026-09-13T10:26:31+08:00,OffLine,0,0
2026-09-13T10:26:31+08:00,VideoCall·집 Ver.,0,0
2026-09-13T10:26:42+08:00,OffLine,0,0
2026-09-13T10:26:42+08:00,VideoCall·집 Ver.,0,0
2026-09-13T10:26:53+08:00,OffLine,0,0
2026-09-13T10:26:53+08:00,VideoCall·집 Ver.,0,0
2026-09-13T10:27:03+08:00,OffLine,0,0
2026-09-13T10:27:03+08:00,VideoCall·집 Ver.,0,0
2026-09-13T10:27:14+08:00,OffLine,0,0
2026-09-13T10:27:14+08:00,VideoCall·집 Ver.,0,0
2026-09-13T10:27:41+08:00,OffLine,0,0
2026-09-13T10:27:41+08:00,VideoCall·집 Ver.,0,0
2026-09-13T10:27:51+08:00,OffLine,0,0
2026-09-13T10:27:51+08:00,VideoCall·집 Ver.,0,0
2026-09-13T10:28:02+08:00,OffLine,0,0
2026-09-13T10:28:02+08:00,VideoCall·집 Ver.,0,0
2026-09-13T10:28:13+08:00,OffLine,0,0
2026-09-13T10:28:13+08:00,VideoCall·집 Ver.,0,0
2026-09-13T10:28:23+08:00,OffLine,0,0
2026-09-13T10:28:23+08:00,VideoCall·집 Ver.,0,0
2026-09-13T10:28:34+08:00,OffLine,0,0
2026-09-13T10:28:34+08:00,VideoCall·집 Ver.,0,0
2026-09-13T10:29:01+08:00,OffLine,0,0
2026-09-13T10:29:01+08:00,VideoCall·집 Ver.,0,0
2026-09-13T10:29:12+08:00,OffLine,0,0
2026-09-13T10:29:12+08:00,VideoCall·집 Ver.,0,0
2026-09-13T10:29:23+08:00,OffLine,0,0
2026-09-13T10:29:23+08:00,VideoCall·집 Ver.,0,0
2026-09-13T10:29:34+08:00,OffLine,0,0
2026-09-13T10:29:34+08:00,VideoCall·집 Ver.,0,0
2026-09-13T10:29:45+08:00,OffLine,0,0
2026-09-13T10:29:45+08:00,VideoCall·집 Ver.,0,0
2026-09-13T10:30:37+08:00,OffLine,0,0
2026-09-13T10:30:37+08:00,VideoCall·집 Ver.,0,0
2026-09-13T10:30:49+08:00,OffLine,0,0
2026-09-13T10:30:49+08:00,VideoCall·집 Ver.,0,0
2026-09-13T10:31:00+08:00,OffLine,0,0
2026-09-13T10:31:00+08:00,VideoCall·집 Ver.,0,0
2026-09-13T10:31:10+08:00,OffLine,0,0
2026-09-13T10:31:10+08:00,VideoCall·집 Ver.,0,0
2026-09-13T10:31:21+08:00,OffLine,0,0
2026-09-13T10:31:21+08:00,VideoCall·집 Ver.,0,0
2026-09-13T10:31:32+08:00,OffLine,0,0
2026-09-13T10:31:32+08:00,VideoCall·집 Ver.,0,0
2026-09-13T10:31:43+08:00,OffLine,0,0
2026-09-13T10:31:43+08:00,VideoCall·집 Ver.,0,0
2026-09-13T10:32:12+08:00,OffLine,0,0
2026-09-13T10:32:12+08:00,VideoCall·집 Ver.,0,0
2026-09-13T10:32:23+08:00,OffLine,0,0
2026-09-13T10:32:23+08:00,VideoCall·집 Ver.,0,0
2026-09-13T10:32:34+08:00,OffLine,0,0
2026-09-13T10:32:34+08:00,VideoCall·집 Ver.,0,0
2026-09-13T10:32:45+08:00,OffLine,0,0
2026-09-13T10:32:45+08:00,VideoCall·집 Ver.,0,0
2026-09-13T10:32:56+08:00,OffLine,0,0
2026-09-13T10:32:56+08:00,VideoCall·집 Ver.,0,0
2026-09-13T10:33:23+08:00,OffLine,0,0
2026-09-13T10:33:23+08:00,VideoCall·집 Ver.,0,0
2026-09-13T10:33:35+08:00,OffLine,0,0
2026-09-13T10:33:35+08:00,VideoCall·집 Ver.,0,0
2026-09-13T10:33:46+08:00,OffLine,0,0
2026-09-13T10:33:46+08:00,VideoCall·집 Ver.,0,0
2026-09-13T10:33:56+08:00,OffLine,0,0
2026-09-13T10:33:56+08:00,VideoCall·집 Ver.,0,0
2026-09-13T10:34:07+08:00,OffLine,0,0
2026-09-13T10:34:07+08:00,VideoCall·집 Ver.,0,0
2026-09-13T10:34:35+08:00,OffLine,0,0
2026-09-13T10:34:35+08:00,VideoCall·집 Ver.,0,0
2026-09-13T10:34:45+08:00,OffLine,0,0
2026-09-13T10:34:45+08:00,VideoCall·집 Ver.,0,0
2026-09-13T10:34:56+08:00,OffLine,0,0
2026-09-13T10:34:56+08:00,VideoCall·집 Ver.,0,0
2026-09-13T10:35:07+08:00,OffLine,0,0
2026-09-13T10:35:07+08:00,VideoCall·집 Ver.,0,0
2026-09-13T10:35:18+08:00,OffLine,0,0
2026-09-13T10:35:18+08:00,VideoCall·집 Ver.,0,0
2026-09-13T10:35:46+08:00,OffLine,0,0
2026-09-13T10:35:46+08:00,VideoCall·집 Ver.,0,0
2026-09-13T10:35:57+08:00,OffLine,0,0
2026-09-13T10:35:57+08:00,VideoCall·집 Ver.,0,0
2026-09-13T10:36:08+08:00,OffLine,0,0
2026-09-13T10:36:08+08:00,VideoCall·집 Ver.,0,0
2026-09-13T10:36:19+08:00,OffLine,0,0
2026-09-13T10:36:19+08:00,VideoCall·집 Ver.,0,0
2026-09-13T10:36:30+08:00,OffLine,0,0
2026-09-13T10:36:30+08:00,VideoCall·집 Ver.,0,0
2026-09-13T10:36:57+08:00,OffLine,0,0
2026-09-13T10:36:57+08:00,VideoCall·집 Ver.,0,0
2026-09-13T10:37:08+08:00,OffLine,0,0
2026-09-13T10:37:08+08:00,VideoCall·집 Ver.,0,0
2026-09-13T10:37:19+08:00,OffLine,0,0
2026-09-13T10:37:19+08:00,VideoCall·집 Ver.,0,0
2026-09-13T10:37:30+08:00,OffLine,0,0
2026-09-13T10:37:30+08:00,VideoCall·집 Ver.,0,0
2026-09-13T10:37:41+08:00,OffLine,0,0
2026-09-13T10:37:41+08:00,VideoCall·집 Ver.,0,0
2026-09-13T10:38:08+08:00,OffLine,0,0
2026-09-13T10:38:08+08:00,VideoCall·집 Ver.,0,0
2026-09-13T10:38:19+08:00,OffLine,0,0
2026-09-13T10:38:19+08:00,VideoCall·집 Ver.,0,0
2026-09-13T10:38:30+08:00,OffLine,0,0
2026-09-13T10:38:30+08:00,VideoCall·집 Ver.,0,0
2026-09-13T10:38:41+08:00,OffLine,0,0
2026-09-13T10:38:41+08:00,VideoCall·집 Ver.,0,0
2026-09-13T10:38:52+08:00,OffLine,0,0
2026-09-13T10:38:52+08:00,VideoCall·집 Ver.,0,0
2026-09-13T10:39:20+08:00,OffLine,0,0
2026-09-13T10:39:20+08:00,VideoCall·집 Ver.,0,0
2026-09-13T10:39:31+08:00,OffLine,0,0
2026-09-13T10:39:31+08:00,VideoCall·집 Ver.,0,0
2026-09-13T10:39:42+08:00,OffLine,0,0
2026-09-13T10:39:42+08:00,VideoCall·집 Ver.,0,0
2026-09-13T10:39:53+08:00,OffLine,0,0
2026-09-13T10:39:53+08:00,VideoCall·집 Ver.,0,0
2026-09-13T10:40:04+08:00,OffLine,0,0
2026-09-13T10:40:04+08:00,VideoCall·집 Ver.,0,0
2026-09-13T10:40:31+08:00,OffLine,0,0
2026-09-13T10:40:31+08:00,VideoCall·집 Ver.,0,0
2026-09-13T10:40:42+08:00,OffLine,0,0
2026-09-13T10:40:42+08:00,VideoCall·집 Ver.,0,0
2026-09-13T10:40:53+08:00,OffLine,0,0
2026-09-13T10:40:53+08:00,VideoCall·집 Ver.,0,0
2026-09-13T10:41:04+08:00,OffLine,0,0
2026-09-13T10:41:04+08:00,VideoCall·집 Ver.,0,0
2026-09-13T10:41:14+08:00,OffLine,0,0
2026-09-13T10:41:14+08:00,VideoCall·집 Ver.,0,0
2026-09-13T10:41:41+08:00,OffLine,0,0
2026-09-13T10:41:41+08:00,VideoCall·집 Ver.,0,0
2026-09-13T10:41:52+08:00,OffLine,0,0
2026-09-13T10:41:52+08:00,VideoCall·집 Ver.,0,0
2026-09-13T10:42:03+08:00,OffLine,0,0
2026-09-13T10:42:03+08:00,VideoCall·집 Ver.,0,0
2026-09-13T10:42:14+08:00,OffLine,0,0
2026-09-13T10:42:14+08:00,VideoCall·집 Ver.,0,0
2026-09-13T10:42:25+08:00,OffLine,0,0
2026-09-13T10:42:25+08:00,VideoCall·집 Ver.,0,0
2026-09-13T10:42:51+08:00,OffLine,0,0
2026-09-13T10:42:51+08:00,VideoCall·집 Ver.,0,0
2026-09-13T10:43:02+08:00,OffLine,0,0
2026-09-13T10:43:02+08:00,VideoCall·집 Ver.,0,0
2026-09-13T10:43:14+08:00,OffLine,0,0
2026-09-13T10:43:14+08:00,VideoCall·집 Ver.,0,0
2026-09-13T10:43:25+08:00,OffLine,0,0
2026-09-13T10:43:25+08:00,VideoCall·집 Ver.,0,0
2026-09-13T10:43:36+08:00,OffLine,0,0
2026-09-13T10:43:36+08:00,VideoCall·집 Ver.,0,0
2026-09-13T10:44:03+08:00,OffLine,0,0
2026-09-13T10:44:03+08:00,VideoCall·집 Ver.,0,0
2026-09-13T10:44:13+08:00,OffLine,0,0
2026-09-13T10:44:13+08:00,VideoCall·집 Ver.,0,0
2026-09-13T10:44:25+08:00,OffLine,0,0
2026-09-13T10:44:25+08:00,VideoCall·집 Ver.,0,0
2026-09-13T10:44:36+08:00,OffLine,0,0
2026-09-13T10:44:36+08:00,VideoCall·집 Ver.,0,0
2026-09-13T10:44:47+08:00,OffLine,0,0
2026-09-13T10:44:47+08:00,VideoCall·집 Ver.,0,0
2026-09-13T10:45:13+08:00,OffLine,0,0
2026-09-13T10:45:13+08:00,VideoCall·집 Ver.,0,0
2026-09-13T10:45:24+08:00,OffLine,0,0
2026-09-13T10:45:24+08:00,VideoCall·집 Ver.,0,0
2026-09-13T10:45:35+08:00,OffLine,0,0
2026-09-13T10:45:35+08:00,VideoCall·집 Ver.,0,0
2026-09-13T10:45:46+08:00,OffLine,0,0
2026-09-13T10:45:46+08:00,VideoCall·집 Ver.,0,0
2026-09-13T10:45:57+08:00,OffLine,0,0
2026-09-13T10:45:57+08:00,VideoCall·집 Ver.,0,0
2026-09-13T10:46:24+08:00,OffLine,0,0
2026-09-13T10:46:24+08:00,VideoCall·집 Ver.,0,0
2026-09-13T10:46:35+08:00,OffLine,0,0
2026-09-13T10:46:35+08:00,VideoCall·집 Ver.,0,0
2026-09-13T10:46:45+08:00,OffLine,0,0
2026-09-13T10:46:45+08:00,VideoCall·집 Ver.,0,0
2026-09-13T10:46:56+08:00,OffLine,0,0
2026-09-13T10:46:56+08:00,VideoCall·집 Ver.,0,0
2026-09-13T10:47:08+08:00,OffLine,0,0
2026-09-13T10:47:08+08:00,VideoCall·집 Ver.,0,0
2026-09-13T10:47:34+08:00,OffLine,0,0
2026-09-13T10:47:34+08:00,VideoCall·집 Ver.,0,0
2026-09-13T10:47:45+08:00,OffLine,0,0
2026-09-13T10:47:45+08:00,VideoCall·집 Ver.,0,0
2026-09-13T10:47:56+08:00,OffLine,0,0
2026-09-13T10:47:56+08:00,VideoCall·집 Ver.,0,0
2026-09-13T10:48:07+08:00,OffLine,0,0
2026-09-13T10:48:07+08:00,VideoCall·집 Ver.,0,0
2026-09-13T10:48:18+08:00,OffLine,0,0
2026-09-13T10:48:18+08:00,VideoCall·집 Ver.,0,0
2026-09-13T10:48:45+08:00,OffLine,0,0
2026-09-13T10:48:45+08:00,VideoCall·집 Ver.,0,0
2026-09-13T10:48:56+08:00,OffLine,0,0
2026-09-13T10:48:56+08:00,VideoCall·집 Ver.,0,0
2026-09-13T10:49:07+08:00,OffLine,0,0
2026-09-13T10:49:07+08:00,VideoCall·집 Ver.,0,0
2026-09-13T10:49:18+08:00,OffLine,0,0
2026-09-13T10:49:18+08:00,VideoCall·집 Ver.,0,0
2026-09-13T10:49:29+08:00,OffLine,0,0
2026-09-13T10:49:29+08:00,VideoCall·집 Ver.,0,0
2026-09-13T10:49:56+08:00,OffLine,0,0
2026-09-13T10:49:56+08:00,VideoCall·집 Ver.,0,0
2026-09-13T10:50:07+08:00,OffLine,0,0
2026-09-13T10:50:07+08:00,VideoCall·집 Ver.,0,0
2026-09-13T10:50:18+08:00,OffLine,0,0
2026-09-13T10:50:18+08:00,VideoCall·집 Ver.,0,0
2026-09-13T10:50:28+08:00,OffLine,0,0
2026-09-13T10:50:28+08:00,VideoCall·집 Ver.,0,0
2026-09-13T10:50:39+08:00,OffLine,0,0
2026-09-13T10:50:39+08:00,VideoCall·집 Ver.,0,0
2026-09-13T10:51:07+08:00,OffLine,0,0
2026-09-13T10:51:07+08:00,VideoCall·집 Ver.,0,0
2026-09-13T10:51:18+08:00,OffLine,0,0
2026-09-13T10:51:18+08:00,VideoCall·집 Ver.,0,0
2026-09-13T10:51:29+08:00,OffLine,0,0
2026-09-13T10:51:29+08:00,VideoCall·집 Ver.,0,0
2026-09-13T10:51:40+08:00,OffLine,0,0
2026-09-13T10:51:40+08:00,VideoCall·집 Ver.,0,0
2026-09-13T10:51:50+08:00,OffLine,0,0
2026-09-13T10:51:50+08:00,VideoCall·집 Ver.,0,0
2026-09-13T10:52:18+08:00,OffLine,0,0
2026-09-13T10:52:18+08:00,VideoCall·집 Ver.,0,0
2026-09-13T10:52:29+08:00,OffLine,0,0
2026-09-13T10:52:29+08:00,VideoCall·집 Ver.,0,0
2026-09-13T10:52:40+08:00,OffLine,0,0
2026-09-13T10:52:40+08:00,VideoCall·집 Ver.,0,0
2026-09-13T10:52:51+08:00,OffLine,0,0
2026-09-13T10:52:51+08:00,VideoCall·집 Ver.,0,0
2026-09-13T10:53:02+08:00,OffLine,0,0
2026-09-13T10:53:02+08:00,VideoCall·집 Ver.,0,0
2026-09-13T10:53:29+08:00,OffLine,0,0
2026-09-13T10:53:29+08:00,VideoCall·집 Ver.,0,0
2026-09-13T10:53:40+08:00,OffLine,0,0
2026-09-13T10:53:40+08:00,VideoCall·집 Ver.,0,0
2026-09-13T10:53:51+08:00,OffLine,0,0
2026-09-13T10:53:51+08:00,VideoCall·집 Ver.,0,0
2026-09-13T10:54:01+08:00,OffLine,0,0
2026-09-13T10:54:01+08:00,VideoCall·집 Ver.,0,0
2026-09-13T10:54:13+08:00,OffLine,0,0
2026-09-13T10:54:13+08:00,VideoCall·집 Ver.,0,0
2026-09-13T10:54:40+08:00,OffLine,0,0
2026-09-13T10:54:40+08:00,VideoCall·집 Ver.,0,0
2026-09-13T10:54:51+08:00,OffLine,0,0
2026-09-13T10:54:51+08:00,VideoCall·집 Ver.,0,0
2026-09-13T10:55:01+08:00,OffLine,0,0
2026-09-13T10:55:01+08:00,VideoCall·집 Ver.,0,0
2026-09-13T10:55:12+08:00,OffLine,0,0
2026-09-13T10:55:12+08:00,VideoCall·집 Ver.,0,0
2026-09-13T10:55:23+08:00,OffLine,0,0
2026-09-13T10:55:23+08:00,VideoCall·집 Ver.,0,0
2026-09-13T10:55:51+08:00,OffLine,0,0
2026-09-13T10:55:51+08:00,VideoCall·집 Ver.,0,0
2026-09-13T10:56:02+08:00,OffLine,0,0
2026-09-13T10:56:02+08:00,VideoCall·집 Ver.,0,0
2026-09-13T10:56:12+08:00,OffLine,0,0
2026-09-13T10:56:12+08:00,VideoCall·집 Ver.,0,0
2026-09-13T10:56:23+08:00,OffLine,0,0
2026-09-13T10:56:23+08:00,VideoCall·집 Ver.,0,0
2026-09-13T10:56:34+08:00,OffLine,0,0
2026-09-13T10:56:34+08:00,VideoCall·집 Ver.,0,0
2026-09-13T10:57:02+08:00,OffLine,0,0
2026-09-13T10:57:02+08:00,VideoCall·집 Ver.,0,0
2026-09-13T10:57:13+08:00,OffLine,0,0
2026-09-13T10:57:13+08:00,VideoCall·집 Ver.,0,0
2026-09-13T10:57:24+08:00,OffLine,0,0
2026-09-13T10:57:24+08:00,VideoCall·집 Ver.,0,0
2026-09-13T10:57:34+08:00,OffLine,0,0
2026-09-13T10:57:34+08:00,VideoCall·집 Ver.,0,0
2026-09-13T10:57:45+08:00,OffLine,0,0
2026-09-13T10:57:45+08:00,VideoCall·집 Ver.,0,0
2026-09-13T10:58:13+08:00,OffLine,0,0
2026-09-13T10:58:13+08:00,VideoCall·집 Ver.,0,0
2026-09-13T10:58:24+08:00,OffLine,0,0
2026-09-13T10:58:24+08:00,VideoCall·집 Ver.,0,0
2026-09-13T10:58:35+08:00,OffLine,0,0
2026-09-13T10:58:35+08:00,VideoCall·집 Ver.,0,0
2026-09-13T10:58:46+08:00,OffLine,0,0
2026-09-13T10:58:46+08:00,VideoCall·집 Ver.,0,0
2026-09-13T10:58:57+08:00,OffLine,0,0
2026-09-13T10:58:57+08:00,VideoCall·집 Ver.,0,0
2026-09-13T10:59:24+08:00,OffLine,0,0
2026-09-13T10:59:24+08:00,VideoCall·집 Ver.,0,0
2026-09-13T10:59:35+08:00,OffLine,0,0
2026-09-13T10:59:35+08:00,VideoCall·집 Ver.,0,0
2026-09-13T10:59:46+08:00,OffLine,0,0
2026-09-13T10:59:46+08:00,VideoCall·집 Ver.,0,0
2026-09-13T10:59:56+08:00,OffLine,0,0
2026-09-13T10:59:56+08:00,VideoCall·집 Ver.,0,0
2026-09-13T11:00:07+08:00,OffLine,0,0
2026-09-13T11:00:07+08:00,VideoCall·집 Ver.,0,0
2026-09-13T11:00:35+08:00,OffLine,0,0
2026-09-13T11:00:35+08:00,VideoCall·집 Ver.,0,0
2026-09-13T11:00:46+08:00,OffLine,0,0
2026-09-13T11:00:46+08:00,VideoCall·집 Ver.,0,0
2026-09-13T11:00:57+08:00,OffLine,0,0
2026-09-13T11:00:57+08:00,VideoCall·집 Ver.,0,0
2026-09-13T11:01:08+08:00,OffLine,0,0
2026-09-13T11:01:08+08:00,VideoCall·집 Ver.,0,0
2026-09-13T11:01:18+08:00,OffLine,0,0
2026-09-13T11:01:18+08:00,VideoCall·집 Ver.,0,0
2026-09-13T11:01:46+08:00,OffLine,0,0
2026-09-13T11:01:46+08:00,VideoCall·집 Ver.,0,0
2026-09-13T11:01:57+08:00,OffLine,0,0
2026-09-13T11:01:57+08:00,VideoCall·집 Ver.,0,0
2026-09-13T11:02:08+08:00,OffLine,0,0
2026-09-13T11:02:08+08:00,VideoCall·집 Ver.,0,0
2026-09-13T11:02:19+08:00,OffLine,0,0
2026-09-13T11:02:19+08:00,VideoCall·집 Ver.,0,0
2026-09-13T11:02:30+08:00,OffLine,0,0
2026-09-13T11:02:30+08:00,VideoCall·집 Ver.,0,0
2026-09-13T11:02:56+08:00,OffLine,0,0
2026-09-13T11:02:56+08:00,VideoCall·집 Ver.,0,0
2026-09-13T11:03:08+08:00,OffLine,0,0
2026-09-13T11:03:08+08:00,VideoCall·집 Ver.,0,0
2026-09-13T11:03:18+08:00,OffLine,0,0
2026-09-13T11:03:18+08:00,VideoCall·집 Ver.,0,0
2026-09-13T11:03:29+08:00,OffLine,0,0
2026-09-13T11:03:29+08:00,VideoCall·집 Ver.,0,0
2026-09-13T11:03:41+08:00,OffLine,0,0
2026-09-13T11:03:41+08:00,VideoCall·집 Ver.,0,0
2026-09-13T11:04:08+08:00,OffLine,0,0
2026-09-13T11:04:08+08:00,VideoCall·집 Ver.,0,0
2026-09-13T11:04:19+08:00,OffLine,0,0
2026-09-13T11:04:19+08:00,VideoCall·집 Ver.,0,0
2026-09-13T11:04:30+08:00,OffLine,0,0
2026-09-13T11:04:30+08:00,VideoCall·집 Ver.,0,0
2026-09-13T11:04:41+08:00,OffLine,0,0
2026-09-13T11:04:41+08:00,VideoCall·집 Ver.,0,0
2026-09-13T11:04:52+08:00,OffLine,0,0
2026-09-13T11:04:52+08:00,VideoCall·집 Ver.,0,0
2026-09-13T11:05:18+08:00,OffLine,0,0
2026-09-13T11:05:18+08:00,VideoCall·집 Ver.,0,0
2026-09-13T11:05:30+08:00,OffLine,0,0
2026-09-13T11:05:30+08:00,VideoCall·집 Ver.,0,0
2026-09-13T11:05:41+08:00,OffLine,0,0
2026-09-13T11:05:41+08:00,VideoCall·집 Ver.,0,0
2026-09-13T11:05:52+08:00,OffLine,0,0
2026-09-13T11:05:52+08:00,VideoCall·집 Ver.,0,0
2026-09-13T11:06:03+08:00,OffLine,0,0
2026-09-13T11:06:03+08:00,VideoCall·집 Ver.,0,0
2026-09-13T11:06:30+08:00,OffLine,0,0
2026-09-13T11:06:30+08:00,VideoCall·집 Ver.,0,0
2026-09-13T11:06:41+08:00,OffLine,0,0
2026-09-13T11:06:41+08:00,VideoCall·집 Ver.,0,0
2026-09-13T11:06:52+08:00,OffLine,0,0
2026-09-13T11:06:52+08:00,VideoCall·집 Ver.,0,0
2026-09-13T11:07:03+08:00,OffLine,0,0
2026-09-13T11:07:03+08:00,VideoCall·집 Ver.,0,0
2026-09-13T11:07:14+08:00,OffLine,0,0
2026-09-13T11:07:14+08:00,VideoCall·집 Ver.,0,0
2026-09-13T11:07:40+08:00,OffLine,0,0
2026-09-13T11:07:40+08:00,VideoCall·집 Ver.,0,0
2026-09-13T11:07:51+08:00,OffLine,0,0
2026-09-13T11:07:51+08:00,VideoCall·집 Ver.,0,0
2026-09-13T11:08:03+08:00,OffLine,0,0
2026-09-13T11:08:03+08:00,VideoCall·집 Ver.,0,0
2026-09-13T11:08:13+08:00,OffLine,0,0
2026-09-13T11:08:13+08:00,VideoCall·집 Ver.,0,0
2026-09-13T11:08:24+08:00,OffLine,0,0
2026-09-13T11:08:24+08:00,VideoCall·집 Ver.,0,0
2026-09-13T11:08:51+08:00,OffLine,0,0
2026-09-13T11:08:51+08:00,VideoCall·집 Ver.,0,0
2026-09-13T11:09:01+08:00,OffLine,0,0
2026-09-13T11:09:01+08:00,VideoCall·집 Ver.,0,0
2026-09-13T11:09:12+08:00,OffLine,0,0
2026-09-13T11:09:12+08:00,VideoCall·집 Ver.,0,0
2026-09-13T11:09:24+08:00,OffLine,0,0
2026-09-13T11:09:24+08:00,VideoCall·집 Ver.,0,0
2026-09-13T11:09:35+08:00,OffLine,0,0
2026-09-13T11:09:35+08:00,VideoCall·집 Ver.,0,0
2026-09-13T11:10:02+08:00,OffLine,0,0
2026-09-13T11:10:02+08:00,VideoCall·집 Ver.,0,0
2026-09-13T11:10:12+08:00,OffLine,0,0
2026-09-13T11:10:12+08:00,VideoCall·집 Ver.,0,0
2026-09-13T11:10:23+08:00,OffLine,0,0
2026-09-13T11:10:23+08:00,VideoCall·집 Ver.,0,0
2026-09-13T11:10:34+08:00,OffLine,0,0
2026-09-13T11:10:34+08:00,VideoCall·집 Ver.,0,0
2026-09-13T11:10:46+08:00,OffLine,0,0
2026-09-13T11:10:46+08:00,VideoCall·집 Ver.,0,0
2026-09-13T11:11:13+08:00,OffLine,0,0
2026-09-13T11:11:13+08:00,VideoCall·집 Ver.,0,0
2026-09-13T11:11:24+08:00,OffLine,0,0
2026-09-13T11:11:24+08:00,VideoCall·집 Ver.,0,0
2026-09-13T11:11:34+08:00,OffLine,0,0
2026-09-13T11:11:34+08:00,VideoCall·집 Ver.,0,0
2026-09-13T11:11:45+08:00,OffLine,0,0
2026-09-13T11:11:45+08:00,VideoCall·집 Ver.,0,0
2026-09-13T11:11:56+08:00,OffLine,0,0
2026-09-13T11:11:56+08:00,VideoCall·집 Ver.,0,0
2026-09-13T11:12:22+08:00,OffLine,0,0
2026-09-13T11:12:22+08:00,VideoCall·집 Ver.,0,0
2026-09-13T11:12:33+08:00,OffLine,0,0
2026-09-13T11:12:33+08:00,VideoCall·집 Ver.,0,0
2026-09-13T11:12:44+08:00,OffLine,0,0
2026-09-13T11:12:44+08:00,VideoCall·집 Ver.,0,0
2026-09-13T11:12:55+08:00,OffLine,0,0
2026-09-13T11:12:55+08:00,VideoCall·집 Ver.,0,0
2026-09-13T11:13:06+08:00,OffLine,0,0
2026-09-13T11:13:06+08:00,VideoCall·집 Ver.,0,0
2026-09-13T11:13:34+08:00,OffLine,0,0
2026-09-13T11:13:34+08:00,VideoCall·집 Ver.,0,0
2026-09-13T11:13:44+08:00,OffLine,0,0
2026-09-13T11:13:44+08:00,VideoCall·집 Ver.,0,0
2026-09-13T11:13:55+08:00,OffLine,0,0
2026-09-13T11:13:55+08:00,VideoCall·집 Ver.,0,0
2026-09-13T11:14:06+08:00,OffLine,0,0
2026-09-13T11:14:06+08:00,VideoCall·집 Ver.,0,0
2026-09-13T11:14:17+08:00,OffLine,0,0
2026-09-13T11:14:17+08:00,VideoCall·집 Ver.,0,0
2026-09-13T11:14:44+08:00,OffLine,0,0
2026-09-13T11:14:44+08:00,VideoCall·집 Ver.,0,0
2026-09-13T11:14:55+08:00,OffLine,0,0
2026-09-13T11:14:55+08:00,VideoCall·집 Ver.,0,0
2026-09-13T11:15:06+08:00,OffLine,0,0
2026-09-13T11:15:06+08:00,VideoCall·집 Ver.,0,0
2026-09-13T11:15:17+08:00,OffLine,0,0
2026-09-13T11:15:17+08:00,VideoCall·집 Ver.,0,0
2026-09-13T11:15:28+08:00,OffLine,0,0
2026-09-13T11:15:28+08:00,VideoCall·집 Ver.,0,0
2026-09-13T11:15:55+08:00,OffLine,0,0
2026-09-13T11:15:55+08:00,VideoCall·집 Ver.,0,0
2026-09-13T11:16:06+08:00,OffLine,0,0
2026-09-13T11:16:06+08:00,VideoCall·집 Ver.,0,0
2026-09-13T11:16:17+08:00,OffLine,0,0
2026-09-13T11:16:17+08:00,VideoCall·집 Ver.,0,0
2026-09-13T11:16:28+08:00,OffLine,0,0
2026-09-13T11:16:28+08:00,VideoCall·집 Ver.,0,0
2026-09-13T11:16:39+08:00,OffLine,0,0
2026-09-13T11:16:39+08:00,VideoCall·집 Ver.,0,0
2026-09-13T11:17:06+08:00,OffLine,0,0
2026-09-13T11:17:06+08:00,VideoCall·집 Ver.,0,0
2026-09-13T11:17:17+08:00,OffLine,0,0
2026-09-13T11:17:17+08:00,VideoCall·집 Ver.,0,0
2026-09-13T11:17:28+08:00,OffLine,0,0
2026-09-13T11:17:28+08:00,VideoCall·집 Ver.,0,0
2026-09-13T11:17:39+08:00,OffLine,0,0
2026-09-13T11:17:39+08:00,VideoCall·집 Ver.,0,0
2026-09-13T11:17:50+08:00,OffLine,0,0
2026-09-13T11:17:50+08:00,VideoCall·집 Ver.,0,0
2026-09-13T11:18:18+08:00,OffLine,0,0
2026-09-13T11:18:18+08:00,VideoCall·집 Ver.,0,0
2026-09-13T11:18:29+08:00,OffLine,0,0
2026-09-13T11:18:29+08:00,VideoCall·집 Ver.,0,0
2026-09-13T11:18:40+08:00,OffLine,0,0
2026-09-13T11:18:40+08:00,VideoCall·집 Ver.,0,0
2026-09-13T11:18:51+08:00,OffLine,0,0
2026-09-13T11:18:51+08:00,VideoCall·집 Ver.,0,0
2026-09-13T11:19:02+08:00,OffLine,0,0
2026-09-13T11:19:02+08:00,VideoCall·집 Ver.,0,0
2026-09-13T11:19:29+08:00,OffLine,0,0
2026-09-13T11:19:29+08:00,VideoCall·집 Ver.,0,0
2026-09-13T11:19:39+08:00,OffLine,0,0
2026-09-13T11:19:39+08:00,VideoCall·집 Ver.,0,0
2026-09-13T11:19:50+08:00,OffLine,0,0
2026-09-13T11:19:50+08:00,VideoCall·집 Ver.,0,0
2026-09-13T11:20:01+08:00,OffLine,0,0
2026-09-13T11:20:01+08:00,VideoCall·집 Ver.,0,0
2026-09-13T11:20:12+08:00,OffLine,0,0
2026-09-13T11:20:12+08:00,VideoCall·집 Ver.,0,0
2026-09-13T11:21:41+08:00,OffLine,0,0
2026-09-13T11:21:41+08:00,VideoCall·집 Ver.,0,0
2026-09-13T11:21:53+08:00,OffLine,0,0
2026-09-13T11:21:53+08:00,VideoCall·집 Ver.,0,0
2026-09-13T11:22:03+08:00,OffLine,0,0
2026-09-13T11:22:03+08:00,VideoCall·집 Ver.,0,0
2026-09-13T11:22:14+08:00,OffLine,0,0
2026-09-13T11:22:14+08:00,VideoCall·집 Ver.,0,0
2026-09-13T11:22:25+08:00,OffLine,0,0
2026-09-13T11:22:25+08:00,VideoCall·집 Ver.,0,0
2026-09-13T11:22:36+08:00,OffLine,0,0
2026-09-13T11:22:36+08:00,VideoCall·집 Ver.,0,0
2026-09-13T11:22:47+08:00,OffLine,0,0
2026-09-13T11:22:47+08:00,VideoCall·집 Ver.,0,0
2026-09-13T11:23:15+08:00,OffLine,0,0
2026-09-13T11:23:15+08:00,VideoCall·집 Ver.,0,0
2026-09-13T11:23:26+08:00,OffLine,0,0
2026-09-13T11:23:26+08:00,VideoCall·집 Ver.,0,0
2026-09-13T11:23:37+08:00,OffLine,0,0
2026-09-13T11:23:37+08:00,VideoCall·집 Ver.,0,0
2026-09-13T11:23:48+08:00,OffLine,0,0
2026-09-13T11:23:48+08:00,VideoCall·집 Ver.,0,0
2026-09-13T11:23:59+08:00,OffLine,0,0
2026-09-13T11:23:59+08:00,VideoCall·집 Ver.,0,0
2026-09-13T11:24:25+08:00,OffLine,0,0
2026-09-13T11:24:25+08:00,VideoCall·집 Ver.,0,0
2026-09-13T11:24:36+08:00,OffLine,0,0
2026-09-13T11:24:36+08:00,VideoCall·집 Ver.,0,0
2026-09-13T11:24:47+08:00,OffLine,0,0
2026-09-13T11:24:47+08:00,VideoCall·집 Ver.,0,0
2026-09-13T11:24:58+08:00,OffLine,0,0
2026-09-13T11:24:58+08:00,VideoCall·집 Ver.,0,0
2026-09-13T11:25:08+08:00,OffLine,0,0
2026-09-13T11:25:08+08:00,VideoCall·집 Ver.,0,0
2026-09-13T11:25:35+08:00,OffLine,0,0
2026-09-13T11:25:35+08:00,VideoCall·집 Ver.,0,0
2026-09-13T11:25:46+08:00,OffLine,0,0
2026-09-13T11:25:46+08:00,VideoCall·집 Ver.,0,0
2026-09-13T11:25:57+08:00,OffLine,0,0
2026-09-13T11:25:57+08:00,VideoCall·집 Ver.,0,0
2026-09-13T11:26:08+08:00,OffLine,0,0
2026-09-13T11:26:08+08:00,VideoCall·집 Ver.,0,0
2026-09-13T11:26:19+08:00,OffLine,0,0
2026-09-13T11:26:19+08:00,VideoCall·집 Ver.,0,0
2026-09-13T11:26:45+08:00,OffLine,0,0
2026-09-13T11:26:45+08:00,VideoCall·집 Ver.,0,0
2026-09-13T11:26:56+08:00,OffLine,0,0
2026-09-13T11:26:56+08:00,VideoCall·집 Ver.,0,0
2026-09-13T11:27:07+08:00,OffLine,0,0
2026-09-13T11:27:07+08:00,VideoCall·집 Ver.,0,0
2026-09-13T11:27:18+08:00,OffLine,0,0
2026-09-13T11:27:18+08:00,VideoCall·집 Ver.,0,0
2026-09-13T11:27:30+08:00,OffLine,0,0
2026-09-13T11:27:30+08:00,VideoCall·집 Ver.,0,0
2026-09-13T11:27:55+08:00,OffLine,0,0
2026-09-13T11:27:55+08:00,VideoCall·집 Ver.,0,0
2026-09-13T11:28:06+08:00,OffLine,0,0
2026-09-13T11:28:06+08:00,VideoCall·집 Ver.,0,0
2026-09-13T11:28:17+08:00,OffLine,0,0
2026-09-13T11:28:17+08:00,VideoCall·집 Ver.,0,0
2026-09-13T11:28:28+08:00,OffLine,0,0
2026-09-13T11:28:28+08:00,VideoCall·집 Ver.,0,0
2026-09-13T11:28:39+08:00,OffLine,0,0
2026-09-13T11:28:39+08:00,VideoCall·집 Ver.,0,0
2026-09-13T11:29:05+08:00,OffLine,0,0
2026-09-13T11:29:05+08:00,VideoCall·집 Ver.,0,0
2026-09-13T11:29:16+08:00,OffLine,0,0
2026-09-13T11:29:16+08:00,VideoCall·집 Ver.,0,0
2026-09-13T11:29:27+08:00,OffLine,0,0
2026-09-13T11:29:27+08:00,VideoCall·집 Ver.,0,0
2026-09-13T11:29:38+08:00,OffLine,0,0
2026-09-13T11:29:38+08:00,VideoCall·집 Ver.,0,0
2026-09-13T11:29:49+08:00,OffLine,0,0
2026-09-13T11:29:49+08:00,VideoCall·집 Ver.,0,0
2026-09-13T11:30:16+08:00,OffLine,0,0
2026-09-13T11:30:16+08:00,VideoCall·집 Ver.,0,0
2026-09-13T11:30:26+08:00,OffLine,0,0
2026-09-13T11:30:26+08:00,VideoCall·집 Ver.,0,0
2026-09-13T11:30:37+08:00,OffLine,0,0
2026-09-13T11:30:37+08:00,VideoCall·집 Ver.,0,0
2026-09-13T11:30:48+08:00,OffLine,0,0
2026-09-13T11:30:48+08:00,VideoCall·집 Ver.,0,0
2026-09-13T11:30:59+08:00,OffLine,0,0
2026-09-13T11:30:59+08:00,VideoCall·집 Ver.,0,0
2026-09-13T11:31:26+08:00,OffLine,0,0
2026-09-13T11:31:26+08:00,VideoCall·집 Ver.,0,0
2026-09-13T11:31:37+08:00,OffLine,0,0
2026-09-13T11:31:37+08:00,VideoCall·집 Ver.,0,0
2026-09-13T11:31:47+08:00,OffLine,0,0
2026-09-13T11:31:47+08:00,VideoCall·집 Ver.,0,0
2026-09-13T11:31:58+08:00,OffLine,0,0
2026-09-13T11:31:58+08:00,VideoCall·집 Ver.,0,0
2026-09-13T11:32:09+08:00,OffLine,0,0
2026-09-13T11:32:09+08:00,VideoCall·집 Ver.,0,0
2026-09-13T11:32:35+08:00,OffLine,0,0
2026-09-13T11:32:35+08:00,VideoCall·집 Ver.,0,0
2026-09-13T11:32:47+08:00,OffLine,0,0
2026-09-13T11:32:47+08:00,VideoCall·집 Ver.,0,0
2026-09-13T11:32:58+08:00,OffLine,0,0
2026-09-13T11:32:58+08:00,VideoCall·집 Ver.,0,0
2026-09-13T11:33:09+08:00,OffLine,0,0
2026-09-13T11:33:09+08:00,VideoCall·집 Ver.,0,0
2026-09-13T11:33:19+08:00,OffLine,0,0
2026-09-13T11:33:19+08:00,VideoCall·집 Ver.,0,0
2026-09-13T11:33:45+08:00,OffLine,0,0
2026-09-13T11:33:45+08:00,VideoCall·집 Ver.,0,0
2026-09-13T11:33:56+08:00,OffLine,0,0
2026-09-13T11:33:56+08:00,VideoCall·집 Ver.,0,0
2026-09-13T11:34:07+08:00,OffLine,0,0
2026-09-13T11:34:07+08:00,VideoCall·집 Ver.,0,0
2026-09-13T11:34:18+08:00,OffLine,0,0
2026-09-13T11:34:18+08:00,VideoCall·집 Ver.,0,0
2026-09-13T11:34:29+08:00,OffLine,0,0
2026-09-13T11:34:29+08:00,VideoCall·집 Ver.,0,0
2026-09-13T11:34:56+08:00,OffLine,0,0
2026-09-13T11:34:56+08:00,VideoCall·집 Ver.,0,0
2026-09-13T11:35:06+08:00,OffLine,0,0
2026-09-13T11:35:06+08:00,VideoCall·집 Ver.,0,0
2026-09-13T11:35:17+08:00,OffLine,0,0
2026-09-13T11:35:17+08:00,VideoCall·집 Ver.,0,0
2026-09-13T11:35:28+08:00,OffLine,0,0
2026-09-13T11:35:28+08:00,VideoCall·집 Ver.,0,0
2026-09-13T11:35:39+08:00,OffLine,0,0
2026-09-13T11:35:39+08:00,VideoCall·집 Ver.,0,0
2026-09-13T11:36:05+08:00,OffLine,0,0
2026-09-13T11:36:05+08:00,VideoCall·집 Ver.,0,0
2026-09-13T11:36:16+08:00,OffLine,0,0
2026-09-13T11:36:16+08:00,VideoCall·집 Ver.,0,0
2026-09-13T11:36:27+08:00,OffLine,0,0
2026-09-13T11:36:27+08:00,VideoCall·집 Ver.,0,0
2026-09-13T11:36:38+08:00,OffLine,0,0
2026-09-13T11:36:38+08:00,VideoCall·집 Ver.,0,0
2026-09-13T11:36:49+08:00,OffLine,0,0
2026-09-13T11:36:49+08:00,VideoCall·집 Ver.,0,0
2026-09-13T11:37:15+08:00,OffLine,0,0
2026-09-13T11:37:15+08:00,VideoCall·집 Ver.,0,0
2026-09-13T11:37:26+08:00,OffLine,0,0
2026-09-13T11:37:26+08:00,VideoCall·집 Ver.,0,0
2026-09-13T11:37:36+08:00,OffLine,0,0
2026-09-13T11:37:36+08:00,VideoCall·집 Ver.,0,0
2026-09-13T11:37:47+08:00,OffLine,0,0
2026-09-13T11:37:47+08:00,VideoCall·집 Ver.,0,0
2026-09-13T11:37:58+08:00,OffLine,0,0
2026-09-13T11:37:58+08:00,VideoCall·집 Ver.,0,0
2026-09-13T11:38:09+08:00,OffLine,0,0
2026-09-13T11:38:09+08:00,VideoCall·집 Ver.,0,0
2026-09-13T11:38:35+08:00,OffLine,0,0
2026-09-13T11:38:35+08:00,VideoCall·집 Ver.,0,0
2026-09-13T11:38:46+08:00,OffLine,0,0
2026-09-13T11:38:46+08:00,VideoCall·집 Ver.,0,0
2026-09-13T11:38:57+08:00,OffLine,0,0
2026-09-13T11:38:57+08:00,VideoCall·집 Ver.,0,0
2026-09-13T11:39:08+08:00,OffLine,0,0
2026-09-13T11:39:08+08:00,VideoCall·집 Ver.,0,0
2026-09-13T11:39:19+08:00,OffLine,0,0
2026-09-13T11:39:19+08:00,VideoCall·집 Ver.,0,0
2026-09-13T11:39:45+08:00,OffLine,0,0
2026-09-13T11:39:45+08:00,VideoCall·집 Ver.,0,0
2026-09-13T11:39:57+08:00,OffLine,0,0
2026-09-13T11:39:57+08:00,VideoCall·집 Ver.,0,0
2026-09-13T11:40:08+08:00,OffLine,0,0
2026-09-13T11:40:08+08:00,VideoCall·집 Ver.,0,0
2026-09-13T11:40:19+08:00,OffLine,0,0
2026-09-13T11:40:19+08:00,VideoCall·집 Ver.,0,0
2026-09-13T11:40:30+08:00,OffLine,0,0
2026-09-13T11:40:30+08:00,VideoCall·집 Ver.,0,0
2026-09-13T11:40:57+08:00,OffLine,0,0
2026-09-13T11:40:57+08:00,VideoCall·집 Ver.,0,0
2026-09-13T11:41:07+08:00,OffLine,0,0
2026-09-13T11:41:07+08:00,VideoCall·집 Ver.,0,0
2026-09-13T11:41:18+08:00,OffLine,0,0
2026-09-13T11:41:18+08:00,VideoCall·집 Ver.,0,0
2026-09-13T11:41:29+08:00,OffLine,0,0
2026-09-13T11:41:29+08:00,VideoCall·집 Ver.,0,0
2026-09-13T11:41:40+08:00,OffLine,0,0
2026-09-13T11:41:40+08:00,VideoCall·집 Ver.,0,0
2026-09-13T11:42:06+08:00,OffLine,0,0
2026-09-13T11:42:06+08:00,VideoCall·집 Ver.,0,0
2026-09-13T11:42:16+08:00,OffLine,0,0
2026-09-13T11:42:16+08:00,VideoCall·집 Ver.,0,0
2026-09-13T11:42:27+08:00,OffLine,0,0
2026-09-13T11:42:27+08:00,VideoCall·집 Ver.,0,0
2026-09-13T11:42:38+08:00,OffLine,0,0
2026-09-13T11:42:38+08:00,VideoCall·집 Ver.,0,0
2026-09-13T11:42:49+08:00,OffLine,0,0
2026-09-13T11:42:49+08:00,VideoCall·집 Ver.,0,0
2026-09-13T11:43:15+08:00,OffLine,0,0
2026-09-13T11:43:15+08:00,VideoCall·집 Ver.,0,0
2026-09-13T11:43:26+08:00,OffLine,0,0
2026-09-13T11:43:26+08:00,VideoCall·집 Ver.,0,0
2026-09-13T11:43:37+08:00,OffLine,0,0
2026-09-13T11:43:37+08:00,VideoCall·집 Ver.,0,0
2026-09-13T11:43:48+08:00,OffLine,0,0
2026-09-13T11:43:48+08:00,VideoCall·집 Ver.,0,0
2026-09-13T11:43:58+08:00,OffLine,0,0
2026-09-13T11:43:58+08:00,VideoCall·집 Ver.,0,0
2026-09-13T11:44:25+08:00,OffLine,0,0
2026-09-13T11:44:25+08:00,VideoCall·집 Ver.,0,0
2026-09-13T11:44:36+08:00,OffLine,0,0
2026-09-13T11:44:36+08:00,VideoCall·집 Ver.,0,0
2026-09-13T11:44:47+08:00,OffLine,0,0
2026-09-13T11:44:47+08:00,VideoCall·집 Ver.,0,0
2026-09-13T11:44:58+08:00,OffLine,0,0
2026-09-13T11:44:58+08:00,VideoCall·집 Ver.,0,0
2026-09-13T11:45:09+08:00,OffLine,0,0
2026-09-13T11:45:09+08:00,VideoCall·집 Ver.,0,0
2026-09-13T11:45:35+08:00,OffLine,0,0
2026-09-13T11:45:35+08:00,VideoCall·집 Ver.,0,0
2026-09-13T11:45:46+08:00,OffLine,0,0
2026-09-13T11:45:46+08:00,VideoCall·집 Ver.,0,0
2026-09-13T11:45:57+08:00,OffLine,0,0
2026-09-13T11:45:57+08:00,VideoCall·집 Ver.,0,0
2026-09-13T11:46:07+08:00,OffLine,0,0
2026-09-13T11:46:07+08:00,VideoCall·집 Ver.,0,0
2026-09-13T11:46:18+08:00,OffLine,0,0
2026-09-13T11:46:18+08:00,VideoCall·집 Ver.,0,0
2026-09-13T11:46:46+08:00,OffLine,0,0
2026-09-13T11:46:46+08:00,VideoCall·집 Ver.,0,0
2026-09-13T11:46:57+08:00,OffLine,0,0
2026-09-13T11:46:57+08:00,VideoCall·집 Ver.,0,0
2026-09-13T11:47:08+08:00,OffLine,0,0
2026-09-13T11:47:08+08:00,VideoCall·집 Ver.,0,0
2026-09-13T11:47:18+08:00,OffLine,0,0
2026-09-13T11:47:18+08:00,VideoCall·집 Ver.,0,0
2026-09-13T11:47:29+08:00,OffLine,0,0
2026-09-13T11:47:29+08:00,VideoCall·집 Ver.,0,0
2026-09-13T11:47:56+08:00,OffLine,0,0
2026-09-13T11:47:56+08:00,VideoCall·집 Ver.,0,0
2026-09-13T11:48:07+08:00,OffLine,0,0
2026-09-13T11:48:07+08:00,VideoCall·집 Ver.,0,0
2026-09-13T11:48:18+08:00,OffLine,0,0
2026-09-13T11:48:18+08:00,VideoCall·집 Ver.,0,0
2026-09-13T11:48:29+08:00,OffLine,0,0
2026-09-13T11:48:29+08:00,VideoCall·집 Ver.,0,0
2026-09-13T11:48:40+08:00,OffLine,0,0
2026-09-13T11:48:40+08:00,VideoCall·집 Ver.,0,0
2026-09-13T11:49:08+08:00,OffLine,0,0
2026-09-13T11:49:08+08:00,VideoCall·집 Ver.,0,0
2026-09-13T11:49:19+08:00,OffLine,0,0
2026-09-13T11:49:19+08:00,VideoCall·집 Ver.,0,0
2026-09-13T11:49:30+08:00,OffLine,0,0
2026-09-13T11:49:30+08:00,VideoCall·집 Ver.,0,0
2026-09-13T11:49:40+08:00,OffLine,0,0
2026-09-13T11:49:40+08:00,VideoCall·집 Ver.,0,0
2026-09-13T11:49:51+08:00,OffLine,0,0
2026-09-13T11:49:51+08:00,VideoCall·집 Ver.,0,0
2026-09-13T11:50:18+08:00,OffLine,0,0
2026-09-13T11:50:18+08:00,VideoCall·집 Ver.,0,0
2026-09-13T11:50:29+08:00,OffLine,0,0
2026-09-13T11:50:29+08:00,VideoCall·집 Ver.,0,0
2026-09-13T11:50:39+08:00,OffLine,0,0
2026-09-13T11:50:39+08:00,VideoCall·집 Ver.,0,0
2026-09-13T11:50:51+08:00,OffLine,0,0
2026-09-13T11:50:51+08:00,VideoCall·집 Ver.,0,0
2026-09-13T11:51:02+08:00,OffLine,0,0
2026-09-13T11:51:02+08:00,VideoCall·집 Ver.,0,0
2026-09-13T11:51:28+08:00,OffLine,0,0
2026-09-13T11:51:28+08:00,VideoCall·집 Ver.,0,0
2026-09-13T11:51:39+08:00,OffLine,0,0
2026-09-13T11:51:39+08:00,VideoCall·집 Ver.,0,0
2026-09-13T11:51:50+08:00,OffLine,0,0
2026-09-13T11:51:50+08:00,VideoCall·집 Ver.,0,0
2026-09-13T11:52:00+08:00,OffLine,0,0
2026-09-13T11:52:00+08:00,VideoCall·집 Ver.,0,0
2026-09-13T11:52:11+08:00,OffLine,0,0
2026-09-13T11:52:11+08:00,VideoCall·집 Ver.,0,0
2026-09-13T11:52:38+08:00,OffLine,0,0
2026-09-13T11:52:38+08:00,VideoCall·집 Ver.,0,0
2026-09-13T11:52:49+08:00,OffLine,0,0
2026-09-13T11:52:49+08:00,VideoCall·집 Ver.,0,0
2026-09-13T11:53:00+08:00,OffLine,0,0
2026-09-13T11:53:00+08:00,VideoCall·집 Ver.,0,0
2026-09-13T11:53:11+08:00,OffLine,0,0
2026-09-13T11:53:11+08:00,VideoCall·집 Ver.,0,0
2026-09-13T11:53:23+08:00,OffLine,0,0
2026-09-13T11:53:23+08:00,VideoCall·집 Ver.,0,0
2026-09-13T11:53:49+08:00,OffLine,0,0
2026-09-13T11:53:49+08:00,VideoCall·집 Ver.,0,0
2026-09-13T11:53:59+08:00,OffLine,0,0
2026-09-13T11:53:59+08:00,VideoCall·집 Ver.,0,0
2026-09-13T11:54:11+08:00,OffLine,0,0
2026-09-13T11:54:11+08:00,VideoCall·집 Ver.,0,0
2026-09-13T11:54:22+08:00,OffLine,0,0
2026-09-13T11:54:22+08:00,VideoCall·집 Ver.,0,0
2026-09-13T11:54:33+08:00,OffLine,0,0
2026-09-13T11:54:33+08:00,VideoCall·집 Ver.,0,0
2026-09-13T11:54:58+08:00,OffLine,0,0
2026-09-13T11:54:58+08:00,VideoCall·집 Ver.,0,0
2026-09-13T11:55:10+08:00,OffLine,0,0
2026-09-13T11:55:10+08:00,VideoCall·집 Ver.,0,0
2026-09-13T11:55:21+08:00,OffLine,0,0
2026-09-13T11:55:21+08:00,VideoCall·집 Ver.,0,0
2026-09-13T11:55:31+08:00,OffLine,0,0
2026-09-13T11:55:31+08:00,VideoCall·집 Ver.,0,0
2026-09-13T11:55:42+08:00,OffLine,0,0
2026-09-13T11:55:42+08:00,VideoCall·집 Ver.,0,0
2026-09-13T11:56:08+08:00,OffLine,0,0
2026-09-13T11:56:08+08:00,VideoCall·집 Ver.,0,0
2026-09-13T11:56:19+08:00,OffLine,0,0
2026-09-13T11:56:19+08:00,VideoCall·집 Ver.,0,0
2026-09-13T11:56:30+08:00,OffLine,0,0
2026-09-13T11:56:30+08:00,VideoCall·집 Ver.,0,0
2026-09-13T11:56:40+08:00,OffLine,0,0
2026-09-13T11:56:40+08:00,VideoCall·집 Ver.,0,0
2026-09-13T11:56:51+08:00,OffLine,0,0
2026-09-13T11:56:51+08:00,VideoCall·집 Ver.,0,0
2026-09-13T11:57:19+08:00,OffLine,0,0
2026-09-13T11:57:19+08:00,VideoCall·집 Ver.,0,0
2026-09-13T11:57:30+08:00,OffLine,0,0
2026-09-13T11:57:30+08:00,VideoCall·집 Ver.,0,0
2026-09-13T11:57:40+08:00,OffLine,0,0
2026-09-13T11:57:40+08:00,VideoCall·집 Ver.,0,0
2026-09-13T11:57:51+08:00,OffLine,0,0
2026-09-13T11:57:51+08:00,VideoCall·집 Ver.,0,0
2026-09-13T11:58:02+08:00,OffLine,0,0
2026-09-13T11:58:02+08:00,VideoCall·집 Ver.,0,0
2026-09-13T11:58:29+08:00,OffLine,0,0
2026-09-13T11:58:29+08:00,VideoCall·집 Ver.,0,0
2026-09-13T11:58:40+08:00,OffLine,0,0
2026-09-13T11:58:40+08:00,VideoCall·집 Ver.,0,0
2026-09-13T11:58:51+08:00,OffLine,0,0
2026-09-13T11:58:51+08:00,VideoCall·집 Ver.,0,0
2026-09-13T11:59:02+08:00,OffLine,0,0
2026-09-13T11:59:02+08:00,VideoCall·집 Ver.,0,0
2026-09-13T11:59:13+08:00,OffLine,0,0
2026-09-13T11:59:13+08:00,VideoCall·집 Ver.,0,0
2026-09-13T11:59:39+08:00,OffLine,0,0
2026-09-13T11:59:39+08:00,VideoCall·집 Ver.,0,0
2026-09-13T11:59:50+08:00,OffLine,0,0
2026-09-13T11:59:50+08:00,VideoCall·집 Ver.,0,0
2026-09-13T12:00:00+08:00,OffLine,0,0
2026-09-13T12:00:00+08:00,VideoCall·집 Ver.,0,0
2026-09-13T12:00:11+08:00,OffLine,0,0
2026-09-13T12:00:11+08:00,VideoCall·집 Ver.,0,0
2026-09-13T12:00:22+08:00,OffLine,0,0
2026-09-13T12:00:22+08:00,VideoCall·집 Ver.,0,0
2026-09-13T12:00:32+08:00,OffLine,0,0
2026-09-13T12:00:32+08:00,VideoCall·집 Ver.,0,0
2026-09-13T12:00:58+08:00,OffLine,0,0
2026-09-13T12:00:58+08:00,VideoCall·집 Ver.,0,0
2026-09-13T12:01:09+08:00,OffLine,0,0
2026-09-13T12:01:09+08:00,VideoCall·집 Ver.,0,0
2026-09-13T12:01:20+08:00,OffLine,0,0
2026-09-13T12:01:20+08:00,VideoCall·집 Ver.,0,0
2026-09-13T12:01:31+08:00,OffLine,0,0
2026-09-13T12:01:31+08:00,VideoCall·집 Ver.,0,0
2026-09-13T12:01:42+08:00,OffLine,0,0
2026-09-13T12:01:42+08:00,VideoCall·집 Ver.,0,0
2026-09-13T12:02:08+08:00,OffLine,0,0
2026-09-13T12:02:08+08:00,VideoCall·집 Ver.,0,0
2026-09-13T12:02:19+08:00,OffLine,0,0
2026-09-13T12:02:19+08:00,VideoCall·집 Ver.,0,0
2026-09-13T12:02:30+08:00,OffLine,0,0
2026-09-13T12:02:30+08:00,VideoCall·집 Ver.,0,0
2026-09-13T12:02:42+08:00,OffLine,0,0
2026-09-13T12:02:42+08:00,VideoCall·집 Ver.,0,0
2026-09-13T12:02:53+08:00,OffLine,0,0
2026-09-13T12:02:53+08:00,VideoCall·집 Ver.,0,0
2026-09-13T12:03:19+08:00,OffLine,0,0
2026-09-13T12:03:19+08:00,VideoCall·집 Ver.,0,0
2026-09-13T12:03:29+08:00,OffLine,0,0
2026-09-13T12:03:29+08:00,VideoCall·집 Ver.,0,0
2026-09-13T12:03:40+08:00,OffLine,0,0
2026-09-13T12:03:40+08:00,VideoCall·집 Ver.,0,0
2026-09-13T12:03:51+08:00,OffLine,0,0
2026-09-13T12:03:51+08:00,VideoCall·집 Ver.,0,0
2026-09-13T12:04:02+08:00,OffLine,0,0
2026-09-13T12:04:02+08:00,VideoCall·집 Ver.,0,0
2026-09-13T12:04:29+08:00,OffLine,0,0
2026-09-13T12:04:29+08:00,VideoCall·집 Ver.,0,0
2026-09-13T12:04:39+08:00,OffLine,0,0
2026-09-13T12:04:39+08:00,VideoCall·집 Ver.,0,0
2026-09-13T12:04:50+08:00,OffLine,0,0
2026-09-13T12:04:50+08:00,VideoCall·집 Ver.,0,0
2026-09-13T12:05:01+08:00,OffLine,0,0
2026-09-13T12:05:01+08:00,VideoCall·집 Ver.,0,0
2026-09-13T12:05:12+08:00,OffLine,0,0
2026-09-13T12:05:12+08:00,VideoCall·집 Ver.,0,0
2026-09-13T12:05:39+08:00,OffLine,0,0
2026-09-13T12:05:39+08:00,VideoCall·집 Ver.,0,0
2026-09-13T12:05:50+08:00,OffLine,0,0
2026-09-13T12:05:50+08:00,VideoCall·집 Ver.,0,0
2026-09-13T12:06:02+08:00,OffLine,0,0
2026-09-13T12:06:02+08:00,VideoCall·집 Ver.,0,0
2026-09-13T12:06:12+08:00,OffLine,0,0
2026-09-13T12:06:12+08:00,VideoCall·집 Ver.,0,0
2026-09-13T12:06:23+08:00,OffLine,0,0
2026-09-13T12:06:23+08:00,VideoCall·집 Ver.,0,0
2026-09-13T12:06:49+08:00,OffLine,0,0
2026-09-13T12:06:49+08:00,VideoCall·집 Ver.,0,0
2026-09-13T12:07:00+08:00,OffLine,0,0
2026-09-13T12:07:00+08:00,VideoCall·집 Ver.,0,0
2026-09-13T12:07:11+08:00,OffLine,0,0
2026-09-13T12:07:11+08:00,VideoCall·집 Ver.,0,0
2026-09-13T12:07:22+08:00,OffLine,0,0
2026-09-13T12:07:22+08:00,VideoCall·집 Ver.,0,0
2026-09-13T12:07:33+08:00,OffLine,0,0
2026-09-13T12:07:33+08:00,VideoCall·집 Ver.,0,0
2026-09-13T12:07:59+08:00,OffLine,0,0
2026-09-13T12:07:59+08:00,VideoCall·집 Ver.,0,0
2026-09-13T12:08:10+08:00,OffLine,0,0
2026-09-13T12:08:10+08:00,VideoCall·집 Ver.,0,0
2026-09-13T12:08:21+08:00,OffLine,0,0
2026-09-13T12:08:21+08:00,VideoCall·집 Ver.,0,0
2026-09-13T12:08:31+08:00,OffLine,0,0
2026-09-13T12:08:31+08:00,VideoCall·집 Ver.,0,0
2026-09-13T12:08:42+08:00,OffLine,0,0
2026-09-13T12:08:42+08:00,VideoCall·집 Ver.,0,0
2026-09-13T12:09:10+08:00,OffLine,0,0
2026-09-13T12:09:10+08:00,VideoCall·집 Ver.,0,0
2026-09-13T12:09:21+08:00,OffLine,0,0
2026-09-13T12:09:21+08:00,VideoCall·집 Ver.,0,0
2026-09-13T12:09:32+08:00,OffLine,0,0
2026-09-13T12:09:32+08:00,VideoCall·집 Ver.,0,0
2026-09-13T12:09:43+08:00,OffLine,0,0
2026-09-13T12:09:43+08:00,VideoCall·집 Ver.,0,0
2026-09-13T12:09:54+08:00,OffLine,0,0
2026-09-13T12:09:54+08:00,VideoCall·집 Ver.,0,0
2026-09-13T12:10:21+08:00,OffLine,0,0
2026-09-13T12:10:21+08:00,VideoCall·집 Ver.,0,0
2026-09-13T12:10:32+08:00,OffLine,0,0
2026-09-13T12:10:32+08:00,VideoCall·집 Ver.,0,0
2026-09-13T12:10:43+08:00,OffLine,0,0
2026-09-13T12:10:43+08:00,VideoCall·집 Ver.,0,0
2026-09-13T12:10:54+08:00,OffLine,0,0
2026-09-13T12:10:54+08:00,VideoCall·집 Ver.,0,0
2026-09-13T12:11:05+08:00,OffLine,0,0
2026-09-13T12:11:05+08:00,VideoCall·집 Ver.,0,0
2026-09-13T12:11:31+08:00,OffLine,0,0
2026-09-13T12:11:31+08:00,VideoCall·집 Ver.,0,0
2026-09-13T13:46:41+08:00,OffLine,0,0
2026-09-13T13:46:41+08:00,VideoCall·집 Ver.,0,0
2026-09-13T13:46:52+08:00,OffLine,0,0
2026-09-13T13:46:52+08:00,VideoCall·집 Ver.,0,0
2026-09-13T13:47:03+08:00,OffLine,0,0
2026-09-13T13:47:03+08:00,VideoCall·집 Ver.,0,0
2026-09-13T13:47:13+08:00,OffLine,0,0
2026-09-13T13:47:13+08:00,VideoCall·집 Ver.,0,0
2026-09-13T13:47:23+08:00,OffLine,0,0
2026-09-13T13:47:23+08:00,VideoCall·집 Ver.,0,0
2026-09-13T13:47:34+08:00,OffLine,0,0
2026-09-13T13:47:34+08:00,VideoCall·집 Ver.,0,0
2026-09-13T13:47:44+08:00,OffLine,0,0
2026-09-13T13:47:44+08:00,VideoCall·집 Ver.,0,0
2026-09-13T13:48:07+08:00,OffLine,0,0
2026-09-13T13:48:07+08:00,VideoCall·집 Ver.,0,0
2026-09-13T13:48:18+08:00,OffLine,0,0
2026-09-13T13:48:18+08:00,VideoCall·집 Ver.,0,0
2026-09-13T13:48:29+08:00,OffLine,0,0
2026-09-13T13:48:29+08:00,VideoCall·집 Ver.,0,0
2026-09-13T13:48:40+08:00,OffLine,0,0
2026-09-13T13:48:40+08:00,VideoCall·집 Ver.,0,0
2026-09-13T13:48:50+08:00,OffLine,0,0
2026-09-13T13:48:50+08:00,VideoCall·집 Ver.,0,0
2026-09-13T13:49:00+08:00,OffLine,0,0
2026-09-13T13:49:00+08:00,VideoCall·집 Ver.,0,0
2026-09-13T13:49:24+08:00,OffLine,0,0
2026-09-13T13:49:24+08:00,VideoCall·집 Ver.,0,0
2026-09-13T13:49:34+08:00,OffLine,0,0
2026-09-13T13:49:34+08:00,VideoCall·집 Ver.,0,0
2026-09-13T13:49:45+08:00,OffLine,0,0
2026-09-13T13:49:45+08:00,VideoCall·집 Ver.,0,0
2026-09-13T13:49:56+08:00,OffLine,0,0
2026-09-13T13:49:56+08:00,VideoCall·집 Ver.,0,0
2026-09-13T13:50:07+08:00,OffLine,0,0
2026-09-13T13:50:07+08:00,VideoCall·집 Ver.,0,0
2026-09-13T13:50:18+08:00,OffLine,0,0
2026-09-13T13:50:18+08:00,VideoCall·집 Ver.,0,0
2026-09-13T13:50:41+08:00,OffLine,0,0
2026-09-13T13:50:41+08:00,VideoCall·집 Ver.,0,0
2026-09-13T13:50:52+08:00,OffLine,0,0
2026-09-13T13:50:52+08:00,VideoCall·집 Ver.,0,0
2026-09-13T13:51:02+08:00,OffLine,0,0
2026-09-13T13:51:02+08:00,VideoCall·집 Ver.,0,0
2026-09-13T13:51:13+08:00,OffLine,0,0
2026-09-13T13:51:13+08:00,VideoCall·집 Ver.,0,0
2026-09-13T13:51:24+08:00,OffLine,0,0
2026-09-13T13:51:24+08:00,VideoCall·집 Ver.,0,0
2026-09-13T13:51:34+08:00,OffLine,0,0
2026-09-13T13:51:34+08:00,VideoCall·집 Ver.,0,0
2026-09-13T13:51:57+08:00,OffLine,0,0
2026-09-13T13:51:57+08:00,VideoCall·집 Ver.,0,0
2026-09-13T13:52:08+08:00,OffLine,0,0
2026-09-13T13:52:08+08:00,VideoCall·집 Ver.,0,0
2026-09-13T13:52:19+08:00,OffLine,0,0
2026-09-13T13:52:19+08:00,VideoCall·집 Ver.,0,0
2026-09-13T13:52:29+08:00,OffLine,0,0
2026-09-13T13:52:29+08:00,VideoCall·집 Ver.,0,0
2026-09-13T13:52:40+08:00,OffLine,0,0
2026-09-13T13:52:40+08:00,VideoCall·집 Ver.,0,0
2026-09-13T13:52:51+08:00,OffLine,0,0
2026-09-13T13:52:51+08:00,VideoCall·집 Ver.,0,0
2026-09-13T13:53:13+08:00,OffLine,0,0
2026-09-13T13:53:13+08:00,VideoCall·집 Ver.,0,0
2026-09-13T13:53:25+08:00,OffLine,0,0
2026-09-13T13:53:25+08:00,VideoCall·집 Ver.,0,0
2026-09-13T13:53:35+08:00,OffLine,0,0
2026-09-13T13:53:35+08:00,VideoCall·집 Ver.,0,0
2026-09-13T13:53:46+08:00,OffLine,0,0
2026-09-13T13:53:46+08:00,VideoCall·집 Ver.,0,0
2026-09-13T13:53:57+08:00,OffLine,0,0
2026-09-13T13:53:57+08:00,VideoCall·집 Ver.,0,0
2026-09-13T13:54:07+08:00,OffLine,0,0
2026-09-13T13:54:07+08:00,VideoCall·집 Ver.,0,0
2026-09-13T13:54:30+08:00,OffLine,0,0
2026-09-13T13:54:30+08:00,VideoCall·집 Ver.,0,0
2026-09-13T13:54:41+08:00,OffLine,0,0
2026-09-13T13:54:41+08:00,VideoCall·집 Ver.,0,0
2026-09-13T13:54:51+08:00,OffLine,0,0
2026-09-13T13:54:51+08:00,VideoCall·집 Ver.,0,0
2026-09-13T13:55:02+08:00,OffLine,0,0
2026-09-13T13:55:02+08:00,VideoCall·집 Ver.,0,0
2026-09-13T13:55:12+08:00,OffLine,0,0
2026-09-13T13:55:12+08:00,VideoCall·집 Ver.,0,0
2026-09-13T13:55:22+08:00,OffLine,0,0
2026-09-13T13:55:22+08:00,VideoCall·집 Ver.,0,0
2026-09-13T13:55:46+08:00,OffLine,0,0
2026-09-13T13:55:46+08:00,VideoCall·집 Ver.,0,0
2026-09-13T13:55:56+08:00,OffLine,0,0
2026-09-13T13:55:56+08:00,VideoCall·집 Ver.,0,0
2026-09-13T13:56:07+08:00,OffLine,0,0
2026-09-13T13:56:07+08:00,VideoCall·집 Ver.,0,0
2026-09-13T13:56:18+08:00,OffLine,0,0
2026-09-13T13:56:18+08:00,VideoCall·집 Ver.,0,0
2026-09-13T13:56:28+08:00,OffLine,0,0
2026-09-13T13:56:28+08:00,VideoCall·집 Ver.,0,0
2026-09-13T13:56:38+08:00,OffLine,0,0
2026-09-13T13:56:38+08:00,VideoCall·집 Ver.,0,0
2026-09-13T13:57:01+08:00,OffLine,0,0
2026-09-13T13:57:01+08:00,VideoCall·집 Ver.,0,0
2026-09-13T13:57:12+08:00,OffLine,0,0
2026-09-13T13:57:12+08:00,VideoCall·집 Ver.,0,0
2026-09-13T13:57:22+08:00,OffLine,0,0
2026-09-13T13:57:22+08:00,VideoCall·집 Ver.,0,0
2026-09-13T13:57:33+08:00,OffLine,0,0
2026-09-13T13:57:33+08:00,VideoCall·집 Ver.,0,0
2026-09-13T13:57:44+08:00,OffLine,0,0
2026-09-13T13:57:44+08:00,VideoCall·집 Ver.,0,0
2026-09-13T13:57:54+08:00,OffLine,0,0
2026-09-13T13:57:54+08:00,VideoCall·집 Ver.,0,0
2026-09-13T13:58:18+08:00,OffLine,0,0
2026-09-13T13:58:18+08:00,VideoCall·집 Ver.,0,0
2026-09-13T13:58:29+08:00,OffLine,0,0
2026-09-13T13:58:29+08:00,VideoCall·집 Ver.,0,0
2026-09-13T13:58:40+08:00,OffLine,0,0
2026-09-13T13:58:40+08:00,VideoCall·집 Ver.,0,0
2026-09-13T13:58:50+08:00,OffLine,0,0
2026-09-13T13:58:50+08:00,VideoCall·집 Ver.,0,0
2026-09-13T13:59:01+08:00,OffLine,0,0
2026-09-13T13:59:01+08:00,VideoCall·집 Ver.,0,0
2026-09-13T13:59:11+08:00,OffLine,0,0
2026-09-13T13:59:11+08:00,VideoCall·집 Ver.,0,0
2026-09-13T13:59:36+08:00,OffLine,0,0
2026-09-13T13:59:36+08:00,VideoCall·집 Ver.,0,0
2026-09-13T13:59:46+08:00,OffLine,0,0
2026-09-13T13:59:46+08:00,VideoCall·집 Ver.,0,0
2026-09-13T13:59:57+08:00,OffLine,0,0
2026-09-13T13:59:57+08:00,VideoCall·집 Ver.,0,0
2026-09-13T14:00:07+08:00,OffLine,0,0
2026-09-13T14:00:07+08:00,VideoCall·집 Ver.,0,0
2026-09-13T14:00:18+08:00,OffLine,0,0
2026-09-13T14:00:18+08:00,VideoCall·집 Ver.,0,0
2026-09-13T14:00:29+08:00,OffLine,0,0
2026-09-13T14:00:29+08:00,VideoCall·집 Ver.,0,0
2026-09-13T14:00:52+08:00,OffLine,0,0
2026-09-13T14:00:52+08:00,VideoCall·집 Ver.,0,0
2026-09-13T14:01:03+08:00,OffLine,0,0
2026-09-13T14:01:03+08:00,VideoCall·집 Ver.,0,0
2026-09-13T14:01:14+08:00,OffLine,0,0
2026-09-13T14:01:14+08:00,VideoCall·집 Ver.,0,0
2026-09-13T14:01:24+08:00,OffLine,0,0
2026-09-13T14:01:24+08:00,VideoCall·집 Ver.,0,0
2026-09-13T14:01:35+08:00,OffLine,0,0
2026-09-13T14:01:35+08:00,VideoCall·집 Ver.,0,0
2026-09-13T14:01:45+08:00,OffLine,0,0
2026-09-13T14:01:45+08:00,VideoCall·집 Ver.,0,0
2026-09-13T14:02:08+08:00,OffLine,0,0
2026-09-13T14:02:08+08:00,VideoCall·집 Ver.,0,0
2026-09-13T14:02:19+08:00,OffLine,0,0
2026-09-13T14:02:19+08:00,VideoCall·집 Ver.,0,0
2026-09-13T14:02:29+08:00,OffLine,0,0
2026-09-13T14:02:29+08:00,VideoCall·집 Ver.,0,0
2026-09-13T14:02:39+08:00,OffLine,0,0
2026-09-13T14:02:39+08:00,VideoCall·집 Ver.,0,0
2026-09-13T14:02:50+08:00,OffLine,0,0
2026-09-13T14:02:50+08:00,VideoCall·집 Ver.,0,0
2026-09-13T14:03:01+08:00,OffLine,0,0
2026-09-13T14:03:01+08:00,VideoCall·집 Ver.,0,0
